machine_id,timestamp,temperature,pressure,vibration,rpm,voltage,current,humidity,load,maintenance_history,failure_log,operating_hours,risk_score,failure_label,health_score,remaining_useful_life,recommended_action,failure_type
M-001,2024-01-01 00:00:00,102.636,92.541,9.016,1575.277,224.26,95.38,34.01,100.0,107.0,1,0.0,0.82,1,3.0,0,Immediate Repair,Bearing Failure
M-001,2024-01-01 00:15:00,99.89,91.782,6.499,1675.696,226.5,89.89,37.65,100.0,106.0,1,0.25,0.82,1,3.0,0,Immediate Repair,Overheating
M-001,2024-01-01 00:30:00,102.117,93.554,8.071,1795.789,225.87,89.393,34.878,100.0,105.0,1,0.5,0.82,1,3.0,0,Immediate Repair,Bearing Failure
M-001,2024-01-01 00:45:00,105.734,91.941,6.306,1449.623,229.166,98.271,43.017,92.697,104.0,1,0.75,0.82,1,3.0,0,Immediate Repair,Overheating
M-001,2024-01-01 01:00:00,102.709,92.587,7.804,1662.856,228.011,97.911,40.159,100.0,103.0,1,1.0,0.82,1,3.0,0,Immediate Repair,Overheating
M-001,2024-01-01 01:15:00,104.865,87.806,7.065,1511.504,225.549,91.322,48.718,93.007,102.0,1,1.25,0.82,1,3.0,0,Immediate Repair,Overheating
M-001,2024-01-01 01:30:00,106.77,87.056,7.059,1597.068,229.349,98.317,44.501,99.317,101.0,1,1.5,0.82,1,3.0,0,Immediate Repair,Overheating
M-001,2024-01-01 01:45:00,101.602,94.593,7.275,1433.954,224.316,86.992,42.716,100.0,100.0,1,1.75,0.82,1,3.0,0,Immediate Repair,Overheating
M-001,2024-01-01 02:00:00,106.763,90.64,7.779,1671.501,226.912,96.716,35.752,100.0,99.0,1,2.0,0.82,1,3.0,0,Immediate Repair,Overheating
M-001,2024-01-01 02:15:00,103.019,88.224,8.254,1549.377,228.002,96.974,42.393,100.0,98.0,1,2.25,0.82,1,3.0,0,Immediate Repair,Bearing Failure
M-001,2024-01-01 02:30:00,104.693,90.419,7.476,1412.367,223.748,84.439,33.718,100.0,97.0,1,2.5,0.82,1,3.0,0,Immediate Repair,Overheating
M-001,2024-01-01 02:45:00,102.0,90.42,9.421,1581.089,230.426,87.253,38.456,98.715,96.0,1,2.75,0.82,1,3.0,0,Immediate Repair,Bearing Failure
M-001,2024-01-01 03:00:00,104.795,93.93,5.5,1684.805,229.05,89.719,30.999,100.0,95.0,1,3.0,0.82,1,3.0,0,Immediate Repair,Overheating
M-001,2024-01-01 03:15:00,104.555,91.95,7.663,1833.545,227.742,86.804,40.735,100.0,94.0,1,3.25,0.82,1,3.0,0,Immediate Repair,Overheating
M-001,2024-01-01 03:30:00,112.625,93.589,8.147,1825.397,225.016,89.58,34.084,100.0,93.0,1,3.5,0.82,1,3.0,0,Immediate Repair,Bearing Failure
M-001,2024-01-01 03:45:00,102.19,92.811,7.351,1481.572,225.658,96.343,44.654,100.0,92.0,1,3.75,0.82,1,3.0,0,Immediate Repair,Overheating
M-001,2024-01-01 04:00:00,119.852,91.96,6.292,1410.277,229.63,88.548,37.114,100.0,91.0,1,4.0,0.82,1,3.0,0,Immediate Repair,Overheating
M-001,2024-01-01 04:15:00,108.124,93.716,7.912,1654.913,225.842,82.606,36.668,100.0,90.0,1,4.25,0.82,1,3.0,0,Immediate Repair,Overheating
M-001,2024-01-01 04:30:00,116.241,90.701,9.083,1621.623,225.515,87.663,35.214,100.0,89.0,1,4.5,0.82,1,3.0,0,Immediate Repair,Bearing Failure
M-001,2024-01-01 04:45:00,106.356,92.61,6.458,1800.665,230.345,93.412,39.298,100.0,88.0,1,4.75,0.82,1,3.0,0,Immediate Repair,Overheating
M-001,2024-01-01 05:00:00,111.889,88.505,6.022,1542.6,229.827,105.652,40.479,100.0,87.0,1,5.0,0.82,1,3.0,0,Immediate Repair,Overheating
M-001,2024-01-01 05:15:00,111.7,93.555,8.06,1653.445,232.748,97.69,48.708,100.0,86.0,1,5.25,0.82,1,3.0,0,Immediate Repair,Bearing Failure
M-001,2024-01-01 05:30:00,106.1,85.293,10.079,1916.117,229.009,92.096,48.237,100.0,85.0,1,5.5,0.82,1,3.0,0,Immediate Repair,Bearing Failure
M-001,2024-01-01 05:45:00,107.849,91.08,7.23,1714.891,229.175,97.231,47.886,100.0,84.0,1,5.75,0.82,1,3.0,0,Immediate Repair,Overheating
M-001,2024-01-01 06:00:00,114.422,82.747,7.729,1620.243,226.126,88.811,37.408,100.0,83.0,1,6.0,0.82,1,3.0,0,Immediate Repair,Overheating
M-001,2024-01-01 06:15:00,106.947,88.731,7.135,1687.723,232.907,98.815,47.407,100.0,82.0,1,6.25,0.82,1,3.0,0,Immediate Repair,Overheating
M-001,2024-01-01 06:30:00,109.862,87.704,8.167,1753.525,226.762,95.772,40.722,100.0,81.0,1,6.5,0.82,1,3.0,0,Immediate Repair,Bearing Failure
M-001,2024-01-01 06:45:00,120.534,85.547,7.44,1561.687,228.358,97.438,46.556,100.0,80.0,1,6.75,0.82,1,3.0,0,Immediate Repair,Overheating
M-001,2024-01-01 07:00:00,110.777,81.393,7.63,1614.438,228.655,89.18,38.722,100.0,79.0,1,7.0,0.82,1,3.0,0,Immediate Repair,Overheating
M-001,2024-01-01 07:15:00,107.879,93.947,6.07,1614.598,235.868,115.744,32.224,100.0,78.0,1,7.25,0.82,1,3.0,0,Immediate Repair,Overheating
M-001,2024-01-01 07:30:00,115.453,92.467,6.506,1720.713,232.802,98.542,36.962,100.0,77.0,1,7.5,0.82,1,3.0,0,Immediate Repair,Overheating
M-001,2024-01-01 07:45:00,108.912,86.287,7.529,1781.584,228.915,98.889,45.259,100.0,76.0,1,7.75,0.82,1,3.0,0,Immediate Repair,Overheating
M-001,2024-01-01 08:00:00,116.129,86.879,7.918,1670.353,231.641,94.997,51.704,100.0,75.0,1,8.0,0.82,1,3.0,0,Immediate Repair,Overheating
M-001,2024-01-01 08:15:00,116.561,84.148,6.375,1902.727,231.589,99.129,28.639,100.0,74.0,1,8.25,0.82,1,3.0,0,Immediate Repair,Overheating
M-001,2024-01-01 08:30:00,117.116,82.823,7.287,1793.915,231.067,93.813,38.446,100.0,73.0,1,8.5,0.82,1,3.0,0,Immediate Repair,Overheating
M-001,2024-01-01 08:45:00,116.173,90.286,5.5,1735.95,231.547,98.02,36.795,100.0,72.0,1,8.75,0.82,1,3.0,0,Immediate Repair,Overheating
M-001,2024-01-01 09:00:00,117.123,90.773,5.83,1869.758,230.139,95.609,32.668,100.0,71.0,1,9.0,0.82,1,3.0,0,Immediate Repair,Overheating
M-001,2024-01-01 09:15:00,121.244,87.059,10.418,1908.733,232.547,108.336,41.576,100.0,70.0,1,9.25,0.9136,1,0.0,0,Immediate Repair,Bearing Failure
M-001,2024-01-01 09:30:00,115.074,85.234,7.031,1887.155,227.799,101.695,37.755,100.0,69.0,1,9.5,0.82,1,3.0,0,Immediate Repair,Overheating
M-001,2024-01-01 09:45:00,119.464,90.221,9.045,1580.338,231.237,88.104,35.745,100.0,68.0,1,9.75,0.82,1,3.0,0,Immediate Repair,Bearing Failure
M-001,2024-01-01 10:00:00,119.194,82.392,6.618,1773.11,227.89,91.7,40.681,100.0,67.0,1,10.0,0.82,1,3.0,0,Immediate Repair,Overheating
M-001,2024-01-01 10:15:00,119.245,77.348,8.478,1777.627,232.883,107.802,26.382,100.0,66.0,1,10.25,0.821,1,2.898,0,Immediate Repair,Bearing Failure
M-001,2024-01-01 10:30:00,119.323,79.215,10.134,1812.608,234.281,92.582,43.597,100.0,65.0,1,10.5,0.82,1,3.0,0,Immediate Repair,Bearing Failure
M-001,2024-01-01 10:45:00,118.023,84.406,8.461,1663.842,231.397,95.601,40.966,100.0,64.0,1,10.75,0.82,1,3.0,0,Immediate Repair,Bearing Failure
M-001,2024-01-01 11:00:00,112.972,83.077,10.171,1676.868,229.47,98.175,43.682,100.0,63.0,1,11.0,0.82,1,3.0,0,Immediate Repair,Bearing Failure
M-001,2024-01-01 11:15:00,122.619,85.778,9.291,1830.866,239.016,95.412,26.544,100.0,62.0,1,11.25,0.82,1,3.0,0,Immediate Repair,Bearing Failure
M-001,2024-01-01 11:30:00,115.552,83.294,9.961,1569.997,228.373,85.729,33.749,100.0,61.0,1,11.5,0.82,1,3.0,0,Immediate Repair,Bearing Failure
M-001,2024-01-01 11:45:00,119.541,83.569,6.165,1482.577,232.385,93.726,41.218,100.0,60.0,1,11.75,0.82,1,3.0,0,Immediate Repair,Overheating
M-001,2024-01-01 12:00:00,118.042,84.799,8.478,1820.548,230.2,95.861,39.589,100.0,59.0,1,12.0,0.82,1,3.0,0,Immediate Repair,Bearing Failure
M-001,2024-01-01 12:15:00,115.941,83.868,7.8,1739.619,234.893,83.257,30.575,99.498,58.0,1,12.25,0.82,1,3.0,0,Immediate Repair,Overheating
M-001,2024-01-01 12:30:00,108.19,80.065,9.237,1715.96,233.088,104.923,46.265,100.0,57.0,1,12.5,0.82,1,3.0,0,Immediate Repair,Bearing Failure
M-001,2024-01-01 12:45:00,122.93,82.181,7.03,1674.884,228.141,91.171,36.095,100.0,56.0,1,12.75,0.82,1,3.0,0,Immediate Repair,Overheating
M-001,2024-01-01 13:00:00,124.372,77.573,8.767,1617.062,234.093,96.561,27.201,100.0,55.0,1,13.0,0.82,1,3.0,0,Immediate Repair,Bearing Failure
M-001,2024-01-01 13:15:00,115.025,79.943,6.735,1658.786,234.038,96.244,40.101,100.0,54.0,1,13.25,0.82,1,3.0,0,Immediate Repair,Overheating
M-001,2024-01-01 13:30:00,122.665,80.352,6.18,1860.403,231.844,105.461,40.37,100.0,53.0,1,13.5,0.82,1,3.0,0,Immediate Repair,Overheating
M-001,2024-01-01 13:45:00,118.698,87.08,11.17,1735.369,233.401,105.282,32.937,100.0,52.0,1,13.75,0.9019,1,0.0,0,Immediate Repair,Bearing Failure
M-001,2024-01-01 14:00:00,117.102,82.027,7.111,1530.682,226.783,90.017,35.199,100.0,51.0,1,14.0,0.82,1,3.0,0,Immediate Repair,Overheating
M-001,2024-01-01 14:15:00,124.84,84.273,6.945,1757.23,231.86,95.938,39.002,100.0,50.0,1,14.25,0.82,1,3.0,0,Immediate Repair,Overheating
M-001,2024-01-01 14:30:00,115.602,84.028,6.709,1710.038,240.952,99.58,46.427,100.0,49.0,1,14.5,0.82,1,3.0,0,Immediate Repair,Overheating
M-001,2024-01-01 14:45:00,119.133,80.56,8.084,1609.219,234.526,92.148,41.759,100.0,48.0,1,14.75,0.82,1,3.0,0,Immediate Repair,Bearing Failure
M-001,2024-01-01 15:00:00,118.11,79.778,8.973,1658.912,236.116,85.379,35.689,83.646,47.0,1,15.0,0.82,1,3.0,0,Immediate Repair,Bearing Failure
M-001,2024-01-01 15:15:00,110.48,84.647,9.606,1602.539,228.875,77.537,34.378,100.0,46.0,1,15.25,0.82,1,3.0,0,Immediate Repair,Bearing Failure
M-001,2024-01-01 15:30:00,118.0,78.809,9.018,1494.223,232.562,99.075,37.057,100.0,45.0,1,15.5,0.82,1,3.0,0,Immediate Repair,Bearing Failure
M-001,2024-01-01 15:45:00,117.423,82.437,7.419,1781.687,238.411,91.677,32.182,100.0,44.0,1,15.75,0.82,1,3.0,0,Immediate Repair,Overheating
M-001,2024-01-01 16:00:00,115.046,84.602,7.778,1840.728,233.987,100.366,46.831,95.345,43.0,1,16.0,0.82,1,3.0,0,Immediate Repair,Overheating
M-001,2024-01-01 16:15:00,111.798,79.016,9.046,1470.178,235.571,94.877,44.263,73.848,42.0,1,16.25,0.82,1,3.0,0,Immediate Repair,Bearing Failure
M-001,2024-01-01 16:30:00,112.152,75.286,7.271,1679.521,233.186,96.965,36.354,98.648,41.0,1,16.5,0.82,1,3.0,0,Immediate Repair,Overheating
M-001,2024-01-01 16:45:00,110.984,82.464,9.37,1687.536,235.456,100.903,49.451,94.566,40.0,1,16.75,0.82,1,3.0,0,Immediate Repair,Bearing Failure
M-001,2024-01-01 17:00:00,113.494,78.094,7.012,1483.337,231.182,98.424,39.178,94.771,39.0,1,17.0,0.82,1,3.0,0,Immediate Repair,Overheating
M-001,2024-01-01 17:15:00,111.35,83.08,9.508,1604.683,231.949,102.847,38.231,78.605,38.0,1,17.25,0.82,1,3.0,0,Immediate Repair,Bearing Failure
M-001,2024-01-01 17:30:00,113.815,81.203,7.228,1637.628,229.601,108.452,44.521,89.393,37.0,1,17.5,0.82,1,3.0,0,Immediate Repair,Overheating
M-001,2024-01-01 17:45:00,115.201,73.238,6.883,1570.452,230.805,104.189,48.947,78.993,36.0,1,17.75,0.82,1,3.0,0,Immediate Repair,Overheating
M-001,2024-01-01 18:00:00,110.044,81.238,10.773,1449.745,234.823,112.027,26.982,76.801,35.0,1,18.0,0.82,1,3.0,0,Immediate Repair,Bearing Failure
M-001,2024-01-01 18:15:00,111.332,79.046,9.67,1616.035,228.804,102.976,33.356,100.0,34.0,1,18.25,0.82,1,3.0,0,Immediate Repair,Bearing Failure
M-001,2024-01-01 18:30:00,110.136,78.788,9.305,1669.089,235.524,87.659,39.977,77.018,33.0,1,18.5,0.82,1,3.0,0,Immediate Repair,Bearing Failure
M-001,2024-01-01 18:45:00,113.194,76.528,9.187,1471.157,230.381,104.545,38.127,80.122,32.0,1,18.75,0.82,1,3.0,0,Immediate Repair,Bearing Failure
M-001,2024-01-01 19:00:00,117.651,79.592,8.622,1590.554,232.417,102.936,33.403,81.068,31.0,1,19.0,0.82,1,3.0,0,Immediate Repair,Bearing Failure
M-001,2024-01-01 19:15:00,116.879,77.918,5.5,1741.873,241.969,96.892,24.91,81.026,30.0,1,19.25,0.82,1,3.0,0,Immediate Repair,Overheating
M-001,2024-01-01 19:30:00,109.853,80.609,7.049,1608.338,235.938,89.358,40.652,100.0,29.0,1,19.5,0.82,1,3.0,0,Immediate Repair,Overheating
M-001,2024-01-01 19:45:00,111.245,80.316,8.424,1602.822,229.214,101.059,34.04,100.0,28.0,1,19.75,0.82,1,3.0,0,Immediate Repair,Bearing Failure
M-001,2024-01-01 20:00:00,109.408,86.492,7.092,1589.647,235.404,93.915,37.373,93.26,27.0,1,20.0,0.82,1,3.0,0,Immediate Repair,Overheating
M-001,2024-01-01 20:15:00,108.347,76.584,8.628,1401.07,233.457,99.517,26.0,64.042,26.0,1,20.25,0.82,1,3.0,0,Immediate Repair,Bearing Failure
M-001,2024-01-01 20:30:00,111.098,80.274,5.5,1593.743,235.337,95.181,28.257,87.654,25.0,1,20.5,0.82,1,3.0,0,Immediate Repair,Overheating
M-001,2024-01-01 20:45:00,110.085,89.182,9.271,1536.316,234.053,105.986,39.833,90.949,24.0,1,20.75,0.82,1,3.0,0,Immediate Repair,Bearing Failure
M-001,2024-01-01 21:00:00,106.111,80.929,8.027,1574.964,239.081,97.147,33.458,80.746,23.0,1,21.0,0.82,1,3.0,0,Immediate Repair,Bearing Failure
M-001,2024-01-01 21:15:00,106.713,85.302,5.56,1371.199,232.269,84.206,30.149,67.667,22.0,1,21.25,0.82,1,3.0,0,Immediate Repair,Overheating
M-001,2024-01-01 21:30:00,106.384,86.004,8.384,1337.117,234.474,107.883,29.998,66.97,21.0,1,21.5,0.82,1,3.0,0,Immediate Repair,Bearing Failure
M-001,2024-01-01 21:45:00,108.907,82.228,9.649,1449.678,236.776,93.383,35.705,73.269,20.0,1,21.75,0.82,1,3.0,0,Immediate Repair,Bearing Failure
M-001,2024-01-01 22:00:00,101.287,78.437,9.717,1399.808,231.629,100.045,42.468,51.914,19.0,1,22.0,0.82,1,3.0,0,Immediate Repair,Bearing Failure
M-001,2024-01-01 22:15:00,99.635,80.601,10.818,1466.557,237.02,92.827,28.906,78.592,18.0,1,22.25,0.82,1,3.0,0,Immediate Repair,Bearing Failure
M-001,2024-01-01 22:30:00,105.32,85.265,8.525,1456.882,235.213,106.343,40.388,57.355,17.0,1,22.5,0.82,1,3.0,0,Immediate Repair,Bearing Failure
M-001,2024-01-01 22:45:00,95.557,86.879,10.465,1292.036,229.178,101.682,41.053,91.02,16.0,1,22.75,0.82,1,3.0,0,Immediate Repair,Bearing Failure
M-001,2024-01-01 23:00:00,106.066,83.019,7.567,1407.053,233.877,93.973,47.683,90.436,15.0,1,23.0,0.82,1,3.0,0,Immediate Repair,Overheating
M-001,2024-01-01 23:15:00,107.995,81.637,10.029,1473.776,236.117,109.916,39.124,79.577,14.0,1,23.25,0.82,1,3.0,0,Immediate Repair,Bearing Failure
M-001,2024-01-01 23:30:00,105.445,85.691,6.35,1398.586,233.133,92.299,45.325,89.112,13.0,1,23.5,0.82,1,3.0,0,Immediate Repair,Overheating
M-001,2024-01-01 23:45:00,107.777,85.708,10.753,1381.73,235.421,93.694,37.538,72.124,12.0,1,23.75,0.82,1,3.0,0,Immediate Repair,Bearing Failure
M-001,2024-01-02 00:00:00,96.57,85.065,8.766,1587.937,237.504,101.519,36.57,71.714,11.0,1,24.0,0.82,1,3.0,0,Immediate Repair,Bearing Failure
M-001,2024-01-02 00:15:00,100.407,82.25,8.681,1274.871,231.078,105.107,37.347,53.211,10.0,1,24.25,0.82,1,3.0,0,Immediate Repair,Bearing Failure
M-001,2024-01-02 00:30:00,100.164,88.765,10.39,1479.914,234.95,95.703,28.418,74.386,9.0,1,24.5,0.82,1,3.0,0,Immediate Repair,Bearing Failure
M-001,2024-01-02 00:45:00,101.607,89.922,10.462,1333.608,231.104,99.475,36.145,68.836,8.0,1,24.75,0.82,1,3.0,0,Immediate Repair,Bearing Failure
M-001,2024-01-02 01:00:00,97.213,87.101,8.232,1267.031,235.772,98.984,36.228,73.561,7.0,1,25.0,0.82,1,3.0,0,Immediate Repair,Bearing Failure
M-001,2024-01-02 01:15:00,94.401,85.182,10.965,1196.146,228.487,88.855,34.86,71.166,6.0,1,25.25,0.82,1,3.0,0,Immediate Repair,Bearing Failure
M-001,2024-01-02 01:30:00,97.924,90.55,5.5,1376.587,239.518,94.084,32.328,63.411,5.0,1,25.5,0.82,1,3.0,0,Immediate Repair,Overheating
M-001,2024-01-02 01:45:00,94.253,86.209,10.981,1543.333,233.821,115.404,34.741,88.615,4.0,1,25.75,0.82,1,3.0,0,Immediate Repair,Bearing Failure
M-001,2024-01-02 02:00:00,96.895,87.86,9.509,1698.384,237.376,97.208,40.264,67.654,3.0,1,26.0,0.82,1,3.0,0,Immediate Repair,Bearing Failure
M-001,2024-01-02 02:15:00,94.75,90.469,9.056,1344.738,234.855,104.604,36.921,52.15,2.0,1,26.25,0.82,1,3.0,0,Immediate Repair,Bearing Failure
M-001,2024-01-02 02:30:00,98.818,85.071,7.008,1299.007,235.054,97.484,39.279,58.4,1.0,1,26.5,0.82,1,3.0,0,Immediate Repair,Overheating
M-001,2024-01-02 02:45:00,93.97,86.532,8.977,1334.516,231.766,107.498,34.593,53.258,107.0,1,26.75,0.82,1,3.0,0,Immediate Repair,Bearing Failure
M-001,2024-01-02 03:00:00,87.214,88.515,8.748,1284.014,234.691,104.097,39.823,61.474,106.0,1,27.0,0.82,1,3.0,0,Immediate Repair,Bearing Failure
M-001,2024-01-02 03:15:00,89.815,85.532,9.477,1441.534,233.464,85.096,23.835,64.714,105.0,1,27.25,0.82,1,3.0,0,Immediate Repair,Bearing Failure
M-001,2024-01-02 03:30:00,91.731,87.842,9.141,1250.797,237.887,97.966,28.807,78.343,104.0,1,27.5,0.82,1,3.0,0,Immediate Repair,Bearing Failure
M-001,2024-01-02 03:45:00,87.285,90.485,9.246,1266.935,239.483,98.433,46.266,71.859,103.0,1,27.75,0.82,1,3.0,0,Immediate Repair,Bearing Failure
M-001,2024-01-02 04:00:00,87.79,89.767,7.611,1191.201,235.887,106.767,30.094,84.595,102.0,1,28.0,0.82,1,3.0,0,Immediate Repair,Motor Failure
M-001,2024-01-02 04:15:00,97.006,94.102,9.874,1442.174,229.029,100.743,28.548,76.568,101.0,1,28.25,0.82,1,3.0,0,Immediate Repair,Bearing Failure
M-001,2024-01-02 04:30:00,89.575,89.522,11.782,1255.717,235.886,101.433,34.127,76.135,100.0,1,28.5,0.82,1,3.0,0,Immediate Repair,Bearing Failure
M-001,2024-01-02 04:45:00,93.146,93.735,11.469,1311.134,236.385,95.092,33.069,86.222,99.0,1,28.75,0.82,1,3.0,0,Immediate Repair,Bearing Failure
M-001,2024-01-02 05:00:00,94.317,91.085,10.418,1331.146,238.187,105.264,31.386,80.963,98.0,1,29.0,0.82,1,3.0,0,Immediate Repair,Bearing Failure
M-001,2024-01-02 05:15:00,78.639,91.8,5.5,1064.093,235.909,106.671,26.47,71.31,97.0,1,29.25,0.82,1,3.0,0,Immediate Repair,Motor Failure
M-001,2024-01-02 05:30:00,95.362,89.391,12.347,1269.716,235.744,114.737,34.155,69.273,96.0,1,29.5,0.82,1,3.0,0,Immediate Repair,Bearing Failure
M-001,2024-01-02 05:45:00,88.968,90.919,7.312,1238.669,232.257,109.979,33.501,77.37,95.0,1,29.75,0.82,1,3.0,0,Immediate Repair,Motor Failure
M-001,2024-01-02 06:00:00,88.52,91.866,10.101,1149.211,231.321,111.331,30.744,66.966,94.0,1,30.0,0.82,1,3.0,0,Immediate Repair,Bearing Failure
M-001,2024-01-02 06:15:00,90.267,92.748,7.109,1296.907,236.613,106.309,36.936,68.061,93.0,1,30.25,0.82,1,3.0,0,Immediate Repair,Motor Failure
M-001,2024-01-02 06:30:00,89.375,90.599,8.591,1374.413,238.802,116.339,40.959,82.006,92.0,1,30.5,0.82,1,3.0,0,Immediate Repair,Bearing Failure
M-001,2024-01-02 06:45:00,89.032,93.946,9.452,1286.601,236.792,103.453,28.62,79.986,91.0,1,30.75,0.82,1,3.0,0,Immediate Repair,Bearing Failure
M-001,2024-01-02 07:00:00,89.738,91.781,9.774,1352.663,233.151,109.252,35.196,72.837,90.0,1,31.0,0.82,1,3.0,0,Immediate Repair,Bearing Failure
M-001,2024-01-02 07:15:00,92.566,90.384,6.995,1148.574,231.165,104.414,31.207,82.894,89.0,1,31.25,0.82,1,3.0,0,Immediate Repair,Motor Failure
M-001,2024-01-02 07:30:00,88.882,93.008,9.77,1325.263,236.028,89.383,30.591,65.559,88.0,1,31.5,0.82,1,3.0,0,Immediate Repair,Bearing Failure
M-001,2024-01-02 07:45:00,86.167,92.064,10.806,1421.078,234.737,100.726,35.617,83.199,87.0,1,31.75,0.82,1,3.0,0,Immediate Repair,Bearing Failure
M-001,2024-01-02 08:00:00,85.65,95.113,8.577,1378.093,236.108,97.635,38.478,96.598,86.0,1,32.0,0.82,1,3.0,0,Immediate Repair,Bearing Failure
M-001,2024-01-02 08:15:00,85.709,89.931,8.169,1220.109,235.65,97.719,35.189,78.342,85.0,1,32.25,0.82,1,3.0,0,Immediate Repair,Bearing Failure
M-001,2024-01-02 08:30:00,84.146,92.598,12.811,1122.928,238.382,105.547,34.961,93.102,84.0,1,32.5,0.82,1,3.0,0,Immediate Repair,Bearing Failure
M-001,2024-01-02 08:45:00,86.416,91.845,11.438,1237.364,237.304,100.078,32.062,82.366,83.0,1,32.75,0.82,1,3.0,0,Immediate Repair,Bearing Failure
M-001,2024-01-02 09:00:00,86.147,96.666,9.309,1272.798,230.504,103.073,22.798,85.131,82.0,1,33.0,0.82,1,3.0,0,Immediate Repair,Bearing Failure
M-001,2024-01-02 09:15:00,84.938,96.299,13.365,1230.662,238.093,106.475,31.379,99.762,81.0,1,33.25,0.82,1,3.0,0,Immediate Repair,Bearing Failure
M-001,2024-01-02 09:30:00,83.999,92.671,8.876,1138.243,229.093,109.431,30.558,90.654,80.0,1,33.5,0.82,1,3.0,0,Immediate Repair,Bearing Failure
M-001,2024-01-02 09:45:00,83.52,94.709,9.715,1232.582,237.338,116.003,35.118,100.0,79.0,1,33.75,0.82,1,3.0,0,Immediate Repair,Bearing Failure
M-001,2024-01-02 10:00:00,88.205,95.686,10.337,1388.723,235.151,97.357,36.289,85.404,78.0,1,34.0,0.82,1,3.0,0,Immediate Repair,Bearing Failure
M-001,2024-01-02 10:15:00,79.827,96.164,10.669,1501.335,232.709,97.063,30.576,100.0,77.0,1,34.25,0.82,1,3.0,0,Immediate Repair,Bearing Failure
M-001,2024-01-02 10:30:00,83.104,95.599,9.002,1371.319,230.488,108.371,31.972,93.785,76.0,1,34.5,0.82,1,3.0,0,Immediate Repair,Bearing Failure
M-001,2024-01-02 10:45:00,81.645,91.578,9.144,1548.156,233.087,103.601,19.304,93.484,75.0,1,34.75,0.82,1,3.0,0,Immediate Repair,Bearing Failure
M-001,2024-01-02 11:00:00,81.353,89.992,11.472,1322.607,237.175,105.83,32.048,100.0,74.0,1,35.0,0.82,1,3.0,0,Immediate Repair,Bearing Failure
M-001,2024-01-02 11:15:00,100.254,97.112,10.305,1109.29,231.606,125.59,35.902,115.0,73.0,1,35.25,0.9298,1,0.0,0,Immediate Repair,Bearing Failure
M-001,2024-01-02 11:30:00,98.553,94.906,15.01,1378.901,236.047,127.487,28.33,115.0,72.0,1,35.5,1.0,1,0.0,0,Immediate Repair,Bearing Failure
M-001,2024-01-02 11:45:00,100.4,91.735,15.645,1070.298,228.828,117.359,29.458,115.0,71.0,1,35.75,1.0,1,0.0,0,Immediate Repair,Bearing Failure
M-001,2024-01-02 12:00:00,93.814,88.645,12.392,1667.121,238.407,122.876,29.395,111.381,70.0,1,36.0,0.908,1,0.0,0,Immediate Repair,Bearing Failure
M-001,2024-01-02 12:15:00,92.114,91.108,12.215,1370.101,228.12,120.515,32.408,115.0,69.0,1,36.25,0.9,1,0.0,0,Immediate Repair,Bearing Failure
M-001,2024-01-02 12:30:00,101.336,87.344,14.824,1292.526,234.737,125.864,23.199,115.0,68.0,1,36.5,1.0,1,0.0,0,Immediate Repair,Bearing Failure
M-001,2024-01-02 12:45:00,101.066,92.98,13.445,1580.834,235.777,124.232,35.899,115.0,67.0,1,36.75,1.0,1,0.0,0,Immediate Repair,Bearing Failure
M-001,2024-01-02 13:00:00,107.402,87.282,12.36,1583.869,229.494,116.861,28.424,115.0,66.0,1,37.0,1.0,1,0.0,0,Immediate Repair,Bearing Failure
M-001,2024-01-02 13:15:00,99.124,88.829,12.728,1329.031,229.944,142.18,33.069,115.0,65.0,1,37.25,1.0,1,0.0,0,Immediate Repair,Bearing Failure
M-001,2024-01-02 13:30:00,97.568,90.028,12.688,1105.3,228.36,113.624,17.729,115.0,64.0,1,37.5,0.9277,1,0.0,0,Immediate Repair,Bearing Failure
M-001,2024-01-02 13:45:00,104.833,90.248,15.509,1481.965,234.753,120.082,34.317,115.0,63.0,1,37.75,1.0,1,0.0,0,Immediate Repair,Bearing Failure
M-001,2024-01-02 14:00:00,97.253,91.846,14.51,1375.975,228.946,118.189,31.638,115.0,62.0,1,38.0,1.0,1,0.0,0,Immediate Repair,Bearing Failure
M-001,2024-01-02 14:15:00,96.434,90.025,14.531,1525.499,236.877,135.507,25.058,115.0,61.0,1,38.25,1.0,1,0.0,0,Immediate Repair,Bearing Failure
M-001,2024-01-02 14:30:00,97.543,92.85,13.843,1411.357,226.705,125.457,21.657,115.0,60.0,1,38.5,1.0,1,0.0,0,Immediate Repair,Bearing Failure
M-001,2024-01-02 14:45:00,105.813,87.087,14.185,1383.356,230.148,132.17,30.73,115.0,59.0,1,38.75,1.0,1,0.0,0,Immediate Repair,Bearing Failure
M-001,2024-01-02 15:00:00,97.914,92.231,13.914,1575.561,230.595,126.491,30.218,115.0,58.0,1,39.0,1.0,1,0.0,0,Immediate Repair,Bearing Failure
M-001,2024-01-02 15:15:00,102.606,90.933,14.623,1674.228,236.188,124.304,33.1,115.0,57.0,1,39.25,1.0,1,0.0,0,Immediate Repair,Bearing Failure
M-001,2024-01-02 15:30:00,100.183,86.926,16.075,1543.205,231.087,135.374,17.789,113.632,56.0,1,39.5,1.0,1,0.0,0,Immediate Repair,Bearing Failure
M-001,2024-01-02 15:45:00,103.423,88.645,14.173,1350.194,231.571,141.133,35.71,115.0,55.0,1,39.75,1.0,1,0.0,0,Immediate Repair,Bearing Failure
M-001,2024-01-02 16:00:00,98.649,87.013,10.857,1550.093,234.076,116.169,26.75,115.0,54.0,1,40.0,0.8836,1,0.0,0,Immediate Repair,Bearing Failure
M-001,2024-01-02 16:15:00,96.727,88.086,10.934,1602.703,233.699,125.531,15.788,115.0,53.0,1,40.25,0.9214,1,0.0,0,Immediate Repair,Bearing Failure
M-001,2024-01-02 16:30:00,105.72,79.318,13.381,1397.191,233.748,122.653,33.052,115.0,52.0,1,40.5,1.0,1,0.0,0,Immediate Repair,Bearing Failure
M-001,2024-01-02 16:45:00,108.35,86.766,14.409,1370.354,234.801,122.145,27.22,115.0,51.0,1,40.75,1.0,1,0.0,0,Immediate Repair,Bearing Failure
M-001,2024-01-02 17:00:00,94.986,87.781,15.252,1593.437,226.357,126.692,34.994,115.0,50.0,1,41.0,1.0,1,0.0,0,Immediate Repair,Bearing Failure
M-001,2024-01-02 17:15:00,97.187,89.443,14.291,1617.385,236.596,130.928,34.448,115.0,49.0,1,41.25,1.0,1,0.0,0,Immediate Repair,Bearing Failure
M-001,2024-01-02 17:30:00,100.896,84.138,14.526,1630.216,229.33,120.512,44.319,115.0,48.0,1,41.5,1.0,1,0.0,0,Immediate Repair,Bearing Failure
M-001,2024-01-02 17:45:00,99.102,88.996,13.79,1556.69,232.488,118.785,32.536,115.0,47.0,1,41.75,1.0,1,0.0,0,Immediate Repair,Bearing Failure
M-001,2024-01-02 18:00:00,104.191,84.837,13.247,1547.19,229.93,125.274,35.88,115.0,46.0,1,42.0,1.0,1,0.0,0,Immediate Repair,Bearing Failure
M-001,2024-01-02 18:15:00,106.085,84.545,14.5,1470.467,234.567,136.728,36.102,115.0,45.0,1,42.25,1.0,1,0.0,0,Immediate Repair,Bearing Failure
M-001,2024-01-02 18:30:00,106.279,86.619,11.74,1611.931,231.563,131.991,31.372,115.0,44.0,1,42.5,1.0,1,0.0,0,Immediate Repair,Bearing Failure
M-001,2024-01-02 18:45:00,109.196,88.804,9.989,1585.748,229.863,115.924,30.838,115.0,43.0,1,42.75,0.9439,1,0.0,0,Immediate Repair,Bearing Failure
M-001,2024-01-02 19:00:00,99.309,85.86,12.735,1552.044,234.676,124.48,33.013,115.0,42.0,1,43.0,1.0,1,0.0,0,Immediate Repair,Bearing Failure
M-001,2024-01-02 19:15:00,111.472,86.386,13.777,1710.397,225.9,136.646,28.263,115.0,41.0,1,43.25,1.0,1,0.0,0,Immediate Repair,Bearing Failure
M-001,2024-01-02 19:30:00,102.436,82.568,15.02,1680.51,231.97,128.397,33.254,115.0,40.0,1,43.5,1.0,1,0.0,0,Immediate Repair,Bearing Failure
M-001,2024-01-02 19:45:00,113.716,79.343,15.828,1822.218,227.343,144.153,36.117,115.0,39.0,1,43.75,1.0,1,0.0,0,Immediate Repair,Bearing Failure
M-001,2024-01-02 20:00:00,105.315,83.136,13.784,1712.986,233.986,129.908,24.646,115.0,38.0,1,44.0,1.0,1,0.0,0,Immediate Repair,Bearing Failure
M-001,2024-01-02 20:15:00,109.306,85.499,15.136,1641.438,226.878,122.651,20.273,115.0,37.0,1,44.25,1.0,1,0.0,0,Immediate Repair,Bearing Failure
M-001,2024-01-02 20:30:00,105.717,81.969,9.97,1531.86,232.91,124.166,32.223,115.0,36.0,1,44.5,0.958,1,0.0,0,Immediate Repair,Bearing Failure
M-001,2024-01-02 20:45:00,112.247,82.617,14.528,1967.97,233.978,126.762,26.474,115.0,35.0,1,44.75,1.0,1,0.0,0,Immediate Repair,Bearing Failure
M-001,2024-01-02 21:00:00,108.984,82.5,13.584,1872.015,228.967,145.096,30.553,115.0,34.0,1,45.0,1.0,1,0.0,0,Immediate Repair,Bearing Failure
M-001,2024-01-02 21:15:00,108.836,85.48,13.138,1600.306,230.569,136.008,30.226,115.0,33.0,1,45.25,1.0,1,0.0,0,Immediate Repair,Bearing Failure
M-001,2024-01-02 21:30:00,102.439,78.093,11.693,1722.416,232.445,129.084,16.4,115.0,32.0,1,45.5,1.0,1,0.0,0,Immediate Repair,Bearing Failure
M-001,2024-01-02 21:45:00,107.711,88.455,12.142,1668.624,234.066,132.418,33.321,115.0,31.0,1,45.75,1.0,1,0.0,0,Immediate Repair,Bearing Failure
M-001,2024-01-02 22:00:00,110.173,84.302,13.064,1826.797,224.708,131.657,30.993,115.0,30.0,1,46.0,1.0,1,0.0,0,Immediate Repair,Bearing Failure
M-001,2024-01-02 22:15:00,109.262,79.913,12.712,1684.61,225.393,131.708,23.001,115.0,29.0,1,46.25,1.0,1,0.0,0,Immediate Repair,Bearing Failure
M-001,2024-01-02 22:30:00,105.135,79.903,13.353,1891.354,229.574,128.056,32.876,105.08,28.0,1,46.5,1.0,1,0.0,0,Immediate Repair,Bearing Failure
M-001,2024-01-02 22:45:00,110.203,87.426,14.428,1745.45,230.104,135.898,17.883,108.381,27.0,1,46.75,1.0,1,0.0,0,Immediate Repair,Bearing Failure
M-001,2024-01-02 23:00:00,111.739,79.132,16.094,1704.107,222.533,120.842,13.354,115.0,26.0,1,47.0,1.0,1,0.0,0,Immediate Repair,Bearing Failure
M-001,2024-01-02 23:15:00,110.674,79.858,15.783,1890.034,227.702,114.866,33.542,115.0,25.0,1,47.25,1.0,1,0.0,0,Immediate Repair,Bearing Failure
M-001,2024-01-02 23:30:00,113.2,83.941,12.657,1991.197,225.211,135.143,19.701,112.876,24.0,1,47.5,1.0,1,0.0,0,Immediate Repair,Bearing Failure
M-001,2024-01-02 23:45:00,118.568,80.092,15.478,1782.159,227.65,139.535,28.393,103.31,23.0,1,47.75,1.0,1,0.0,0,Immediate Repair,Bearing Failure
M-001,2024-01-03 00:00:00,109.835,82.418,14.871,1568.893,225.667,126.006,27.61,106.273,22.0,1,48.0,1.0,1,0.0,0,Immediate Repair,Bearing Failure
M-001,2024-01-03 00:15:00,111.084,78.48,15.413,1856.884,227.278,127.424,30.633,110.761,21.0,1,48.25,1.0,1,0.0,0,Immediate Repair,Bearing Failure
M-001,2024-01-03 00:30:00,109.564,77.76,13.459,1622.652,228.077,135.366,20.263,115.0,20.0,1,48.5,1.0,1,0.0,0,Immediate Repair,Bearing Failure
M-001,2024-01-03 00:45:00,113.829,81.533,14.344,1589.94,223.678,130.554,35.952,94.523,19.0,1,48.75,1.0,1,0.0,0,Immediate Repair,Bearing Failure
M-001,2024-01-03 01:00:00,116.651,84.018,14.163,1832.122,225.231,129.603,20.048,92.07,18.0,1,49.0,1.0,1,0.0,0,Immediate Repair,Bearing Failure
M-001,2024-01-03 01:15:00,119.602,77.448,13.755,1601.07,222.985,129.312,25.392,115.0,17.0,1,49.25,1.0,1,0.0,0,Immediate Repair,Bearing Failure
M-001,2024-01-03 01:30:00,118.204,81.332,14.741,1957.738,223.886,130.234,36.562,115.0,16.0,1,49.5,1.0,1,0.0,0,Immediate Repair,Bearing Failure
M-001,2024-01-03 01:45:00,111.272,79.412,16.324,1829.953,227.549,129.185,27.461,114.889,15.0,1,49.75,1.0,1,0.0,0,Immediate Repair,Bearing Failure
M-002,2024-01-01 00:00:00,70.291,105.842,5.161,1539.35,235.899,107.895,14.61,81.737,53.0,0,0.0,0.1678,0,83.216,76,Continue Monitoring,Normal
M-002,2024-01-01 00:15:00,70.047,108.929,2.401,1308.412,235.885,99.942,30.374,77.855,52.0,0,0.25,0.1108,0,88.921,81,Continue Monitoring,Normal
M-002,2024-01-01 00:30:00,62.05,108.597,4.136,1393.45,231.159,103.672,14.189,74.669,51.0,0,0.5,0.1315,0,86.849,79,Continue Monitoring,Normal
M-002,2024-01-01 00:45:00,63.707,105.802,3.972,1568.018,235.162,95.382,25.631,82.084,50.0,0,0.75,0.1009,0,89.911,81,Continue Monitoring,Normal
M-002,2024-01-01 01:00:00,72.382,104.439,3.823,1249.337,236.989,88.012,33.177,71.803,49.0,0,1.0,0.0445,0,95.549,86,Continue Monitoring,Normal
M-002,2024-01-01 01:15:00,80.345,102.236,4.026,1662.856,239.523,95.547,30.005,71.688,48.0,0,1.25,0.0894,0,91.056,82,Continue Monitoring,Normal
M-002,2024-01-01 01:30:00,72.482,103.368,4.059,1264.884,236.48,103.661,27.289,56.656,47.0,0,1.5,0.1315,0,86.855,79,Continue Monitoring,Normal
M-002,2024-01-01 01:45:00,75.862,106.472,3.183,1432.477,231.697,93.423,25.419,86.214,46.0,0,1.75,0.1206,0,87.94,80,Continue Monitoring,Normal
M-002,2024-01-01 02:00:00,69.899,107.201,3.461,1505.297,235.9,106.802,25.428,59.31,45.0,0,2.0,0.1489,0,85.11,78,Continue Monitoring,Normal
M-002,2024-01-01 02:15:00,67.475,103.575,2.481,1534.044,235.051,117.403,18.2,78.156,44.0,0,2.25,0.2078,0,79.22,73,Continue Monitoring,Normal
M-002,2024-01-01 02:30:00,69.032,103.568,4.442,1214.916,237.283,114.191,25.894,79.78,43.0,0,2.5,0.19,0,81.005,74,Continue Monitoring,Normal
M-002,2024-01-01 02:45:00,78.178,104.422,3.446,1229.866,238.62,100.169,22.526,79.485,42.0,0,2.75,0.112,0,88.795,81,Continue Monitoring,Normal
M-002,2024-01-01 03:00:00,72.273,103.183,5.123,1351.181,239.962,91.267,24.611,98.457,41.0,0,3.0,0.1993,0,80.068,74,Continue Monitoring,Normal
M-002,2024-01-01 03:15:00,79.639,104.904,2.973,1456.932,237.163,101.404,28.027,79.899,40.0,0,3.25,0.1189,0,88.109,80,Continue Monitoring,Normal
M-002,2024-01-01 03:30:00,74.788,100.117,3.581,1638.669,232.961,99.904,23.637,82.268,39.0,0,3.5,0.1274,0,87.262,79,Continue Monitoring,Normal
M-002,2024-01-01 03:45:00,74.598,108.697,5.029,1379.765,239.203,95.898,25.076,85.207,38.0,0,3.75,0.1269,0,87.311,79,Continue Monitoring,Normal
M-002,2024-01-01 04:00:00,74.686,106.754,3.25,1470.962,235.342,97.451,35.114,89.234,37.0,0,4.0,0.1654,0,83.465,76,Continue Monitoring,Normal
M-002,2024-01-01 04:15:00,83.984,110.68,2.906,1561.513,233.904,96.058,24.718,73.214,36.0,0,4.25,0.1246,0,87.538,80,Continue Monitoring,Normal
M-002,2024-01-01 04:30:00,73.418,103.237,2.661,1661.707,234.8,121.258,25.769,85.305,35.0,0,4.5,0.2685,0,73.149,68,Continue Monitoring,Normal
M-002,2024-01-01 04:45:00,72.917,108.572,5.947,1603.619,233.633,103.156,21.727,99.967,34.0,0,4.75,0.2765,0,72.346,67,Continue Monitoring,Normal
M-002,2024-01-01 05:00:00,81.798,103.515,0.983,1457.056,239.857,110.261,35.086,70.138,33.0,0,5.0,0.1841,0,81.59,75,Continue Monitoring,Normal
M-002,2024-01-01 05:15:00,80.22,106.043,2.088,1580.921,238.734,99.756,17.294,83.47,32.0,0,5.25,0.1374,0,86.259,79,Continue Monitoring,Normal
M-002,2024-01-01 05:30:00,78.145,102.312,3.635,1535.229,237.912,105.048,26.554,83.254,31.0,0,5.5,0.1633,0,83.674,76,Continue Monitoring,Normal
M-002,2024-01-01 05:45:00,80.254,96.747,5.107,1594.551,238.268,108.766,16.636,68.188,30.0,0,5.75,0.1621,0,83.793,77,Continue Monitoring,Normal
M-002,2024-01-01 06:00:00,81.398,102.235,4.693,1545.088,240.259,108.659,31.229,85.845,29.0,0,6.0,0.2149,0,78.506,72,Continue Monitoring,Normal
M-002,2024-01-01 06:15:00,72.278,104.306,6.18,1683.504,235.744,106.937,33.459,100.0,28.0,0,6.25,0.3045,0,69.554,65,Continue Monitoring,Normal
M-002,2024-01-01 06:30:00,77.598,101.055,5.53,1618.339,235.146,105.213,31.737,90.234,27.0,0,6.5,0.2159,0,78.412,72,Continue Monitoring,Normal
M-002,2024-01-01 06:45:00,82.361,100.69,6.569,1508.33,236.851,102.478,33.507,74.753,26.0,0,6.75,0.1669,0,83.306,76,Continue Monitoring,Normal
M-002,2024-01-01 07:00:00,76.609,95.081,4.56,1486.844,237.574,107.121,24.351,92.36,25.0,0,7.0,0.2422,0,75.778,70,Continue Monitoring,Normal
M-002,2024-01-01 07:15:00,81.006,102.935,5.194,1542.293,238.335,109.887,30.527,76.343,24.0,0,7.25,0.175,0,82.501,76,Continue Monitoring,Normal
M-002,2024-01-01 07:30:00,85.166,97.387,6.522,1752.151,239.823,103.772,26.877,97.31,23.0,0,7.5,0.3255,0,67.447,63,Continue Monitoring,Normal
M-002,2024-01-01 07:45:00,81.385,101.067,5.78,1565.42,237.216,94.4,21.708,72.397,22.0,0,7.75,0.0923,0,90.768,82,Continue Monitoring,Normal
M-002,2024-01-01 08:00:00,86.098,105.505,6.57,1440.923,241.35,112.806,25.317,91.797,21.0,0,8.0,0.345,0,65.505,62,Continue Monitoring,Normal
M-002,2024-01-01 08:15:00,75.443,100.596,3.1,1662.859,234.601,106.741,34.166,82.997,20.0,0,8.25,0.1708,0,82.924,76,Continue Monitoring,Normal
M-002,2024-01-01 08:30:00,79.207,93.045,4.231,1571.59,234.741,106.202,25.28,80.063,19.0,0,8.5,0.146,0,85.397,78,Continue Monitoring,Normal
M-002,2024-01-01 08:45:00,81.801,102.445,5.463,1627.882,241.359,94.995,28.134,92.228,18.0,0,8.75,0.1899,0,81.011,74,Continue Monitoring,Normal
M-002,2024-01-01 09:00:00,82.389,100.256,3.542,1706.39,241.263,82.791,35.04,60.159,17.0,0,9.0,0.0367,0,96.326,87,Continue Monitoring,Normal
M-002,2024-01-01 09:15:00,82.036,101.746,4.205,1470.614,236.432,110.489,16.326,100.0,16.0,0,9.25,0.3356,0,66.437,63,Continue Monitoring,Normal
M-002,2024-01-01 09:30:00,84.497,94.816,3.848,1525.452,242.417,108.518,17.497,86.194,15.0,0,9.5,0.2443,0,75.571,70,Continue Monitoring,Normal
M-002,2024-01-01 09:45:00,81.464,101.999,2.789,1840.604,239.821,95.347,23.703,81.93,14.0,0,9.75,0.1126,0,88.743,80,Continue Monitoring,Normal
M-002,2024-01-01 10:00:00,80.002,98.132,2.975,1386.645,238.885,90.951,23.208,80.518,13.0,0,10.0,0.0647,0,93.531,84,Continue Monitoring,Normal
M-002,2024-01-01 10:15:00,81.781,103.584,4.788,1677.541,234.795,99.083,28.966,78.973,12.0,0,10.25,0.1219,0,87.815,80,Continue Monitoring,Normal
M-002,2024-01-01 10:30:00,89.048,93.711,4.323,1577.192,240.718,99.268,26.002,86.415,11.0,0,10.5,0.235,0,76.502,71,Continue Monitoring,Normal
M-002,2024-01-01 10:45:00,82.61,98.518,5.073,1635.923,239.032,109.417,26.163,85.216,10.0,0,10.75,0.2253,0,77.474,71,Continue Monitoring,Normal
M-002,2024-01-01 11:00:00,86.081,101.901,2.878,1737.594,234.741,105.452,36.979,92.627,9.0,0,11.0,0.289,0,71.102,66,Continue Monitoring,Normal
M-002,2024-01-01 11:15:00,86.442,94.886,4.813,1613.238,238.159,101.992,28.668,79.476,8.0,0,11.25,0.1794,0,82.056,75,Continue Monitoring,Normal
M-002,2024-01-01 11:30:00,82.614,92.249,5.331,1706.821,241.307,110.867,27.954,90.429,7.0,0,11.5,0.272,0,72.803,68,Continue Monitoring,Normal
M-002,2024-01-01 11:45:00,87.116,95.825,4.056,1904.601,239.35,99.54,29.978,88.343,6.0,0,11.75,0.2336,0,76.639,71,Continue Monitoring,Normal
M-002,2024-01-01 12:00:00,80.326,99.245,4.682,1502.742,244.364,108.671,19.734,100.0,5.0,0,12.0,0.3103,0,68.967,65,Continue Monitoring,Normal
M-002,2024-01-01 12:15:00,88.607,95.633,7.056,1651.953,240.804,99.759,30.758,89.089,4.0,0,12.25,0.2927,0,70.73,66,Continue Monitoring,Normal
M-002,2024-01-01 12:30:00,86.04,93.089,5.026,1620.883,236.978,94.168,30.603,57.491,3.0,0,12.5,0.1324,0,86.76,79,Continue Monitoring,Normal
M-002,2024-01-01 12:45:00,86.794,93.83,6.691,1566.109,243.045,101.783,27.838,90.026,2.0,0,12.75,0.2813,0,71.874,67,Continue Monitoring,Normal
M-002,2024-01-01 13:00:00,84.095,98.069,3.483,1656.392,243.921,109.271,38.598,74.133,1.0,0,13.0,0.199,0,80.098,74,Continue Monitoring,Normal
M-002,2024-01-01 13:15:00,80.385,91.921,5.814,1676.164,241.545,96.88,31.642,68.596,53.0,0,13.25,0.0972,0,90.28,82,Continue Monitoring,Normal
M-002,2024-01-01 13:30:00,90.475,103.312,5.417,1681.422,239.844,92.159,23.366,68.955,52.0,0,13.5,0.1607,0,83.934,77,Continue Monitoring,Normal
M-002,2024-01-01 13:45:00,79.971,99.753,5.301,1651.719,240.477,103.711,32.711,78.571,51.0,0,13.75,0.1317,0,86.827,79,Continue Monitoring,Normal
M-002,2024-01-01 14:00:00,87.785,93.856,4.455,1431.714,235.552,103.18,27.202,65.015,50.0,0,14.0,0.198,0,80.202,74,Continue Monitoring,Normal
M-002,2024-01-01 14:15:00,85.41,94.475,1.931,1484.804,242.787,107.81,19.88,78.415,49.0,0,14.25,0.2026,0,79.741,73,Continue Monitoring,Normal
M-002,2024-01-01 14:30:00,89.505,96.527,4.831,1532.234,239.755,108.466,27.911,82.055,48.0,0,14.5,0.2579,0,74.215,69,Continue Monitoring,Normal
M-002,2024-01-01 14:45:00,85.794,96.546,5.112,1676.033,244.331,99.649,15.829,90.104,47.0,0,14.75,0.2355,0,76.449,71,Continue Monitoring,Normal
M-002,2024-01-01 15:00:00,86.127,88.852,3.995,1667.691,240.954,101.787,35.02,63.085,46.0,0,15.0,0.1755,0,82.45,75,Continue Monitoring,Normal
M-002,2024-01-01 15:15:00,81.724,94.549,5.556,1627.551,244.6,106.851,29.487,69.837,45.0,0,15.25,0.1645,0,83.55,76,Continue Monitoring,Normal
M-002,2024-01-01 15:30:00,84.968,94.169,5.325,1653.356,243.603,105.86,21.632,71.963,44.0,0,15.5,0.1878,0,81.217,74,Continue Monitoring,Normal
M-002,2024-01-01 15:45:00,84.389,94.371,8.128,1490.21,243.275,113.12,27.009,93.509,43.0,0,15.75,0.4019,0,59.809,57,Scheduled Maintenance,Normal
M-002,2024-01-01 16:00:00,82.756,94.722,3.936,1503.053,242.823,111.655,28.27,81.557,42.0,0,16.0,0.2119,0,78.811,73,Continue Monitoring,Normal
M-002,2024-01-01 16:15:00,83.639,92.724,8.855,1584.49,239.984,100.961,20.633,77.159,41.0,0,16.25,0.2545,0,74.546,69,Continue Monitoring,Normal
M-002,2024-01-01 16:30:00,82.297,94.087,4.995,1616.693,239.667,98.382,27.567,72.627,40.0,0,16.5,0.1225,0,87.746,80,Continue Monitoring,Normal
M-002,2024-01-01 16:45:00,84.804,91.274,6.048,1431.181,240.706,99.393,33.96,71.774,39.0,0,16.75,0.1522,0,84.778,77,Continue Monitoring,Normal
M-002,2024-01-01 17:00:00,85.599,97.455,9.052,1306.68,240.117,101.778,20.98,53.487,38.0,0,17.0,0.2838,0,71.621,67,Continue Monitoring,Normal
M-002,2024-01-01 17:15:00,81.67,90.088,5.598,1509.158,243.835,109.735,29.634,59.355,37.0,0,17.25,0.18,0,81.996,75,Continue Monitoring,Normal
M-002,2024-01-01 17:30:00,91.028,94.479,2.537,1373.675,237.228,106.392,25.215,57.237,36.0,0,17.5,0.2446,0,75.535,70,Continue Monitoring,Normal
M-002,2024-01-01 17:45:00,90.248,95.474,6.176,1373.09,239.508,106.619,26.914,42.199,35.0,0,17.75,0.2455,0,75.452,70,Continue Monitoring,Normal
M-002,2024-01-01 18:00:00,81.129,93.933,4.873,1377.937,240.941,105.213,26.35,65.663,34.0,0,18.0,0.1501,0,84.989,77,Continue Monitoring,Normal
M-002,2024-01-01 18:15:00,85.806,93.084,4.551,1518.668,244.445,103.502,30.476,68.277,33.0,0,18.25,0.1822,0,81.782,75,Continue Monitoring,Normal
M-002,2024-01-01 18:30:00,86.269,99.392,3.991,1458.318,242.697,105.944,21.766,42.508,32.0,0,18.5,0.1999,0,80.014,74,Continue Monitoring,Normal
M-002,2024-01-01 18:45:00,81.08,91.854,5.34,1351.777,239.413,108.361,26.495,62.058,31.0,0,18.75,0.1672,0,83.284,76,Continue Monitoring,Normal
M-002,2024-01-01 19:00:00,89.046,95.105,5.913,1308.091,238.899,117.891,19.976,44.748,30.0,0,19.0,0.2909,0,70.908,66,Continue Monitoring,Normal
M-002,2024-01-01 19:15:00,79.728,94.129,3.986,1391.077,246.493,101.259,17.081,63.56,29.0,0,19.25,0.1181,0,88.189,80,Continue Monitoring,Normal
M-002,2024-01-01 19:30:00,81.424,92.676,3.049,1328.549,242.684,115.151,19.15,52.261,28.0,0,19.5,0.2079,0,79.206,73,Continue Monitoring,Normal
M-002,2024-01-01 19:45:00,81.714,87.543,6.727,1266.21,243.886,108.808,31.803,57.616,27.0,0,19.75,0.2022,0,79.781,73,Continue Monitoring,Normal
M-002,2024-01-01 20:00:00,69.052,92.494,5.488,1374.892,244.363,112.697,28.872,48.995,26.0,0,20.0,0.1816,0,81.835,75,Continue Monitoring,Normal
M-002,2024-01-01 20:15:00,70.713,93.653,5.892,1257.621,244.861,113.62,25.908,19.563,25.0,0,20.25,0.1868,0,81.322,75,Continue Monitoring,Normal
M-002,2024-01-01 20:30:00,72.514,100.86,4.559,1140.577,246.709,107.444,31.701,52.069,24.0,0,20.5,0.1525,0,84.753,77,Continue Monitoring,Normal
M-002,2024-01-01 20:45:00,78.978,96.482,6.316,1642.197,245.951,96.379,27.675,59.849,23.0,0,20.75,0.1027,0,89.731,81,Continue Monitoring,Normal
M-002,2024-01-01 21:00:00,81.463,94.315,6.985,1470.51,250.788,102.281,21.875,44.547,22.0,0,21.0,0.1733,0,82.672,76,Continue Monitoring,Normal
M-002,2024-01-01 21:15:00,74.192,93.135,1.502,1297.353,244.208,104.168,36.456,46.956,21.0,0,21.25,0.1343,0,86.573,79,Continue Monitoring,Normal
M-002,2024-01-01 21:30:00,80.809,96.809,6.541,1373.437,247.235,108.103,27.744,49.742,20.0,0,21.5,0.1834,0,81.663,75,Continue Monitoring,Normal
M-002,2024-01-01 21:45:00,73.977,97.467,8.527,1297.982,244.413,116.605,31.532,45.496,19.0,0,21.75,0.297,0,70.303,66,Continue Monitoring,Normal
M-002,2024-01-01 22:00:00,65.074,98.037,2.307,1497.427,243.688,114.889,19.2,29.199,18.0,0,22.0,0.1938,0,80.617,74,Continue Monitoring,Normal
M-002,2024-01-01 22:15:00,75.121,96.628,4.741,1321.919,251.504,113.823,30.833,52.556,17.0,0,22.25,0.1879,0,81.21,74,Continue Monitoring,Normal
M-002,2024-01-01 22:30:00,79.461,96.408,2.568,1279.988,245.658,101.282,23.4,36.639,16.0,0,22.5,0.1182,0,88.176,80,Continue Monitoring,Normal
M-002,2024-01-01 22:45:00,79.011,99.481,6.371,1368.216,243.13,109.544,17.27,21.183,15.0,0,22.75,0.1779,0,82.211,75,Continue Monitoring,Normal
M-002,2024-01-01 23:00:00,73.058,98.465,7.167,1473.352,247.968,101.265,22.189,47.391,14.0,0,23.0,0.1614,0,83.863,77,Continue Monitoring,Normal
M-002,2024-01-01 23:15:00,82.035,102.199,7.056,1229.599,240.623,113.863,17.621,39.796,13.0,0,23.25,0.2453,0,75.465,70,Continue Monitoring,Normal
M-002,2024-01-01 23:30:00,70.895,102.807,5.008,974.955,244.799,103.538,24.402,40.958,12.0,0,23.5,0.1308,0,86.923,79,Continue Monitoring,Normal
M-002,2024-01-01 23:45:00,69.702,100.672,3.373,1197.355,245.349,104.222,14.416,48.209,11.0,0,23.75,0.1346,0,86.543,79,Continue Monitoring,Normal
M-002,2024-01-02 00:00:00,74.729,98.443,2.789,1336.059,238.326,110.773,18.665,29.677,10.0,0,24.0,0.171,0,82.904,76,Continue Monitoring,Normal
M-002,2024-01-02 00:15:00,67.907,98.307,4.647,1314.16,241.974,115.562,25.599,34.106,9.0,0,24.25,0.1976,0,80.243,74,Continue Monitoring,Normal
M-002,2024-01-02 00:30:00,65.647,94.195,5.971,1193.377,236.201,105.041,18.427,56.7,8.0,0,24.5,0.1391,0,86.088,78,Continue Monitoring,Normal
M-002,2024-01-02 00:45:00,61.735,95.095,7.133,1391.401,241.085,104.456,27.452,17.589,7.0,0,24.75,0.1778,0,82.216,75,Continue Monitoring,Normal
M-002,2024-01-02 01:00:00,60.536,98.86,7.764,1169.225,243.624,116.907,36.317,35.064,6.0,0,25.0,0.2704,0,72.962,68,Continue Monitoring,Normal
M-002,2024-01-02 01:15:00,67.348,105.451,3.478,1338.018,240.265,109.778,22.142,31.28,5.0,0,25.25,0.1654,0,83.457,76,Continue Monitoring,Normal
M-002,2024-01-02 01:30:00,62.918,101.096,7.018,1192.619,243.528,113.149,17.689,48.34,4.0,0,25.5,0.2219,0,77.813,72,Continue Monitoring,Normal
M-002,2024-01-02 01:45:00,69.564,108.358,5.113,1146.99,245.619,114.975,20.23,37.05,3.0,0,25.75,0.1943,0,80.57,74,Continue Monitoring,Normal
M-002,2024-01-02 02:00:00,67.89,98.343,5.08,1206.786,246.293,105.099,12.308,22.109,2.0,0,26.0,0.1394,0,86.056,78,Continue Monitoring,Normal
M-002,2024-01-02 02:15:00,60.128,97.163,5.453,1047.756,241.188,104.002,20.641,54.748,1.0,0,26.25,0.1333,0,86.665,79,Continue Monitoring,Normal
M-002,2024-01-02 02:30:00,67.256,101.424,5.039,1133.141,244.269,113.6,17.76,42.19,53.0,0,26.5,0.1867,0,81.333,75,Continue Monitoring,Normal
M-002,2024-01-02 02:45:00,55.928,102.281,6.766,1146.557,248.723,103.432,24.432,41.822,52.0,0,26.75,0.1586,0,84.144,77,Continue Monitoring,Normal
M-002,2024-01-02 03:00:00,63.103,101.568,5.864,1277.293,247.391,109.675,27.941,35.57,51.0,0,27.0,0.1649,0,83.514,76,Continue Monitoring,Normal
M-002,2024-01-02 03:15:00,66.023,99.885,7.256,1436.53,242.875,94.433,19.683,55.366,50.0,0,27.25,0.1267,0,87.329,79,Continue Monitoring,Normal
M-002,2024-01-02 03:30:00,64.631,103.173,7.156,1225.454,246.876,116.307,32.024,47.145,49.0,0,27.5,0.2445,0,75.546,70,Continue Monitoring,Normal
M-002,2024-01-02 03:45:00,65.505,101.753,4.917,1368.554,243.851,115.595,23.559,38.251,48.0,0,27.75,0.1978,0,80.225,74,Continue Monitoring,Normal
M-002,2024-01-02 04:00:00,61.399,107.225,6.552,955.148,242.534,122.527,21.456,26.719,47.0,0,28.0,0.2567,0,74.331,69,Continue Monitoring,Normal
M-002,2024-01-02 04:15:00,68.405,105.199,5.691,1113.105,246.402,106.347,29.552,50.8,46.0,0,28.25,0.1464,0,85.363,78,Continue Monitoring,Normal
M-002,2024-01-02 04:30:00,61.296,103.816,5.559,1280.674,240.533,98.877,26.272,52.391,45.0,0,28.5,0.1049,0,89.513,81,Continue Monitoring,Normal
M-002,2024-01-02 04:45:00,61.73,104.822,5.371,1247.591,242.964,106.911,20.638,67.028,44.0,0,28.75,0.1495,0,85.049,78,Continue Monitoring,Normal
M-002,2024-01-02 05:00:00,52.37,105.309,3.484,1138.379,241.769,95.816,24.767,43.808,43.0,0,29.0,0.0879,0,91.213,82,Continue Monitoring,Normal
M-002,2024-01-02 05:15:00,50.421,106.529,7.858,1328.837,244.115,110.823,30.326,65.258,42.0,0,29.25,0.2401,0,75.993,70,Continue Monitoring,Normal
M-002,2024-01-02 05:30:00,62.87,101.378,6.146,1201.802,237.575,113.876,35.919,55.699,41.0,0,29.5,0.1936,0,80.638,74,Continue Monitoring,Normal
M-002,2024-01-02 05:45:00,63.757,104.933,5.777,1194.235,240.52,103.935,29.804,63.925,40.0,0,29.75,0.133,0,86.703,79,Continue Monitoring,Normal
M-002,2024-01-02 06:00:00,53.436,107.46,5.773,1189.066,244.31,117.731,22.627,65.239,39.0,0,30.0,0.2096,0,79.038,73,Continue Monitoring,Normal
M-002,2024-01-02 06:15:00,58.186,106.589,4.743,1407.521,244.299,115.852,12.407,43.88,38.0,0,30.25,0.1992,0,80.082,74,Continue Monitoring,Normal
M-002,2024-01-02 06:30:00,61.459,105.727,3.245,1273.655,241.217,120.83,21.455,55.153,37.0,0,30.5,0.2268,0,77.317,71,Continue Monitoring,Normal
M-002,2024-01-02 06:45:00,60.793,102.312,4.549,1126.442,245.286,101.725,11.901,62.371,36.0,0,30.75,0.1207,0,87.931,80,Continue Monitoring,Normal
M-002,2024-01-02 07:00:00,53.247,103.954,3.355,1069.89,242.737,117.644,17.208,71.762,35.0,0,31.0,0.2091,0,79.087,73,Continue Monitoring,Normal
M-002,2024-01-02 07:15:00,52.515,103.196,8.122,1178.468,241.056,110.135,29.881,70.927,34.0,0,31.25,0.246,0,75.4,70,Continue Monitoring,Normal
M-002,2024-01-02 07:30:00,51.592,105.22,6.111,1036.848,242.496,111.348,28.532,69.438,33.0,0,31.5,0.1783,0,82.175,75,Continue Monitoring,Normal
M-002,2024-01-02 07:45:00,53.162,104.795,6.929,1087.453,244.378,110.786,15.802,48.913,32.0,0,31.75,0.2055,0,79.455,73,Continue Monitoring,Normal
M-002,2024-01-02 08:00:00,59.9,105.044,8.311,1098.889,243.434,128.24,15.203,40.637,31.0,0,32.0,0.3536,0,64.642,61,Scheduled Maintenance,Normal
M-002,2024-01-02 08:15:00,58.905,103.097,6.0,1093.431,243.31,104.927,20.397,65.261,30.0,0,32.25,0.1385,0,86.15,78,Continue Monitoring,Normal
M-002,2024-01-02 08:30:00,49.385,103.528,5.558,995.862,241.182,112.503,19.009,59.208,29.0,0,32.5,0.1806,0,81.943,75,Continue Monitoring,Normal
M-002,2024-01-02 08:45:00,53.014,103.698,7.027,1343.571,240.998,115.157,19.899,66.744,28.0,0,32.75,0.2333,0,76.665,71,Continue Monitoring,Normal
M-002,2024-01-02 09:00:00,59.046,107.216,3.592,1230.017,246.03,110.3,27.241,57.361,27.0,0,33.0,0.1683,0,83.167,76,Continue Monitoring,Normal
M-002,2024-01-02 09:15:00,46.545,106.125,3.63,1151.393,246.131,98.573,13.522,55.119,26.0,0,33.25,0.1032,0,89.682,81,Continue Monitoring,Normal
M-002,2024-01-02 09:30:00,51.954,104.602,8.063,1299.651,243.693,113.05,23.49,57.998,25.0,0,33.5,0.26,0,73.998,69,Continue Monitoring,Normal
M-002,2024-01-02 09:45:00,55.372,102.347,7.289,1332.759,242.775,110.887,23.466,39.179,24.0,0,33.75,0.2193,0,78.067,72,Continue Monitoring,Normal
M-002,2024-01-02 10:00:00,52.903,105.315,6.063,1280.819,241.852,104.229,20.149,69.641,23.0,0,34.0,0.137,0,86.304,79,Continue Monitoring,Normal
M-002,2024-01-02 10:15:00,51.921,106.098,7.604,1071.636,242.535,121.33,10.523,71.927,22.0,0,34.25,0.289,0,71.096,66,Continue Monitoring,Normal
M-002,2024-01-02 10:30:00,48.904,104.445,4.898,1187.842,247.462,103.54,13.848,58.266,21.0,0,34.5,0.1308,0,86.922,79,Continue Monitoring,Normal
M-002,2024-01-02 10:45:00,57.955,104.102,6.143,1166.375,239.033,110.835,35.551,86.35,20.0,0,34.75,0.2237,0,77.635,72,Continue Monitoring,Normal
M-002,2024-01-02 11:00:00,47.45,107.351,5.03,1008.348,244.852,120.692,27.014,68.859,19.0,0,35.0,0.2261,0,77.394,71,Continue Monitoring,Normal
M-002,2024-01-02 11:15:00,50.029,107.564,6.757,1181.353,236.862,113.458,27.148,62.693,18.0,0,35.25,0.2139,0,78.607,72,Continue Monitoring,Normal
M-002,2024-01-02 11:30:00,53.102,106.203,7.275,1340.564,239.559,101.432,17.411,84.652,17.0,0,35.5,0.2007,0,79.927,73,Continue Monitoring,Normal
M-002,2024-01-02 11:45:00,48.246,103.008,3.689,1453.833,244.042,118.23,26.356,82.598,16.0,0,35.75,0.2316,0,76.837,71,Continue Monitoring,Normal
M-002,2024-01-02 12:00:00,49.323,104.468,5.656,1567.512,243.153,109.684,23.282,67.767,15.0,0,36.0,0.1649,0,83.509,76,Continue Monitoring,Normal
M-002,2024-01-02 12:15:00,56.221,102.835,6.971,1387.314,242.559,113.682,20.494,78.33,14.0,0,36.25,0.2231,0,77.692,72,Continue Monitoring,Normal
M-002,2024-01-02 12:30:00,47.816,103.316,8.356,1254.64,238.965,109.497,26.972,86.64,13.0,0,36.5,0.3003,0,69.969,65,Continue Monitoring,Normal
M-002,2024-01-02 12:45:00,52.302,103.727,7.102,1198.907,240.46,119.99,25.557,71.024,12.0,0,36.75,0.263,0,73.702,68,Continue Monitoring,Normal
M-002,2024-01-02 13:00:00,46.594,104.651,8.731,1054.924,241.988,103.659,16.447,78.124,11.0,0,37.0,0.2326,0,76.742,71,Continue Monitoring,Normal
M-002,2024-01-02 13:15:00,48.308,102.538,6.339,1229.394,236.679,118.84,24.714,91.089,10.0,0,37.25,0.3105,0,68.951,65,Continue Monitoring,Normal
M-002,2024-01-02 13:30:00,43.818,104.841,7.291,1178.874,241.006,112.657,31.194,100.0,9.0,0,37.5,0.3774,0,62.262,59,Scheduled Maintenance,Normal
M-002,2024-01-02 13:45:00,43.332,111.222,5.078,1429.441,243.8,106.591,23.045,83.248,8.0,0,37.75,0.1718,0,82.821,76,Continue Monitoring,Normal
M-002,2024-01-02 14:00:00,52.234,104.219,8.049,1330.083,240.294,121.323,23.514,92.413,7.0,0,38.0,0.3974,0,60.258,58,Scheduled Maintenance,Normal
M-002,2024-01-02 14:15:00,47.403,100.169,5.595,1255.931,243.064,120.573,19.047,100.0,6.0,0,38.25,0.3736,0,62.645,60,Scheduled Maintenance,Normal
M-002,2024-01-02 14:30:00,55.597,103.805,5.254,1528.973,240.429,114.714,17.888,77.611,5.0,0,38.5,0.1929,0,80.714,74,Continue Monitoring,Normal
M-002,2024-01-02 14:45:00,44.328,104.736,5.323,1716.66,237.259,105.119,22.935,100.0,4.0,0,38.75,0.2877,0,71.23,66,Continue Monitoring,Normal
M-002,2024-01-02 15:00:00,50.558,104.309,3.853,1277.879,237.2,100.746,20.525,65.312,3.0,0,39.0,0.1153,0,88.475,80,Continue Monitoring,Normal
M-002,2024-01-02 15:15:00,45.126,100.73,5.286,1416.474,241.24,120.358,24.288,99.691,2.0,0,39.25,0.3701,0,62.993,60,Scheduled Maintenance,Normal
M-002,2024-01-02 15:30:00,50.539,102.995,7.18,1395.673,239.033,111.864,14.82,92.992,1.0,0,39.5,0.317,0,68.302,64,Continue Monitoring,Normal
M-002,2024-01-02 15:45:00,50.32,99.833,5.552,1243.226,243.061,114.831,14.501,97.304,53.0,0,39.75,0.3217,0,67.832,64,Continue Monitoring,Normal
M-002,2024-01-02 16:00:00,48.62,97.337,7.924,1333.838,238.797,114.659,26.487,89.809,52.0,0,40.0,0.3365,0,66.353,63,Continue Monitoring,Normal
M-002,2024-01-02 16:15:00,46.249,102.917,5.83,1634.655,239.918,98.816,21.73,100.0,51.0,0,40.25,0.2527,0,74.732,69,Continue Monitoring,Normal
M-002,2024-01-02 16:30:00,57.549,106.504,5.097,1527.362,237.652,116.121,11.903,83.786,50.0,0,40.5,0.2287,0,77.129,71,Continue Monitoring,Normal
M-002,2024-01-02 16:45:00,48.756,103.429,7.66,1460.892,235.662,112.459,15.02,99.157,49.0,0,40.75,0.3837,0,61.627,59,Scheduled Maintenance,Normal
M-002,2024-01-02 17:00:00,56.407,103.623,5.497,1108.654,234.307,124.682,17.047,83.128,48.0,0,41.0,0.2714,0,72.86,68,Continue Monitoring,Normal
M-002,2024-01-02 17:15:00,58.514,103.968,6.604,1411.853,239.105,116.411,29.013,94.98,47.0,0,41.25,0.3356,0,66.44,63,Continue Monitoring,Normal
M-002,2024-01-02 17:30:00,55.112,103.398,4.947,1547.234,238.51,97.298,6.603,80.639,46.0,0,41.5,0.1008,0,89.917,81,Continue Monitoring,Normal
M-002,2024-01-02 17:45:00,54.613,99.949,6.857,1700.263,235.478,114.809,21.16,83.466,45.0,0,41.75,0.2508,0,74.918,69,Continue Monitoring,Normal
M-002,2024-01-02 18:00:00,52.896,94.525,8.588,1393.75,245.27,114.864,25.463,90.25,44.0,0,42.0,0.3655,0,63.453,60,Scheduled Maintenance,Normal
M-002,2024-01-02 18:15:00,52.971,97.291,6.796,1522.978,236.712,114.306,15.597,100.0,43.0,0,42.25,0.3682,0,63.178,60,Scheduled Maintenance,Normal
M-002,2024-01-02 18:30:00,53.06,103.399,6.37,1525.075,234.989,112.141,20.484,100.0,42.0,0,42.5,0.3404,0,65.957,62,Continue Monitoring,Normal
M-002,2024-01-02 18:45:00,54.646,102.636,7.556,1698.242,238.664,132.092,16.274,82.648,41.0,0,42.75,0.3667,0,63.334,60,Scheduled Maintenance,Normal
M-002,2024-01-02 19:00:00,49.272,105.203,7.822,1471.692,242.475,120.265,30.949,74.568,40.0,0,43.0,0.2912,0,70.884,66,Continue Monitoring,Normal
M-002,2024-01-02 19:15:00,53.418,96.55,3.926,1647.684,237.802,120.718,33.278,86.195,39.0,0,43.25,0.2721,0,72.79,68,Continue Monitoring,Normal
M-002,2024-01-02 19:30:00,53.175,98.026,8.086,1460.908,236.606,123.031,21.359,68.907,38.0,0,43.5,0.3163,0,68.366,64,Continue Monitoring,Normal
M-002,2024-01-02 19:45:00,50.352,101.91,7.282,1445.718,237.872,115.814,23.471,75.347,37.0,0,43.75,0.2464,0,75.355,70,Continue Monitoring,Normal
M-002,2024-01-02 20:00:00,52.295,97.966,6.595,1613.859,234.578,118.311,25.577,93.321,36.0,0,44.0,0.3335,0,66.647,63,Continue Monitoring,Normal
M-002,2024-01-02 20:15:00,56.634,96.607,5.581,1544.423,241.928,115.068,13.66,83.004,35.0,0,44.25,0.2171,0,78.293,72,Continue Monitoring,Normal
M-002,2024-01-02 20:30:00,57.311,95.527,7.444,1623.393,240.698,125.956,24.947,78.008,34.0,0,44.5,0.3088,0,69.122,65,Continue Monitoring,Normal
M-002,2024-01-02 20:45:00,53.335,96.18,6.148,1431.39,236.588,112.759,14.915,83.57,33.0,0,44.75,0.2139,0,78.609,72,Continue Monitoring,Normal
M-002,2024-01-02 21:00:00,62.115,96.773,10.255,1595.527,236.923,116.2,20.46,90.41,32.0,0,45.0,0.4358,0,56.419,55,Scheduled Maintenance,Normal
M-002,2024-01-02 21:15:00,66.17,93.415,8.012,1606.8,232.96,121.656,26.503,76.771,31.0,0,45.25,0.3059,0,69.406,65,Continue Monitoring,Normal
M-002,2024-01-02 21:30:00,58.3,90.558,5.062,1714.154,236.154,108.589,20.251,79.361,30.0,0,45.5,0.1588,0,84.117,77,Continue Monitoring,Normal
M-002,2024-01-02 21:45:00,56.935,97.744,5.213,1485.975,237.895,123.227,26.282,77.135,29.0,0,45.75,0.2401,0,75.985,70,Continue Monitoring,Normal
M-002,2024-01-02 22:00:00,63.059,92.976,9.411,1464.491,241.296,111.936,30.913,88.859,28.0,0,46.0,0.3694,0,63.062,60,Scheduled Maintenance,Normal
M-002,2024-01-02 22:15:00,55.745,93.573,7.963,1732.474,236.977,116.934,23.364,83.386,27.0,0,46.25,0.303,0,69.703,65,Continue Monitoring,Normal
M-002,2024-01-02 22:30:00,55.143,92.522,7.213,1757.307,241.914,122.168,20.52,88.643,26.0,0,46.5,0.3432,0,65.677,62,Continue Monitoring,Normal
M-002,2024-01-02 22:45:00,58.165,94.333,5.746,1466.564,237.944,118.1,22.906,85.668,25.0,0,46.75,0.2537,0,74.635,69,Continue Monitoring,Normal
M-002,2024-01-02 23:00:00,62.325,96.306,6.855,1670.588,234.642,119.479,22.775,72.531,24.0,0,47.0,0.251,0,74.902,69,Continue Monitoring,Normal
M-002,2024-01-02 23:15:00,62.091,92.619,6.192,1490.334,240.494,124.441,21.975,97.941,23.0,0,47.25,0.3869,0,61.309,59,Scheduled Maintenance,Normal
M-002,2024-01-02 23:30:00,61.662,103.451,6.626,1659.882,235.379,119.677,23.751,76.043,22.0,0,47.5,0.2436,0,75.639,70,Continue Monitoring,Normal
M-002,2024-01-02 23:45:00,70.066,94.951,7.338,1523.757,237.704,116.223,15.077,68.355,21.0,0,47.75,0.2508,0,74.921,69,Continue Monitoring,Normal
M-002,2024-01-03 00:00:00,74.192,93.333,4.935,1552.267,236.169,121.078,22.044,81.801,20.0,0,48.0,0.2416,0,75.845,70,Continue Monitoring,Normal
M-002,2024-01-03 00:15:00,61.475,95.047,5.763,1564.546,233.446,109.022,25.092,80.816,19.0,0,48.25,0.1673,0,83.272,76,Continue Monitoring,Normal
M-002,2024-01-03 00:30:00,68.515,94.058,8.092,1430.027,238.663,118.671,22.461,76.607,18.0,0,48.5,0.2923,0,70.769,66,Continue Monitoring,Normal
M-002,2024-01-03 00:45:00,61.217,89.374,6.022,1711.276,238.019,107.945,12.805,64.436,17.0,0,48.75,0.1561,0,84.392,77,Continue Monitoring,Normal
M-002,2024-01-03 01:00:00,64.296,89.722,5.043,1546.591,236.082,109.347,17.991,81.102,16.0,0,49.0,0.1712,0,82.88,76,Continue Monitoring,Normal
M-002,2024-01-03 01:15:00,61.08,93.142,8.484,1596.364,233.977,125.845,16.844,80.4,15.0,0,49.25,0.3497,0,65.034,62,Continue Monitoring,Normal
M-002,2024-01-03 01:30:00,68.567,92.7,7.736,1685.973,238.635,113.953,18.926,67.57,14.0,0,49.5,0.2529,0,74.708,69,Continue Monitoring,Normal
M-002,2024-01-03 01:45:00,70.232,90.633,8.503,1704.056,231.496,126.339,32.081,77.028,13.0,0,49.75,0.3501,0,64.986,61,Scheduled Maintenance,Normal
M-003,2024-01-01 00:00:00,83.878,102.239,1.378,1404.566,229.325,63.985,36.117,64.328,33.0,0,0.0,0.0345,0,96.553,87,Continue Monitoring,Normal
M-003,2024-01-01 00:15:00,86.371,108.815,3.294,1095.006,236.017,52.017,40.582,62.631,32.0,0,0.25,0.0566,0,94.337,85,Continue Monitoring,Normal
M-003,2024-01-01 00:30:00,84.487,107.582,0.855,1081.013,235.419,59.377,45.919,60.776,31.0,0,0.5,0.0399,0,96.012,86,Continue Monitoring,Normal
M-003,2024-01-01 00:45:00,77.489,109.436,1.533,1293.807,230.985,69.676,33.76,59.019,30.0,0,0.75,0.0,0,100.0,90,Continue Monitoring,Normal
M-003,2024-01-01 01:00:00,84.102,103.215,2.529,1455.92,231.582,61.022,22.519,63.166,29.0,0,1.0,0.0365,0,96.354,87,Continue Monitoring,Normal
M-003,2024-01-01 01:15:00,82.98,103.976,3.595,1233.005,232.646,55.706,27.509,53.387,28.0,0,1.25,0.0265,0,97.352,87,Continue Monitoring,Normal
M-003,2024-01-01 01:30:00,88.633,100.03,1.023,1233.777,238.535,63.816,35.66,78.89,27.0,0,1.5,0.0767,0,92.326,83,Continue Monitoring,Normal
M-003,2024-01-01 01:45:00,82.38,109.301,0.5,1420.033,232.21,51.327,37.692,69.742,26.0,0,1.75,0.0212,0,97.884,88,Continue Monitoring,Normal
M-003,2024-01-01 02:00:00,83.913,107.838,1.31,1375.081,234.88,58.19,36.337,69.589,25.0,0,2.0,0.0348,0,96.522,87,Continue Monitoring,Normal
M-003,2024-01-01 02:15:00,88.639,112.251,3.456,1427.03,242.944,62.318,41.883,76.199,24.0,0,2.25,0.0768,0,92.321,83,Continue Monitoring,Normal
M-003,2024-01-01 02:30:00,82.942,104.612,1.448,1396.766,233.28,59.764,45.488,78.852,23.0,0,2.5,0.0262,0,97.385,87,Continue Monitoring,Normal
M-003,2024-01-01 02:45:00,86.866,103.799,3.761,1420.914,229.107,56.694,39.944,79.045,22.0,0,2.75,0.061,0,93.897,85,Continue Monitoring,Normal
M-003,2024-01-01 03:00:00,91.683,106.515,3.006,1344.576,232.028,57.147,39.05,71.919,21.0,0,3.0,0.1038,0,89.616,81,Continue Monitoring,Normal
M-003,2024-01-01 03:15:00,81.022,104.314,2.28,1311.773,233.433,62.482,32.447,56.965,20.0,0,3.25,0.0091,0,99.091,89,Continue Monitoring,Normal
M-003,2024-01-01 03:30:00,87.687,107.631,4.579,1447.862,229.891,57.53,40.444,75.969,19.0,0,3.5,0.0683,0,93.167,84,Continue Monitoring,Normal
M-003,2024-01-01 03:45:00,91.745,102.409,2.322,1412.713,236.895,53.606,36.816,48.069,18.0,0,3.75,0.1044,0,89.56,81,Continue Monitoring,Normal
M-003,2024-01-01 04:00:00,87.602,103.398,0.819,1390.202,234.373,43.522,40.161,66.701,17.0,0,4.0,0.0676,0,93.243,84,Continue Monitoring,Normal
M-003,2024-01-01 04:15:00,92.521,100.928,2.303,1344.176,235.571,60.299,37.317,61.461,16.0,0,4.25,0.1113,0,88.87,81,Continue Monitoring,Normal
M-003,2024-01-01 04:30:00,85.152,102.814,2.265,1312.754,236.658,57.562,33.036,74.842,15.0,0,4.5,0.0458,0,95.421,86,Continue Monitoring,Normal
M-003,2024-01-01 04:45:00,92.437,105.324,4.921,1312.813,234.683,62.589,38.664,73.375,14.0,0,4.75,0.1105,0,88.945,81,Continue Monitoring,Normal
M-003,2024-01-01 05:00:00,85.799,102.592,0.803,1192.966,232.636,52.367,42.283,85.107,13.0,0,5.0,0.0894,0,91.062,82,Continue Monitoring,Normal
M-003,2024-01-01 05:15:00,88.833,103.111,0.5,1347.642,236.339,65.561,34.477,90.284,12.0,0,5.25,0.1547,0,84.531,77,Continue Monitoring,Normal
M-003,2024-01-01 05:30:00,86.827,99.909,3.33,1614.018,236.741,59.594,25.558,60.165,11.0,0,5.5,0.0607,0,93.932,85,Continue Monitoring,Normal
M-003,2024-01-01 05:45:00,93.837,102.331,0.803,1427.575,235.724,66.577,39.522,93.249,10.0,0,5.75,0.2211,0,77.887,72,Continue Monitoring,Normal
M-003,2024-01-01 06:00:00,93.77,102.806,3.856,1308.223,243.939,62.683,40.959,86.742,9.0,0,6.0,0.1723,0,82.766,76,Continue Monitoring,Normal
M-003,2024-01-01 06:15:00,101.652,105.271,0.5,1599.666,234.59,60.896,30.969,87.23,8.0,0,6.25,0.246,0,75.398,70,Continue Monitoring,Normal
M-003,2024-01-01 06:30:00,91.932,102.931,1.998,1667.544,241.675,60.562,38.998,78.658,7.0,0,6.5,0.1061,0,89.394,81,Continue Monitoring,Normal
M-003,2024-01-01 06:45:00,99.342,101.375,1.821,1558.937,234.228,60.062,29.094,89.807,6.0,0,6.75,0.2446,0,75.543,70,Continue Monitoring,Normal
M-003,2024-01-01 07:00:00,103.049,104.253,4.473,1344.601,236.666,53.814,37.183,90.807,5.0,0,7.0,0.2849,0,71.507,67,Continue Monitoring,Normal
M-003,2024-01-01 07:15:00,96.046,97.576,0.6,1284.678,237.545,74.954,46.69,64.391,4.0,0,7.25,0.1426,0,85.737,78,Continue Monitoring,Normal
M-003,2024-01-01 07:30:00,101.662,104.345,0.5,1417.968,239.469,64.449,30.626,89.67,3.0,0,7.5,0.2642,0,73.581,68,Continue Monitoring,Normal
M-003,2024-01-01 07:45:00,87.753,100.588,4.064,1460.137,234.797,66.912,44.292,96.82,2.0,0,7.75,0.1935,0,80.649,74,Continue Monitoring,Normal
M-003,2024-01-01 08:00:00,100.111,104.218,3.512,1493.009,236.673,59.115,31.132,74.268,1.0,0,8.0,0.1788,0,82.123,75,Continue Monitoring,Normal
M-003,2024-01-01 08:15:00,95.781,101.416,4.518,1458.98,239.525,68.421,36.98,89.814,33.0,0,8.25,0.213,0,78.702,72,Continue Monitoring,Normal
M-003,2024-01-01 08:30:00,96.215,104.376,3.406,1323.616,237.108,72.493,37.241,88.335,32.0,0,8.5,0.2059,0,79.412,73,Continue Monitoring,Normal
M-003,2024-01-01 08:45:00,99.638,97.017,3.246,1301.318,234.854,68.576,40.429,80.749,31.0,0,8.75,0.1801,0,81.99,75,Continue Monitoring,Normal
M-003,2024-01-01 09:00:00,99.489,99.665,2.564,1549.122,234.655,61.419,36.373,67.817,30.0,0,9.0,0.1732,0,82.677,76,Continue Monitoring,Normal
M-003,2024-01-01 09:15:00,94.254,104.271,3.1,1312.818,232.322,60.441,47.571,81.631,29.0,0,9.25,0.1388,0,86.122,78,Continue Monitoring,Normal
M-003,2024-01-01 09:30:00,103.38,100.345,3.236,1312.325,239.86,58.972,43.339,75.127,28.0,0,9.5,0.2078,0,79.218,73,Continue Monitoring,Normal
M-003,2024-01-01 09:45:00,99.06,100.07,2.376,1521.735,236.352,56.863,47.749,93.474,27.0,0,9.75,0.2692,0,73.077,68,Continue Monitoring,Normal
M-003,2024-01-01 10:00:00,95.491,100.449,1.566,1331.22,240.355,49.568,43.631,80.12,26.0,0,10.0,0.1386,0,86.141,78,Continue Monitoring,Normal
M-003,2024-01-01 10:15:00,97.855,99.706,3.435,1374.028,239.507,62.38,30.487,80.558,25.0,0,10.25,0.1628,0,83.716,76,Continue Monitoring,Normal
M-003,2024-01-01 10:30:00,104.375,103.244,3.64,1329.77,238.926,67.632,42.33,89.664,24.0,0,10.5,0.2883,0,71.174,66,Continue Monitoring,Normal
M-003,2024-01-01 10:45:00,100.435,97.741,1.799,1243.897,238.572,63.069,41.273,67.946,23.0,0,10.75,0.1816,0,81.835,75,Continue Monitoring,Normal
M-003,2024-01-01 11:00:00,101.677,103.871,2.776,1462.904,238.577,76.083,31.736,82.81,22.0,0,11.0,0.2135,0,78.65,72,Continue Monitoring,Normal
M-003,2024-01-01 11:15:00,95.996,95.822,2.612,1630.257,243.149,65.083,35.568,100.0,21.0,0,11.25,0.2903,0,70.967,66,Continue Monitoring,Normal
M-003,2024-01-01 11:30:00,97.564,95.512,0.5,1634.005,240.746,78.961,29.438,94.129,20.0,0,11.5,0.2608,0,73.922,69,Continue Monitoring,Normal
M-003,2024-01-01 11:45:00,99.617,99.413,0.5,1640.166,240.294,61.854,41.594,71.208,19.0,0,11.75,0.1744,0,82.563,76,Continue Monitoring,Normal
M-003,2024-01-01 12:00:00,97.063,95.383,0.5,1564.557,241.602,57.307,39.759,75.478,18.0,0,12.0,0.1517,0,84.833,77,Continue Monitoring,Normal
M-003,2024-01-01 12:15:00,100.72,94.677,1.504,1584.179,237.927,76.461,37.894,68.101,17.0,0,12.25,0.1842,0,81.582,75,Continue Monitoring,Normal
M-003,2024-01-01 12:30:00,104.324,98.247,3.774,1597.224,236.249,61.505,36.532,63.641,16.0,0,12.5,0.2162,0,78.379,72,Continue Monitoring,Normal
M-003,2024-01-01 12:45:00,98.353,100.169,3.103,1288.89,233.628,74.14,36.963,69.222,15.0,0,12.75,0.1631,0,83.687,76,Continue Monitoring,Normal
M-003,2024-01-01 13:00:00,98.284,91.543,4.779,1398.967,242.485,62.938,46.025,77.373,14.0,0,13.0,0.1625,0,83.747,76,Continue Monitoring,Normal
M-003,2024-01-01 13:15:00,102.749,97.957,3.674,1483.258,237.769,76.074,31.949,73.924,13.0,0,13.25,0.2022,0,79.779,73,Continue Monitoring,Normal
M-003,2024-01-01 13:30:00,99.333,96.842,2.215,1474.312,238.045,51.683,37.389,61.917,12.0,0,13.5,0.1719,0,82.815,76,Continue Monitoring,Normal
M-003,2024-01-01 13:45:00,92.257,95.892,3.514,1494.453,240.336,49.318,29.106,91.668,11.0,0,13.75,0.1954,0,80.462,74,Continue Monitoring,Normal
M-003,2024-01-01 14:00:00,94.908,97.172,1.884,1435.197,236.815,66.867,38.033,66.432,10.0,0,14.0,0.1325,0,86.748,79,Continue Monitoring,Normal
M-003,2024-01-01 14:15:00,94.782,96.013,1.163,1471.009,246.674,72.477,41.461,69.013,9.0,0,14.25,0.1314,0,86.861,79,Continue Monitoring,Normal
M-003,2024-01-01 14:30:00,91.095,91.124,4.672,1318.713,236.774,61.957,30.717,56.532,8.0,0,14.5,0.0986,0,90.137,82,Continue Monitoring,Normal
M-003,2024-01-01 14:45:00,98.499,92.31,1.854,1313.22,240.515,61.581,35.956,73.677,7.0,0,14.75,0.1644,0,83.556,76,Continue Monitoring,Normal
M-003,2024-01-01 15:00:00,97.967,94.056,3.565,1480.342,238.582,63.861,32.273,57.989,6.0,0,15.0,0.1597,0,84.03,77,Continue Monitoring,Normal
M-003,2024-01-01 15:15:00,101.428,96.145,3.559,1426.785,239.235,68.261,42.511,74.58,5.0,0,15.25,0.1905,0,80.953,74,Continue Monitoring,Normal
M-003,2024-01-01 15:30:00,97.749,98.903,3.256,1461.629,240.014,65.205,32.421,71.338,4.0,0,15.5,0.1578,0,84.223,77,Continue Monitoring,Normal
M-003,2024-01-01 15:45:00,109.317,93.563,3.051,1324.611,237.773,74.377,32.732,58.428,3.0,0,15.75,0.2606,0,73.941,69,Continue Monitoring,Normal
M-003,2024-01-01 16:00:00,91.353,92.372,0.574,1446.145,247.705,61.09,26.704,71.004,2.0,0,16.0,0.1009,0,89.909,81,Continue Monitoring,Normal
M-003,2024-01-01 16:15:00,94.546,98.514,2.586,1286.457,238.838,69.051,35.273,55.865,1.0,0,16.25,0.1293,0,87.07,79,Continue Monitoring,Normal
M-003,2024-01-01 16:30:00,96.394,90.785,3.552,1139.599,238.104,69.152,38.389,65.559,33.0,0,16.5,0.1457,0,85.427,78,Continue Monitoring,Normal
M-003,2024-01-01 16:45:00,96.649,98.108,4.306,1399.074,242.283,69.179,33.866,45.039,32.0,0,16.75,0.148,0,85.201,78,Continue Monitoring,Normal
M-003,2024-01-01 17:00:00,98.295,96.248,4.553,1224.521,236.842,67.236,36.007,38.443,31.0,0,17.0,0.1626,0,83.738,76,Continue Monitoring,Normal
M-003,2024-01-01 17:15:00,97.804,89.077,1.718,1490.249,245.096,55.597,34.388,56.553,30.0,0,17.25,0.1583,0,84.174,77,Continue Monitoring,Normal
M-003,2024-01-01 17:30:00,103.103,93.193,2.389,1504.9,238.555,69.252,27.432,53.247,29.0,0,17.5,0.2054,0,79.464,73,Continue Monitoring,Normal
M-003,2024-01-01 17:45:00,89.0,91.556,4.246,1303.923,238.778,59.045,34.901,56.812,28.0,0,17.75,0.08,0,92.0,83,Continue Monitoring,Normal
M-003,2024-01-01 18:00:00,99.217,86.911,1.922,1319.728,239.493,67.2,37.759,49.605,27.0,0,18.0,0.1708,0,82.918,76,Continue Monitoring,Normal
M-003,2024-01-01 18:15:00,92.81,94.126,4.709,1203.401,239.654,65.75,45.445,48.516,26.0,0,18.25,0.1139,0,88.613,80,Continue Monitoring,Normal
M-003,2024-01-01 18:30:00,98.373,98.648,3.027,1256.457,238.906,62.765,41.136,52.712,25.0,0,18.5,0.1633,0,83.669,76,Continue Monitoring,Normal
M-003,2024-01-01 18:45:00,95.085,91.679,1.777,1529.368,239.408,59.223,44.525,52.122,24.0,0,18.75,0.1341,0,86.591,79,Continue Monitoring,Normal
M-003,2024-01-01 19:00:00,96.05,94.754,2.7,1242.14,235.841,64.121,37.642,66.731,23.0,0,19.0,0.1427,0,85.733,78,Continue Monitoring,Normal
M-003,2024-01-01 19:15:00,93.663,88.292,3.03,1581.507,242.633,59.15,39.339,39.752,22.0,0,19.25,0.1215,0,87.855,80,Continue Monitoring,Normal
M-003,2024-01-01 19:30:00,87.474,94.388,3.304,1018.338,236.63,64.989,33.27,50.093,21.0,0,19.5,0.0664,0,93.356,84,Continue Monitoring,Normal
M-003,2024-01-01 19:45:00,87.59,97.725,1.534,1430.325,234.972,57.358,38.149,61.787,20.0,0,19.75,0.0675,0,93.254,84,Continue Monitoring,Normal
M-003,2024-01-01 20:00:00,93.256,97.432,3.231,1100.214,238.689,56.613,27.898,48.193,19.0,0,20.0,0.1178,0,88.217,80,Continue Monitoring,Normal
M-003,2024-01-01 20:15:00,87.041,96.874,1.399,1249.133,238.731,75.033,37.438,55.597,18.0,0,20.25,0.0626,0,93.742,84,Continue Monitoring,Normal
M-003,2024-01-01 20:30:00,88.038,96.265,1.863,1154.135,239.447,60.195,28.127,28.203,17.0,0,20.5,0.0715,0,92.855,84,Continue Monitoring,Normal
M-003,2024-01-01 20:45:00,81.22,93.12,4.13,1002.178,236.163,77.903,31.525,44.683,16.0,0,20.75,0.0108,0,98.916,89,Continue Monitoring,Normal
M-003,2024-01-01 21:00:00,92.657,98.478,1.135,1156.546,235.445,82.58,25.699,30.168,15.0,0,21.0,0.1268,0,87.316,79,Continue Monitoring,Normal
M-003,2024-01-01 21:15:00,85.425,92.211,5.175,1465.303,238.903,56.303,21.771,37.419,14.0,0,21.25,0.0482,0,95.178,86,Continue Monitoring,Normal
M-003,2024-01-01 21:30:00,87.814,94.966,3.606,1212.441,241.327,63.423,28.506,45.775,13.0,0,21.5,0.0695,0,93.054,84,Continue Monitoring,Normal
M-003,2024-01-01 21:45:00,88.615,99.813,4.417,984.91,236.082,60.437,28.701,45.969,12.0,0,21.75,0.0766,0,92.343,83,Continue Monitoring,Normal
M-003,2024-01-01 22:00:00,89.447,100.68,3.881,1171.166,244.008,69.104,35.371,52.567,11.0,0,22.0,0.084,0,91.602,83,Continue Monitoring,Normal
M-003,2024-01-01 22:15:00,87.974,96.712,2.168,1221.216,244.143,65.552,42.732,17.455,10.0,0,22.25,0.0709,0,92.912,84,Continue Monitoring,Normal
M-003,2024-01-01 22:30:00,86.756,97.753,2.338,1413.774,240.254,63.142,34.963,16.567,9.0,0,22.5,0.0601,0,93.994,85,Continue Monitoring,Normal
M-003,2024-01-01 22:45:00,83.398,101.078,2.491,1019.252,244.4,75.468,37.832,31.534,8.0,0,22.75,0.0302,0,96.979,87,Continue Monitoring,Normal
M-003,2024-01-01 23:00:00,84.934,95.976,1.994,984.554,238.634,58.933,25.27,37.82,7.0,0,23.0,0.0439,0,95.614,86,Continue Monitoring,Normal
M-003,2024-01-01 23:15:00,86.281,103.756,2.466,1136.759,241.441,64.489,39.04,42.971,6.0,0,23.25,0.0558,0,94.417,85,Continue Monitoring,Normal
M-003,2024-01-01 23:30:00,86.098,98.157,2.916,928.627,238.098,62.002,27.752,39.262,5.0,0,23.5,0.0542,0,94.579,85,Continue Monitoring,Normal
M-003,2024-01-01 23:45:00,89.018,96.473,3.828,960.396,239.611,61.614,38.029,27.773,4.0,0,23.75,0.0802,0,91.984,83,Continue Monitoring,Normal
M-003,2024-01-02 00:00:00,87.719,98.736,2.537,926.039,241.295,72.803,35.979,56.702,3.0,0,24.0,0.0686,0,93.139,84,Continue Monitoring,Normal
M-003,2024-01-02 00:15:00,88.829,98.83,3.016,1124.972,238.028,74.79,36.43,36.685,2.0,0,24.25,0.0785,0,92.152,83,Continue Monitoring,Normal
M-003,2024-01-02 00:30:00,85.294,105.201,3.716,1047.455,245.073,73.489,32.256,34.033,1.0,0,24.5,0.0471,0,95.294,86,Continue Monitoring,Normal
M-003,2024-01-02 00:45:00,82.763,101.4,1.592,868.584,237.888,60.053,30.241,40.245,33.0,0,24.75,0.0246,0,97.544,88,Continue Monitoring,Normal
M-003,2024-01-02 01:00:00,80.74,101.187,1.792,991.208,242.313,71.061,29.678,35.487,32.0,0,25.0,0.0066,0,99.342,89,Continue Monitoring,Normal
M-003,2024-01-02 01:15:00,89.646,100.827,2.551,1018.95,240.826,65.928,33.758,19.464,31.0,0,25.25,0.0857,0,91.426,83,Continue Monitoring,Normal
M-003,2024-01-02 01:30:00,76.435,100.714,3.305,965.338,240.016,67.503,39.205,32.989,30.0,0,25.5,0.0,0,100.0,90,Continue Monitoring,Normal
M-003,2024-01-02 01:45:00,81.318,99.818,4.352,1072.14,243.139,72.16,37.322,33.136,29.0,0,25.75,0.0117,0,98.828,89,Continue Monitoring,Normal
M-003,2024-01-02 02:00:00,80.14,104.912,2.653,945.719,241.079,70.163,28.766,33.566,28.0,0,26.0,0.0012,0,99.876,89,Continue Monitoring,Normal
M-003,2024-01-02 02:15:00,78.224,95.352,3.274,996.636,240.045,77.258,26.338,26.315,27.0,0,26.25,0.0,0,100.0,90,Continue Monitoring,Normal
M-003,2024-01-02 02:30:00,67.594,100.829,3.042,949.025,243.838,73.461,34.022,31.157,26.0,0,26.5,0.0,0,100.0,90,Continue Monitoring,Normal
M-003,2024-01-02 02:45:00,81.594,102.482,2.466,799.308,239.179,72.809,47.136,35.835,25.0,0,26.75,0.0142,0,98.583,88,Continue Monitoring,Normal
M-003,2024-01-02 03:00:00,73.878,99.251,4.399,788.876,242.139,73.34,36.016,33.43,24.0,0,27.0,0.0,0,100.0,90,Continue Monitoring,Normal
M-003,2024-01-02 03:15:00,78.654,103.58,2.552,1218.396,239.416,73.137,18.809,48.85,23.0,0,27.25,0.0,0,100.0,90,Continue Monitoring,Normal
M-003,2024-01-02 03:30:00,81.729,103.411,4.438,1059.434,238.524,71.626,28.391,30.508,22.0,0,27.5,0.0154,0,98.463,88,Continue Monitoring,Normal
M-003,2024-01-02 03:45:00,79.826,106.494,2.682,900.805,238.495,73.015,27.166,40.722,21.0,0,27.75,0.0,0,100.0,90,Continue Monitoring,Normal
M-003,2024-01-02 04:00:00,77.777,103.548,5.1,949.101,239.768,61.136,39.191,30.097,20.0,0,28.0,0.0,0,100.0,90,Continue Monitoring,Normal
M-003,2024-01-02 04:15:00,75.666,103.834,2.227,909.676,244.533,69.478,26.956,41.47,19.0,0,28.25,0.0,0,100.0,90,Continue Monitoring,Normal
M-003,2024-01-02 04:30:00,73.167,114.637,4.115,934.614,244.618,55.269,33.5,59.061,18.0,0,28.5,0.0,0,100.0,90,Continue Monitoring,Normal
M-003,2024-01-02 04:45:00,72.779,99.294,3.177,1152.728,241.458,62.374,28.746,34.263,17.0,0,28.75,0.0,0,100.0,90,Continue Monitoring,Normal
M-003,2024-01-02 05:00:00,74.189,108.719,5.22,1031.181,236.305,59.041,35.981,27.192,16.0,0,29.0,0.0,0,100.0,90,Continue Monitoring,Normal
M-003,2024-01-02 05:15:00,71.351,105.819,2.169,852.203,239.985,71.952,39.075,47.543,15.0,0,29.25,0.0,0,100.0,90,Continue Monitoring,Normal
M-003,2024-01-02 05:30:00,72.066,102.86,2.277,912.847,241.463,70.873,20.031,34.481,14.0,0,29.5,0.0,0,100.0,90,Continue Monitoring,Normal
M-003,2024-01-02 05:45:00,76.116,105.518,1.807,1256.273,240.11,71.297,34.952,39.564,13.0,0,29.75,0.0,0,100.0,90,Continue Monitoring,Normal
M-003,2024-01-02 06:00:00,67.925,111.817,5.211,1072.014,241.888,61.673,40.145,35.745,12.0,0,30.0,0.0,0,100.0,90,Continue Monitoring,Normal
M-003,2024-01-02 06:15:00,71.517,100.694,0.964,1011.77,237.692,54.862,35.649,66.346,11.0,0,30.25,0.0,0,100.0,90,Continue Monitoring,Normal
M-003,2024-01-02 06:30:00,75.5,104.99,3.849,1080.677,243.444,66.472,32.536,49.151,10.0,0,30.5,0.0,0,100.0,90,Continue Monitoring,Normal
M-003,2024-01-02 06:45:00,71.728,105.501,3.683,1140.695,243.663,72.308,42.572,43.308,9.0,0,30.75,0.0,0,100.0,90,Continue Monitoring,Normal
M-003,2024-01-02 07:00:00,75.586,107.654,8.446,833.362,237.921,71.988,34.568,67.727,8.0,0,31.0,0.0906,0,90.942,82,Continue Monitoring,Normal
M-003,2024-01-02 07:15:00,66.014,108.856,5.509,1062.743,237.059,79.001,39.488,55.299,7.0,0,31.25,0.0,0,100.0,90,Continue Monitoring,Normal
M-003,2024-01-02 07:30:00,69.112,106.921,3.786,1057.184,239.986,63.297,25.748,42.882,6.0,0,31.5,0.0,0,100.0,90,Continue Monitoring,Normal
M-003,2024-01-02 07:45:00,68.802,106.251,4.213,1042.866,237.96,79.586,30.361,47.185,5.0,0,31.75,0.0,0,100.0,90,Continue Monitoring,Normal
M-003,2024-01-02 08:00:00,69.476,100.9,2.819,1103.347,234.577,77.239,40.963,48.959,4.0,0,32.0,0.0,0,100.0,90,Continue Monitoring,Normal
M-003,2024-01-02 08:15:00,68.36,109.83,3.288,1092.967,237.722,66.163,27.029,57.227,3.0,0,32.25,0.0,0,100.0,90,Continue Monitoring,Normal
M-003,2024-01-02 08:30:00,71.485,105.971,2.176,862.487,240.863,82.505,34.117,51.091,2.0,0,32.5,0.0139,0,98.608,88,Continue Monitoring,Normal
M-003,2024-01-02 08:45:00,69.593,105.843,3.442,881.331,243.846,51.912,36.473,51.49,1.0,0,32.75,0.0,0,100.0,90,Continue Monitoring,Normal
M-003,2024-01-02 09:00:00,64.577,111.663,2.986,919.022,239.17,72.673,28.965,41.562,33.0,0,33.0,0.0,0,100.0,90,Continue Monitoring,Normal
M-003,2024-01-02 09:15:00,62.46,110.441,4.106,1059.388,238.716,65.25,41.613,56.596,32.0,0,33.25,0.0,0,100.0,90,Continue Monitoring,Normal
M-003,2024-01-02 09:30:00,63.869,109.883,3.005,938.855,239.467,69.958,33.038,80.573,31.0,0,33.5,0.0042,0,99.576,89,Continue Monitoring,Normal
M-003,2024-01-02 09:45:00,66.723,99.445,4.488,1020.06,239.502,71.768,31.241,60.306,30.0,0,33.75,0.0,0,100.0,90,Continue Monitoring,Normal
M-003,2024-01-02 10:00:00,67.581,104.924,2.719,1383.981,237.158,70.837,22.372,63.169,29.0,0,34.0,0.0,0,100.0,90,Continue Monitoring,Normal
M-003,2024-01-02 10:15:00,61.163,105.181,5.524,1083.694,240.943,57.828,42.301,51.25,28.0,0,34.25,0.0,0,100.0,90,Continue Monitoring,Normal
M-003,2024-01-02 10:30:00,70.794,109.518,4.884,930.682,239.622,67.02,31.389,61.825,27.0,0,34.5,0.0,0,100.0,90,Continue Monitoring,Normal
M-003,2024-01-02 10:45:00,56.326,109.75,3.978,981.625,237.415,72.915,25.788,42.916,26.0,0,34.75,0.0,0,100.0,90,Continue Monitoring,Normal
M-003,2024-01-02 11:00:00,65.925,107.861,3.827,908.857,239.29,60.245,24.923,59.089,25.0,0,35.0,0.0,0,100.0,90,Continue Monitoring,Normal
M-003,2024-01-02 11:15:00,67.506,105.122,3.494,1288.245,240.006,72.959,28.805,61.744,24.0,0,35.25,0.0,0,100.0,90,Continue Monitoring,Normal
M-003,2024-01-02 11:30:00,55.236,109.01,4.764,1039.52,238.46,75.829,21.632,62.9,23.0,0,35.5,0.0,0,100.0,90,Continue Monitoring,Normal
M-003,2024-01-02 11:45:00,59.304,111.3,5.377,804.285,234.253,69.84,28.064,56.625,22.0,0,35.75,0.0,0,100.0,90,Continue Monitoring,Normal
M-003,2024-01-02 12:00:00,71.514,106.793,4.831,993.394,240.882,68.193,29.138,77.024,21.0,0,36.0,0.0,0,100.0,90,Continue Monitoring,Normal
M-003,2024-01-02 12:15:00,57.121,110.505,4.437,1238.203,235.408,64.484,23.806,74.436,20.0,0,36.25,0.0,0,100.0,90,Continue Monitoring,Normal
M-003,2024-01-02 12:30:00,63.822,104.167,2.776,940.766,238.406,67.777,26.605,88.394,19.0,0,36.5,0.0622,0,93.783,85,Continue Monitoring,Normal
M-003,2024-01-02 12:45:00,63.166,109.206,3.465,1130.6,238.301,59.243,39.23,72.53,18.0,0,36.75,0.0,0,100.0,90,Continue Monitoring,Normal
M-003,2024-01-02 13:00:00,66.437,102.965,3.995,1005.862,242.091,73.396,32.805,88.388,17.0,0,37.0,0.0621,0,93.787,85,Continue Monitoring,Normal
M-003,2024-01-02 13:15:00,68.05,107.331,2.251,1035.236,235.284,76.399,31.569,61.791,16.0,0,37.25,0.0,0,100.0,90,Continue Monitoring,Normal
M-003,2024-01-02 13:30:00,62.661,100.358,4.182,929.066,239.794,74.042,41.937,85.027,15.0,0,37.5,0.0372,0,96.276,87,Continue Monitoring,Normal
M-003,2024-01-02 13:45:00,61.733,107.09,2.314,1021.356,239.118,56.379,30.211,67.159,14.0,0,37.75,0.0,0,100.0,90,Continue Monitoring,Normal
M-003,2024-01-02 14:00:00,63.857,101.189,4.88,1148.447,242.228,71.623,25.768,75.665,13.0,0,38.0,0.0,0,100.0,90,Continue Monitoring,Normal
M-003,2024-01-02 14:15:00,58.119,105.419,5.127,1451.825,236.069,69.792,26.872,80.984,12.0,0,38.25,0.0073,0,99.271,89,Continue Monitoring,Normal
M-003,2024-01-02 14:30:00,65.085,103.81,5.837,1090.983,240.8,75.526,30.202,76.398,11.0,0,38.5,0.0,0,100.0,90,Continue Monitoring,Normal
M-003,2024-01-02 14:45:00,73.344,101.282,4.748,1084.583,243.103,78.054,26.153,85.313,10.0,0,38.75,0.0394,0,96.065,86,Continue Monitoring,Normal
M-003,2024-01-02 15:00:00,64.765,101.938,5.408,1230.99,238.297,71.643,32.759,83.072,9.0,0,39.0,0.0228,0,97.724,88,Continue Monitoring,Normal
M-003,2024-01-02 15:15:00,64.086,101.314,6.732,1067.947,238.836,69.785,40.68,72.286,8.0,0,39.25,0.0271,0,97.287,87,Continue Monitoring,Normal
M-003,2024-01-02 15:30:00,61.04,100.071,4.829,1039.001,236.018,57.05,31.517,76.812,7.0,0,39.5,0.0,0,100.0,90,Continue Monitoring,Normal
M-003,2024-01-02 15:45:00,58.178,105.975,2.56,1309.2,235.251,83.417,34.524,72.176,6.0,0,39.75,0.019,0,98.102,88,Continue Monitoring,Normal
M-003,2024-01-02 16:00:00,60.629,104.268,4.039,1203.061,241.07,67.055,30.528,92.193,5.0,0,40.0,0.0903,0,90.968,82,Continue Monitoring,Normal
M-003,2024-01-02 16:15:00,67.716,101.702,4.017,1024.539,233.982,74.615,29.107,83.734,4.0,0,40.25,0.0277,0,97.234,87,Continue Monitoring,Normal
M-003,2024-01-02 16:30:00,68.837,98.344,4.106,1265.642,234.935,82.497,35.341,86.17,3.0,0,40.5,0.0596,0,94.043,85,Continue Monitoring,Normal
M-003,2024-01-02 16:45:00,72.073,97.132,4.44,1296.727,234.199,74.671,23.207,90.404,2.0,0,40.75,0.0771,0,92.293,83,Continue Monitoring,Normal
M-003,2024-01-02 17:00:00,69.36,102.167,1.872,1146.475,238.532,72.805,13.639,96.102,1.0,0,41.0,0.1193,0,88.073,80,Continue Monitoring,Normal
M-003,2024-01-02 17:15:00,65.924,98.611,5.874,1190.85,234.665,75.255,40.448,100.0,33.0,0,41.25,0.1481,0,85.185,78,Continue Monitoring,Normal
M-003,2024-01-02 17:30:00,67.081,102.173,5.604,1130.905,238.556,67.698,31.632,81.584,32.0,0,41.5,0.0117,0,98.827,89,Continue Monitoring,Normal
M-003,2024-01-02 17:45:00,67.927,100.858,0.5,1312.709,238.441,76.048,29.066,100.0,31.0,0,41.75,0.1481,0,85.185,78,Continue Monitoring,Normal
M-003,2024-01-02 18:00:00,67.463,101.534,5.988,1344.147,233.711,55.948,26.781,91.431,30.0,0,42.0,0.0847,0,91.533,83,Continue Monitoring,Normal
M-003,2024-01-02 18:15:00,65.116,102.343,4.749,1464.479,235.409,76.38,32.642,98.736,29.0,0,42.25,0.1388,0,86.122,78,Continue Monitoring,Normal
M-003,2024-01-02 18:30:00,60.027,98.284,5.744,1504.56,236.903,71.147,34.113,92.25,28.0,0,42.5,0.0907,0,90.926,82,Continue Monitoring,Normal
M-003,2024-01-02 18:45:00,65.754,100.372,6.224,1554.902,238.298,73.595,29.21,88.925,27.0,0,42.75,0.0744,0,92.559,84,Continue Monitoring,Normal
M-003,2024-01-02 19:00:00,67.084,99.674,3.105,1492.526,232.537,70.351,30.087,100.0,26.0,0,43.0,0.1481,0,85.185,78,Continue Monitoring,Normal
M-003,2024-01-02 19:15:00,66.223,96.835,3.83,1544.605,227.406,66.447,45.856,88.674,25.0,0,43.25,0.0643,0,93.575,84,Continue Monitoring,Normal
M-003,2024-01-02 19:30:00,63.871,98.439,4.711,1455.542,241.247,76.276,26.198,90.263,24.0,0,43.5,0.076,0,92.397,83,Continue Monitoring,Normal
M-003,2024-01-02 19:45:00,65.895,95.201,2.167,1174.459,232.923,65.402,31.285,69.974,23.0,0,43.75,0.0,0,100.0,90,Continue Monitoring,Normal
M-003,2024-01-02 20:00:00,56.519,94.911,3.986,1297.674,240.054,69.441,34.662,81.301,22.0,0,44.0,0.0096,0,99.036,89,Continue Monitoring,Normal
M-003,2024-01-02 20:15:00,69.343,95.284,4.579,1286.344,235.889,72.173,23.68,90.884,21.0,0,44.25,0.0806,0,91.938,83,Continue Monitoring,Normal
M-003,2024-01-02 20:30:00,71.65,96.199,4.88,1375.685,232.658,74.41,25.595,70.94,20.0,0,44.5,0.0,0,100.0,90,Continue Monitoring,Normal
M-003,2024-01-02 20:45:00,63.892,96.228,5.485,1309.723,242.704,80.206,37.121,87.718,19.0,0,44.75,0.0583,0,94.168,85,Continue Monitoring,Normal
M-003,2024-01-02 21:00:00,78.247,94.71,1.121,1346.624,236.698,75.157,30.923,92.305,18.0,0,45.0,0.0911,0,90.885,82,Continue Monitoring,Normal
M-003,2024-01-02 21:15:00,72.827,99.243,3.406,1275.515,239.745,74.893,25.507,72.167,17.0,0,45.25,0.0,0,100.0,90,Continue Monitoring,Normal
M-003,2024-01-02 21:30:00,69.175,94.503,2.94,1233.433,234.198,70.126,35.867,80.554,16.0,0,45.5,0.0041,0,99.59,89,Continue Monitoring,Normal
M-003,2024-01-02 21:45:00,73.314,94.193,4.582,1463.031,236.81,73.709,35.677,76.904,15.0,0,45.75,0.0,0,100.0,90,Continue Monitoring,Normal
M-003,2024-01-02 22:00:00,75.916,94.754,2.229,1457.839,236.716,78.484,31.715,72.498,14.0,0,46.0,0.0,0,100.0,90,Continue Monitoring,Normal
M-003,2024-01-02 22:15:00,70.017,97.69,5.378,1363.941,237.747,68.366,25.662,91.471,13.0,0,46.25,0.085,0,91.503,83,Continue Monitoring,Normal
M-003,2024-01-02 22:30:00,77.226,94.783,5.199,1455.117,226.059,68.291,28.84,70.627,12.0,0,46.5,0.0,0,100.0,90,Continue Monitoring,Normal
M-003,2024-01-02 22:45:00,75.256,99.077,4.361,1314.587,235.148,72.44,28.193,70.328,11.0,0,46.75,0.0,0,100.0,90,Continue Monitoring,Normal
M-003,2024-01-02 23:00:00,83.757,88.81,4.283,1445.691,231.706,81.115,33.993,71.789,10.0,0,47.0,0.0396,0,96.041,86,Continue Monitoring,Normal
M-003,2024-01-02 23:15:00,74.236,95.05,4.694,1441.013,233.362,76.673,33.619,58.954,9.0,0,47.25,0.0,0,100.0,90,Continue Monitoring,Normal
M-003,2024-01-02 23:30:00,71.651,90.006,6.069,1484.391,235.318,64.99,39.796,64.132,8.0,0,47.5,0.0026,0,99.744,89,Continue Monitoring,Normal
M-003,2024-01-02 23:45:00,77.067,97.692,3.489,1392.371,234.216,95.089,30.882,85.222,7.0,0,47.75,0.1225,0,87.749,80,Continue Monitoring,Normal
M-003,2024-01-03 00:00:00,81.762,96.123,3.501,1588.316,229.059,86.382,30.265,41.571,6.0,0,48.0,0.0511,0,94.888,85,Continue Monitoring,Normal
M-003,2024-01-03 00:15:00,76.127,96.883,4.569,1549.796,230.879,66.124,28.627,67.284,5.0,0,48.25,0.0,0,100.0,90,Continue Monitoring,Normal
M-003,2024-01-03 00:30:00,76.649,98.518,3.726,1504.054,233.508,64.459,21.133,65.964,4.0,0,48.5,0.0,0,100.0,90,Continue Monitoring,Normal
M-003,2024-01-03 00:45:00,86.525,96.501,2.515,1095.32,235.378,74.773,35.888,55.9,3.0,0,48.75,0.058,0,94.2,85,Continue Monitoring,Normal
M-003,2024-01-03 01:00:00,80.561,97.242,4.32,1419.174,233.129,79.335,28.949,73.295,2.0,0,49.0,0.005,0,99.502,89,Continue Monitoring,Normal
M-003,2024-01-03 01:15:00,77.874,90.672,7.729,1399.093,231.222,75.166,29.434,58.526,1.0,0,49.25,0.064,0,93.596,84,Continue Monitoring,Normal
M-003,2024-01-03 01:30:00,80.216,94.505,5.221,1189.713,238.445,74.685,32.511,47.442,33.0,0,49.5,0.0019,0,99.808,89,Continue Monitoring,Normal
M-003,2024-01-03 01:45:00,78.966,92.587,7.049,1402.892,234.951,71.253,26.31,57.593,32.0,0,49.75,0.0388,0,96.116,86,Continue Monitoring,Normal
M-004,2024-01-01 00:00:00,76.199,96.372,2.986,1230.4,216.117,44.508,23.791,46.353,76.0,0,0.0,0.0,0,100.0,90,Continue Monitoring,Normal
M-004,2024-01-01 00:15:00,84.309,95.471,3.319,1129.212,219.324,53.101,29.418,68.334,75.0,0,0.25,0.0383,0,96.17,86,Continue Monitoring,Normal
M-004,2024-01-01 00:30:00,74.353,92.04,4.148,1051.612,217.445,51.738,29.284,33.178,74.0,0,0.5,0.0,0,100.0,90,Continue Monitoring,Normal
M-004,2024-01-01 00:45:00,84.346,94.71,3.178,1132.844,219.761,49.235,28.625,71.843,73.0,0,0.75,0.0386,0,96.137,86,Continue Monitoring,Normal
M-004,2024-01-01 01:00:00,82.91,89.102,2.734,1084.797,216.03,48.333,27.951,60.84,72.0,0,1.0,0.0259,0,97.414,87,Continue Monitoring,Normal
M-004,2024-01-01 01:15:00,85.4,94.174,0.958,1191.719,220.569,51.313,28.941,57.035,71.0,0,1.25,0.048,0,95.2,86,Continue Monitoring,Normal
M-004,2024-01-01 01:30:00,82.249,93.211,4.741,1245.643,223.416,59.716,21.801,42.739,70.0,0,1.5,0.02,0,98.001,88,Continue Monitoring,Normal
M-004,2024-01-01 01:45:00,80.863,89.883,2.4,1349.522,223.768,58.048,27.922,34.061,69.0,0,1.75,0.0077,0,99.233,89,Continue Monitoring,Normal
M-004,2024-01-01 02:00:00,85.03,92.427,2.797,1537.907,223.849,61.476,24.814,50.859,68.0,0,2.0,0.0447,0,95.529,86,Continue Monitoring,Normal
M-004,2024-01-01 02:15:00,84.913,89.913,3.257,1337.263,216.987,64.449,31.19,39.782,67.0,0,2.25,0.0437,0,95.633,86,Continue Monitoring,Normal
M-004,2024-01-01 02:30:00,85.628,92.961,3.933,1263.078,222.86,57.471,22.674,43.983,66.0,0,2.5,0.05,0,94.998,85,Continue Monitoring,Normal
M-004,2024-01-01 02:45:00,90.858,95.571,3.038,1492.054,223.67,61.036,25.084,76.486,65.0,0,2.75,0.0965,0,90.348,82,Continue Monitoring,Normal
M-004,2024-01-01 03:00:00,89.042,90.679,1.666,1352.216,215.611,61.239,24.816,63.887,64.0,0,3.0,0.0804,0,91.962,83,Continue Monitoring,Normal
M-004,2024-01-01 03:15:00,85.333,90.887,1.557,1310.712,226.415,66.126,32.649,60.908,63.0,0,3.25,0.0474,0,95.26,86,Continue Monitoring,Normal
M-004,2024-01-01 03:30:00,91.312,94.902,1.469,1329.236,215.404,64.383,42.896,62.909,62.0,0,3.5,0.1005,0,89.945,81,Continue Monitoring,Normal
M-004,2024-01-01 03:45:00,79.943,93.16,1.38,1267.195,222.872,58.393,27.559,56.525,61.0,0,3.75,0.0,0,100.0,90,Continue Monitoring,Normal
M-004,2024-01-01 04:00:00,89.446,89.916,1.108,1314.943,222.133,55.454,21.988,73.79,60.0,0,4.0,0.084,0,91.604,83,Continue Monitoring,Normal
M-004,2024-01-01 04:15:00,78.478,89.607,1.808,1380.459,222.921,64.678,26.175,70.604,59.0,0,4.25,0.0,0,100.0,90,Continue Monitoring,Normal
M-004,2024-01-01 04:30:00,90.699,85.604,5.352,1197.613,222.615,59.611,32.082,60.592,58.0,0,4.5,0.0951,0,90.49,82,Continue Monitoring,Normal
M-004,2024-01-01 04:45:00,93.697,85.841,2.614,1309.939,219.445,59.972,36.87,62.864,57.0,0,4.75,0.1218,0,87.825,80,Continue Monitoring,Normal
M-004,2024-01-01 05:00:00,93.974,90.447,1.471,1353.727,220.699,52.184,32.952,69.357,56.0,0,5.0,0.1242,0,87.579,80,Continue Monitoring,Normal
M-004,2024-01-01 05:15:00,84.94,85.111,3.331,1293.65,222.622,62.617,22.731,53.565,55.0,0,5.25,0.0439,0,95.608,86,Continue Monitoring,Normal
M-004,2024-01-01 05:30:00,98.442,90.88,2.164,1285.933,220.304,48.907,35.631,60.536,54.0,0,5.5,0.1639,0,83.607,76,Continue Monitoring,Normal
M-004,2024-01-01 05:45:00,96.549,88.377,1.306,1353.077,214.08,56.485,29.283,77.127,53.0,0,5.75,0.1471,0,85.29,78,Continue Monitoring,Normal
M-004,2024-01-01 06:00:00,85.047,92.811,3.93,1560.404,221.912,64.518,21.448,76.536,52.0,0,6.0,0.0449,0,95.513,86,Continue Monitoring,Normal
M-004,2024-01-01 06:15:00,89.914,84.113,1.222,1416.435,219.714,60.143,19.396,48.611,51.0,0,6.25,0.0881,0,91.188,82,Continue Monitoring,Normal
M-004,2024-01-01 06:30:00,98.882,91.515,1.342,1420.704,225.361,60.535,31.104,81.259,50.0,0,6.5,0.1772,0,82.284,75,Continue Monitoring,Normal
M-004,2024-01-01 06:45:00,90.85,88.629,2.801,1393.297,221.248,58.201,30.39,60.196,49.0,0,6.75,0.0964,0,90.356,82,Continue Monitoring,Normal
M-004,2024-01-01 07:00:00,97.347,85.334,2.536,1395.222,223.606,42.947,35.496,64.23,48.0,0,7.0,0.1542,0,84.58,77,Continue Monitoring,Normal
M-004,2024-01-01 07:15:00,99.373,86.553,2.788,1664.594,221.812,66.543,30.351,75.42,47.0,0,7.25,0.1722,0,82.779,76,Continue Monitoring,Normal
M-004,2024-01-01 07:30:00,95.113,90.253,1.911,1320.788,220.841,58.659,28.756,78.58,46.0,0,7.5,0.1343,0,86.566,79,Continue Monitoring,Normal
M-004,2024-01-01 07:45:00,100.377,84.502,1.859,1270.103,228.96,60.183,32.924,58.232,45.0,0,7.75,0.1811,0,81.887,75,Continue Monitoring,Normal
M-004,2024-01-01 08:00:00,95.464,88.676,2.547,1574.753,229.915,51.511,23.875,62.958,44.0,0,8.0,0.1375,0,86.254,79,Continue Monitoring,Normal
M-004,2024-01-01 08:15:00,102.189,89.992,2.726,1452.905,220.639,64.461,27.69,69.181,43.0,0,8.25,0.1972,0,80.277,74,Continue Monitoring,Normal
M-004,2024-01-01 08:30:00,98.479,86.019,2.602,1452.266,225.583,69.846,33.443,79.806,42.0,0,8.5,0.1643,0,83.574,76,Continue Monitoring,Normal
M-004,2024-01-01 08:45:00,95.509,84.177,3.862,1473.649,219.037,56.114,29.392,66.604,41.0,0,8.75,0.1379,0,86.214,78,Continue Monitoring,Normal
M-004,2024-01-01 09:00:00,102.485,87.459,4.884,1486.437,223.656,51.945,29.919,71.719,40.0,0,9.0,0.1999,0,80.014,74,Continue Monitoring,Normal
M-004,2024-01-01 09:15:00,91.322,84.121,2.524,1505.789,224.901,54.522,32.618,69.592,39.0,0,9.25,0.1006,0,89.936,81,Continue Monitoring,Normal
M-004,2024-01-01 09:30:00,85.528,84.008,4.502,1255.317,223.96,69.778,25.198,71.205,38.0,0,9.5,0.0491,0,95.086,86,Continue Monitoring,Normal
M-004,2024-01-01 09:45:00,91.991,90.069,2.89,1463.307,227.788,63.401,24.463,64.426,37.0,0,9.75,0.1066,0,89.342,81,Continue Monitoring,Normal
M-004,2024-01-01 10:00:00,99.37,83.045,0.5,1451.515,219.387,70.175,30.732,61.51,36.0,0,10.0,0.1722,0,82.783,76,Continue Monitoring,Normal
M-004,2024-01-01 10:15:00,94.762,78.982,1.497,1579.67,230.624,64.036,29.072,65.852,35.0,0,10.25,0.1312,0,86.879,79,Continue Monitoring,Normal
M-004,2024-01-01 10:30:00,93.879,90.567,2.787,1711.009,228.209,46.855,25.581,63.039,34.0,0,10.5,0.1234,0,87.663,80,Continue Monitoring,Normal
M-004,2024-01-01 10:45:00,97.518,83.95,7.261,1326.904,224.814,63.446,29.519,70.338,33.0,0,10.75,0.2024,0,79.758,73,Continue Monitoring,Normal
M-004,2024-01-01 11:00:00,93.773,84.2,3.797,1494.138,225.935,69.109,35.101,69.406,32.0,0,11.0,0.1224,0,87.758,80,Continue Monitoring,Normal
M-004,2024-01-01 11:15:00,93.362,81.836,2.789,1483.382,222.886,52.761,22.299,51.59,31.0,0,11.25,0.1188,0,88.123,80,Continue Monitoring,Normal
M-004,2024-01-01 11:30:00,97.189,78.99,1.71,1403.728,220.408,62.059,33.818,61.968,30.0,0,11.5,0.1528,0,84.721,77,Continue Monitoring,Normal
M-004,2024-01-01 11:45:00,96.443,84.781,2.127,1354.59,228.099,65.68,32.934,76.034,29.0,0,11.75,0.1462,0,85.384,78,Continue Monitoring,Normal
M-004,2024-01-01 12:00:00,90.326,87.008,3.69,1566.962,225.763,59.923,27.619,69.72,28.0,0,12.0,0.0918,0,90.821,82,Continue Monitoring,Normal
M-004,2024-01-01 12:15:00,97.015,85.337,0.935,1377.463,230.827,55.288,27.785,56.45,27.0,0,12.25,0.1512,0,84.876,77,Continue Monitoring,Normal
M-004,2024-01-01 12:30:00,99.614,80.32,2.911,1540.738,222.686,65.281,34.095,75.013,26.0,0,12.5,0.1743,0,82.565,76,Continue Monitoring,Normal
M-004,2024-01-01 12:45:00,98.824,92.057,4.663,1473.925,222.242,59.171,37.664,80.706,25.0,0,12.75,0.1726,0,82.745,76,Continue Monitoring,Normal
M-004,2024-01-01 13:00:00,104.149,84.504,1.443,1489.115,221.233,49.529,30.484,67.953,24.0,0,13.0,0.2147,0,78.535,72,Continue Monitoring,Normal
M-004,2024-01-01 13:15:00,101.804,83.464,3.96,1307.87,224.727,49.481,16.971,69.202,23.0,0,13.25,0.1938,0,80.618,74,Continue Monitoring,Normal
M-004,2024-01-01 13:30:00,95.116,84.426,4.783,1346.746,226.897,55.493,17.858,62.071,22.0,0,13.5,0.1344,0,86.563,79,Continue Monitoring,Normal
M-004,2024-01-01 13:45:00,96.166,80.335,6.012,1232.669,226.357,53.247,34.323,62.832,21.0,0,13.75,0.1441,0,85.587,78,Continue Monitoring,Normal
M-004,2024-01-01 14:00:00,99.469,78.679,2.189,1521.429,230.601,63.663,23.429,62.219,20.0,0,14.0,0.1731,0,82.694,76,Continue Monitoring,Normal
M-004,2024-01-01 14:15:00,107.547,81.69,5.323,1315.394,225.242,64.728,31.136,50.12,19.0,0,14.25,0.2449,0,75.514,70,Continue Monitoring,Normal
M-004,2024-01-01 14:30:00,94.467,84.229,4.959,1579.463,230.858,61.423,26.824,70.224,18.0,0,14.5,0.1286,0,87.14,79,Continue Monitoring,Normal
M-004,2024-01-01 14:45:00,100.408,78.211,1.859,1450.516,224.991,60.386,35.064,63.213,17.0,0,14.75,0.1814,0,81.859,75,Continue Monitoring,Normal
M-004,2024-01-01 15:00:00,102.709,75.27,3.676,1468.044,221.017,56.077,23.522,54.728,16.0,0,15.0,0.2019,0,79.814,73,Continue Monitoring,Normal
M-004,2024-01-01 15:15:00,103.718,87.051,2.196,1440.791,227.347,63.464,30.895,56.42,15.0,0,15.25,0.2108,0,78.917,73,Continue Monitoring,Normal
M-004,2024-01-01 15:30:00,103.757,84.223,1.867,1465.753,228.419,63.046,35.225,54.12,14.0,0,15.5,0.2112,0,78.883,73,Continue Monitoring,Normal
M-004,2024-01-01 15:45:00,97.592,81.224,0.541,1353.03,223.807,52.626,36.975,56.126,13.0,0,15.75,0.1564,0,84.362,77,Continue Monitoring,Normal
M-004,2024-01-01 16:00:00,96.438,79.124,3.796,1473.823,223.399,60.987,33.514,30.559,12.0,0,16.0,0.1461,0,85.388,78,Continue Monitoring,Normal
M-004,2024-01-01 16:15:00,96.079,79.502,3.209,1286.601,226.359,74.576,26.295,51.664,11.0,0,16.25,0.1429,0,85.708,78,Continue Monitoring,Normal
M-004,2024-01-01 16:30:00,104.023,79.124,5.952,1339.168,231.357,66.452,30.014,46.914,10.0,0,16.5,0.2135,0,78.646,72,Continue Monitoring,Normal
M-004,2024-01-01 16:45:00,93.268,80.999,4.683,1328.486,225.124,59.535,34.058,58.644,9.0,0,16.75,0.1179,0,88.206,80,Continue Monitoring,Normal
M-004,2024-01-01 17:00:00,92.8,78.777,3.972,1504.706,229.573,52.618,26.451,35.91,8.0,0,17.0,0.1138,0,88.622,80,Continue Monitoring,Normal
M-004,2024-01-01 17:15:00,94.088,85.62,1.465,1118.305,223.709,63.482,31.69,48.416,7.0,0,17.25,0.1252,0,87.477,79,Continue Monitoring,Normal
M-004,2024-01-01 17:30:00,99.536,75.556,5.135,1266.124,228.448,52.297,27.926,45.237,6.0,0,17.5,0.1737,0,82.635,76,Continue Monitoring,Normal
M-004,2024-01-01 17:45:00,99.117,76.14,3.529,1164.205,227.826,67.091,35.549,36.365,5.0,0,17.75,0.1699,0,83.008,76,Continue Monitoring,Normal
M-004,2024-01-01 18:00:00,97.849,85.042,1.201,1358.64,229.239,59.93,20.49,49.998,4.0,0,18.0,0.1587,0,84.134,77,Continue Monitoring,Normal
M-004,2024-01-01 18:15:00,88.975,80.501,3.46,1361.629,224.536,57.039,28.277,49.498,3.0,0,18.25,0.0798,0,92.022,83,Continue Monitoring,Normal
M-004,2024-01-01 18:30:00,102.542,76.603,3.973,1135.881,229.523,55.351,23.564,32.424,2.0,0,18.5,0.2004,0,79.963,73,Continue Monitoring,Normal
M-004,2024-01-01 18:45:00,92.694,82.197,4.223,1255.985,222.526,67.105,27.222,48.836,1.0,0,18.75,0.1128,0,88.717,80,Continue Monitoring,Normal
M-004,2024-01-01 19:00:00,89.762,76.535,3.514,1402.527,227.046,60.703,22.245,53.719,76.0,0,19.0,0.0868,0,91.323,83,Continue Monitoring,Normal
M-004,2024-01-01 19:15:00,88.056,79.292,4.374,1014.566,230.432,66.56,32.789,40.668,75.0,0,19.25,0.0716,0,92.839,84,Continue Monitoring,Normal
M-004,2024-01-01 19:30:00,91.1,78.417,3.395,1110.491,228.11,67.928,36.181,37.777,74.0,0,19.5,0.0987,0,90.133,82,Continue Monitoring,Normal
M-004,2024-01-01 19:45:00,95.001,80.865,2.937,1274.56,225.534,64.255,20.879,24.243,73.0,0,19.75,0.1333,0,86.665,79,Continue Monitoring,Normal
M-004,2024-01-01 20:00:00,93.393,84.577,2.241,1288.378,225.135,62.576,35.673,40.166,72.0,0,20.0,0.119,0,88.096,80,Continue Monitoring,Normal
M-004,2024-01-01 20:15:00,93.572,87.815,2.651,1079.784,224.605,60.769,12.969,29.08,71.0,0,20.25,0.1206,0,87.936,80,Continue Monitoring,Normal
M-004,2024-01-01 20:30:00,87.737,84.622,4.145,1116.206,228.577,67.704,22.41,25.322,70.0,0,20.5,0.0688,0,93.122,84,Continue Monitoring,Normal
M-004,2024-01-01 20:45:00,80.532,79.19,2.627,1187.42,224.005,59.137,19.594,31.099,69.0,0,20.75,0.0047,0,99.527,89,Continue Monitoring,Normal
M-004,2024-01-01 21:00:00,90.645,83.871,3.699,983.867,225.014,59.97,24.45,29.311,68.0,0,21.0,0.0946,0,90.538,82,Continue Monitoring,Normal
M-004,2024-01-01 21:15:00,94.145,85.311,2.314,1240.54,228.825,57.268,31.887,26.171,67.0,0,21.25,0.1257,0,87.427,79,Continue Monitoring,Normal
M-004,2024-01-01 21:30:00,82.295,84.459,4.015,1122.222,226.82,57.967,30.378,26.597,66.0,0,21.5,0.0204,0,97.96,88,Continue Monitoring,Normal
M-004,2024-01-01 21:45:00,88.085,84.392,2.11,1032.73,220.329,67.044,19.367,27.657,65.0,0,21.75,0.0719,0,92.813,84,Continue Monitoring,Normal
M-004,2024-01-01 22:00:00,88.381,85.363,2.056,1122.831,231.994,75.181,32.487,29.052,64.0,0,22.0,0.0745,0,92.55,84,Continue Monitoring,Normal
M-004,2024-01-01 22:15:00,82.348,85.954,3.535,1188.638,225.107,62.06,27.471,27.532,63.0,0,22.25,0.0209,0,97.913,88,Continue Monitoring,Normal
M-004,2024-01-01 22:30:00,87.808,82.31,1.891,1307.208,234.494,66.493,18.464,16.778,62.0,0,22.5,0.0694,0,93.06,84,Continue Monitoring,Normal
M-004,2024-01-01 22:45:00,87.329,88.325,2.088,1088.319,227.633,69.503,24.269,10.0,61.0,0,22.75,0.0651,0,93.485,84,Continue Monitoring,Normal
M-004,2024-01-01 23:00:00,87.232,87.937,3.686,1143.035,225.638,57.62,32.411,27.416,60.0,0,23.0,0.0643,0,93.572,84,Continue Monitoring,Normal
M-004,2024-01-01 23:15:00,86.159,89.334,2.339,1019.506,227.55,59.681,30.874,21.259,59.0,0,23.25,0.0547,0,94.525,85,Continue Monitoring,Normal
M-004,2024-01-01 23:30:00,79.673,85.294,4.07,1189.441,228.269,66.949,28.019,20.896,58.0,0,23.5,0.0,0,100.0,90,Continue Monitoring,Normal
M-004,2024-01-01 23:45:00,80.222,86.237,3.38,1271.79,231.127,68.241,28.289,21.597,57.0,0,23.75,0.002,0,99.803,89,Continue Monitoring,Normal
M-004,2024-01-02 00:00:00,77.482,84.998,4.003,1088.493,228.518,70.35,21.787,15.397,56.0,0,24.0,0.0,0,100.0,90,Continue Monitoring,Normal
M-004,2024-01-02 00:15:00,87.768,88.239,3.329,1040.265,226.808,64.212,28.698,47.385,55.0,0,24.25,0.0691,0,93.095,84,Continue Monitoring,Normal
M-004,2024-01-02 00:30:00,82.16,88.194,1.53,987.354,230.807,66.897,-0.551,28.637,54.0,0,24.5,0.0192,0,98.08,88,Continue Monitoring,Normal
M-004,2024-01-02 00:45:00,88.509,80.501,6.033,705.569,229.938,64.11,11.605,26.274,53.0,0,24.75,0.0769,0,92.313,83,Continue Monitoring,Normal
M-004,2024-01-02 01:00:00,84.874,87.863,4.74,981.726,221.541,69.104,36.125,33.081,52.0,0,25.0,0.0433,0,95.667,86,Continue Monitoring,Normal
M-004,2024-01-02 01:15:00,71.754,82.509,2.752,833.167,227.257,67.105,16.966,29.584,51.0,0,25.25,0.0,0,100.0,90,Continue Monitoring,Normal
M-004,2024-01-02 01:30:00,81.545,85.691,3.71,783.827,226.124,64.492,26.482,25.685,50.0,0,25.5,0.0137,0,98.627,88,Continue Monitoring,Normal
M-004,2024-01-02 01:45:00,79.554,86.823,4.367,1131.819,226.83,66.754,24.274,15.567,49.0,0,25.75,0.0,0,100.0,90,Continue Monitoring,Normal
M-004,2024-01-02 02:00:00,80.106,86.23,4.522,1009.041,226.197,62.324,22.264,10.0,48.0,0,26.0,0.0009,0,99.906,89,Continue Monitoring,Normal
M-004,2024-01-02 02:15:00,78.987,88.866,5.186,936.262,232.786,62.053,19.983,12.539,47.0,0,26.25,0.0,0,100.0,90,Continue Monitoring,Normal
M-004,2024-01-02 02:30:00,69.962,93.043,5.931,1066.834,224.401,77.48,23.045,20.088,46.0,0,26.5,0.0,0,100.0,90,Continue Monitoring,Normal
M-004,2024-01-02 02:45:00,82.093,90.691,7.108,1019.627,225.886,60.608,13.996,20.347,45.0,0,26.75,0.0596,0,94.037,85,Continue Monitoring,Normal
M-004,2024-01-02 03:00:00,80.373,90.776,4.07,865.76,227.743,72.07,27.584,25.208,44.0,0,27.0,0.0033,0,99.669,89,Continue Monitoring,Normal
M-004,2024-01-02 03:15:00,72.061,91.842,0.5,1026.81,234.756,54.512,23.474,23.921,43.0,0,27.25,0.0,0,100.0,90,Continue Monitoring,Normal
M-004,2024-01-02 03:30:00,72.858,92.604,4.733,995.21,229.418,65.278,43.923,26.024,42.0,0,27.5,0.0,0,100.0,90,Continue Monitoring,Normal
M-004,2024-01-02 03:45:00,74.955,84.612,3.325,1111.042,222.999,50.148,24.96,38.777,41.0,0,27.75,0.0,0,100.0,90,Continue Monitoring,Normal
M-004,2024-01-02 04:00:00,73.814,88.978,1.499,1024.411,228.967,52.869,31.497,33.334,40.0,0,28.0,0.0,0,100.0,90,Continue Monitoring,Normal
M-004,2024-01-02 04:15:00,77.651,91.972,5.031,1029.777,229.564,52.699,15.606,18.972,39.0,0,28.25,0.0,0,100.0,90,Continue Monitoring,Normal
M-004,2024-01-02 04:30:00,72.087,91.613,4.586,1098.864,230.378,59.414,25.967,18.553,38.0,0,28.5,0.0,0,100.0,90,Continue Monitoring,Normal
M-004,2024-01-02 04:45:00,71.346,91.633,0.5,1252.057,228.603,61.441,36.023,24.301,37.0,0,28.75,0.0,0,100.0,90,Continue Monitoring,Normal
M-004,2024-01-02 05:00:00,72.129,89.417,6.474,948.384,227.322,74.127,27.894,28.018,36.0,0,29.0,0.0176,0,98.244,88,Continue Monitoring,Normal
M-004,2024-01-02 05:15:00,75.55,98.695,4.621,973.648,227.353,74.964,20.712,26.604,35.0,0,29.25,0.0,0,100.0,90,Continue Monitoring,Normal
M-004,2024-01-02 05:30:00,64.476,87.72,3.466,951.962,232.115,69.633,18.759,22.973,34.0,0,29.5,0.0,0,100.0,90,Continue Monitoring,Normal
M-004,2024-01-02 05:45:00,75.652,94.833,4.246,904.994,230.146,59.018,26.508,53.881,33.0,0,29.75,0.0,0,100.0,90,Continue Monitoring,Normal
M-004,2024-01-02 06:00:00,70.512,89.298,4.796,901.503,222.551,70.968,30.788,28.982,32.0,0,30.0,0.0,0,100.0,90,Continue Monitoring,Normal
M-004,2024-01-02 06:15:00,67.729,88.901,4.026,890.613,223.661,79.396,26.806,38.784,31.0,0,30.25,0.0,0,100.0,90,Continue Monitoring,Normal
M-004,2024-01-02 06:30:00,72.331,94.249,3.673,991.381,225.845,69.31,25.983,30.233,30.0,0,30.5,0.0,0,100.0,90,Continue Monitoring,Normal
M-004,2024-01-02 06:45:00,63.05,92.512,3.98,732.792,228.132,73.088,39.029,31.175,29.0,0,30.75,0.0,0,100.0,90,Continue Monitoring,Normal
M-004,2024-01-02 07:00:00,65.794,88.872,4.573,985.26,224.129,65.196,11.914,45.405,28.0,0,31.0,0.0,0,100.0,90,Continue Monitoring,Normal
M-004,2024-01-02 07:15:00,64.46,92.21,2.299,892.825,225.677,66.432,26.591,51.609,27.0,0,31.25,0.0,0,100.0,90,Continue Monitoring,Normal
M-004,2024-01-02 07:30:00,70.08,95.303,6.336,1033.177,226.357,73.665,30.079,44.803,26.0,0,31.5,0.0124,0,98.756,89,Continue Monitoring,Normal
M-004,2024-01-02 07:45:00,60.95,89.981,3.941,1060.845,226.352,74.649,31.46,51.426,25.0,0,31.75,0.0,0,100.0,90,Continue Monitoring,Normal
M-004,2024-01-02 08:00:00,71.224,89.472,5.017,897.237,221.416,64.769,31.446,45.176,24.0,0,32.0,0.0,0,100.0,90,Continue Monitoring,Normal
M-004,2024-01-02 08:15:00,74.119,93.178,7.783,994.659,226.377,57.915,30.09,36.694,23.0,0,32.25,0.066,0,93.396,84,Continue Monitoring,Normal
M-004,2024-01-02 08:30:00,63.12,96.541,5.993,1112.781,225.166,66.604,22.997,50.7,22.0,0,32.5,0.0,0,100.0,90,Continue Monitoring,Normal
M-004,2024-01-02 08:45:00,71.598,93.839,7.151,1088.532,225.491,72.852,33.522,64.025,21.0,0,32.75,0.0426,0,95.737,86,Continue Monitoring,Normal
M-004,2024-01-02 09:00:00,69.82,92.836,4.098,1054.281,231.157,70.177,25.945,45.73,20.0,0,33.0,0.0,0,100.0,90,Continue Monitoring,Normal
M-004,2024-01-02 09:15:00,63.466,92.284,4.606,1195.952,225.355,67.599,17.957,53.559,19.0,0,33.25,0.0,0,100.0,90,Continue Monitoring,Normal
M-004,2024-01-02 09:30:00,69.964,97.642,4.716,1063.667,225.55,71.017,24.965,48.153,18.0,0,33.5,0.0,0,100.0,90,Continue Monitoring,Normal
M-004,2024-01-02 09:45:00,64.784,94.108,4.034,970.937,231.068,86.385,15.788,36.152,17.0,0,33.75,0.0355,0,96.453,87,Continue Monitoring,Normal
M-004,2024-01-02 10:00:00,60.155,92.414,5.715,1076.6,226.396,71.203,18.795,47.477,16.0,0,34.0,0.0,0,100.0,90,Continue Monitoring,Normal
M-004,2024-01-02 10:15:00,63.671,87.929,2.85,876.987,228.104,69.308,26.547,32.687,15.0,0,34.25,0.0,0,100.0,90,Continue Monitoring,Normal
M-004,2024-01-02 10:30:00,57.601,94.616,0.601,1164.758,220.272,73.584,17.484,62.728,14.0,0,34.5,0.0,0,100.0,90,Continue Monitoring,Normal
M-004,2024-01-02 10:45:00,76.168,85.739,5.48,807.344,226.95,66.323,23.53,44.265,13.0,0,34.75,0.0,0,100.0,90,Continue Monitoring,Normal
M-004,2024-01-02 11:00:00,66.274,88.132,6.259,982.017,221.389,79.025,22.283,73.587,12.0,0,35.0,0.0096,0,99.039,89,Continue Monitoring,Normal
M-004,2024-01-02 11:15:00,67.871,89.989,4.417,1052.729,230.101,71.013,23.682,53.623,11.0,0,35.25,0.0,0,100.0,90,Continue Monitoring,Normal
M-004,2024-01-02 11:30:00,62.634,96.191,4.556,998.143,223.753,64.164,14.149,49.21,10.0,0,35.5,0.0,0,100.0,90,Continue Monitoring,Normal
M-004,2024-01-02 11:45:00,68.698,91.539,5.552,755.68,227.073,67.001,19.611,59.593,9.0,0,35.75,0.0,0,100.0,90,Continue Monitoring,Normal
M-004,2024-01-02 12:00:00,60.606,85.657,5.872,1090.12,224.347,61.458,13.62,61.068,8.0,0,36.0,0.0,0,100.0,90,Continue Monitoring,Normal
M-004,2024-01-02 12:15:00,68.946,92.496,2.66,1096.026,225.048,74.359,26.019,29.99,7.0,0,36.25,0.0,0,100.0,90,Continue Monitoring,Normal
M-004,2024-01-02 12:30:00,64.594,88.723,2.621,1054.663,226.359,56.916,26.547,68.471,6.0,0,36.5,0.0,0,100.0,90,Continue Monitoring,Normal
M-004,2024-01-02 12:45:00,62.539,88.966,3.255,1208.861,220.508,75.942,21.27,60.838,5.0,0,36.75,0.0,0,100.0,90,Continue Monitoring,Normal
M-004,2024-01-02 13:00:00,55.474,90.954,5.5,934.037,226.453,69.204,18.341,71.268,4.0,0,37.0,0.0,0,100.0,90,Continue Monitoring,Normal
M-004,2024-01-02 13:15:00,53.471,92.249,6.923,1276.032,226.039,66.559,18.332,60.581,3.0,0,37.25,0.0342,0,96.58,87,Continue Monitoring,Normal
M-004,2024-01-02 13:30:00,64.446,88.592,5.732,1368.213,224.596,59.35,14.022,72.229,2.0,0,37.5,0.0,0,100.0,90,Continue Monitoring,Normal
M-004,2024-01-02 13:45:00,62.041,93.44,3.939,1221.05,224.217,63.723,19.63,53.306,1.0,0,37.75,0.0,0,100.0,90,Continue Monitoring,Normal
M-004,2024-01-02 14:00:00,70.264,90.306,5.604,1066.226,221.446,67.304,28.589,60.841,76.0,0,38.0,0.0,0,100.0,90,Continue Monitoring,Normal
M-004,2024-01-02 14:15:00,58.869,90.84,5.415,1337.186,225.57,73.539,26.244,55.247,75.0,0,38.25,0.0,0,100.0,90,Continue Monitoring,Normal
M-004,2024-01-02 14:30:00,58.559,86.892,2.866,1244.998,225.286,69.677,6.319,88.017,74.0,0,38.5,0.0594,0,94.061,85,Continue Monitoring,Normal
M-004,2024-01-02 14:45:00,58.915,96.061,2.717,1061.644,217.712,71.746,15.217,57.371,73.0,0,38.75,0.0,0,100.0,90,Continue Monitoring,Normal
M-004,2024-01-02 15:00:00,57.1,91.994,5.757,1386.24,222.167,70.833,14.038,65.343,72.0,0,39.0,0.0,0,100.0,90,Continue Monitoring,Normal
M-004,2024-01-02 15:15:00,60.629,90.804,6.2,1297.448,221.598,76.38,21.46,65.99,71.0,0,39.25,0.0074,0,99.259,89,Continue Monitoring,Normal
M-004,2024-01-02 15:30:00,60.002,87.474,7.23,1225.179,224.552,67.645,36.351,82.779,70.0,0,39.5,0.0662,0,93.384,84,Continue Monitoring,Normal
M-004,2024-01-02 15:45:00,60.101,88.071,4.506,1215.594,221.825,72.643,30.34,57.035,69.0,0,39.75,0.0,0,100.0,90,Continue Monitoring,Normal
M-004,2024-01-02 16:00:00,58.639,87.176,4.21,1447.72,226.832,76.271,19.995,67.699,68.0,0,40.0,0.0,0,100.0,90,Continue Monitoring,Normal
M-004,2024-01-02 16:15:00,57.528,90.699,5.524,1372.039,223.093,68.758,22.556,79.818,67.0,0,40.25,0.0,0,100.0,90,Continue Monitoring,Normal
M-004,2024-01-02 16:30:00,57.654,90.288,4.823,1100.483,217.368,68.885,30.177,87.93,66.0,0,40.5,0.0587,0,94.126,85,Continue Monitoring,Normal
M-004,2024-01-02 16:45:00,65.173,93.689,4.806,1351.685,222.163,66.329,17.382,50.808,65.0,0,40.75,0.0,0,100.0,90,Continue Monitoring,Normal
M-004,2024-01-02 17:00:00,69.132,85.598,3.759,1105.416,222.799,82.365,33.967,54.98,64.0,0,41.0,0.0131,0,98.686,88,Continue Monitoring,Normal
M-004,2024-01-02 17:15:00,62.815,84.139,6.28,1291.068,221.395,70.619,18.499,87.851,63.0,0,41.25,0.0685,0,93.148,84,Continue Monitoring,Normal
M-004,2024-01-02 17:30:00,66.685,88.969,1.178,1258.251,229.447,79.484,10.24,68.639,62.0,0,41.5,0.0,0,100.0,90,Continue Monitoring,Normal
M-004,2024-01-02 17:45:00,59.971,91.81,5.268,1183.629,223.191,52.039,14.773,72.147,61.0,0,41.75,0.0,0,100.0,90,Continue Monitoring,Normal
M-004,2024-01-02 18:00:00,68.456,80.57,4.408,1406.321,218.625,71.985,21.641,88.88,60.0,0,42.0,0.0658,0,93.422,84,Continue Monitoring,Normal
M-004,2024-01-02 18:15:00,64.463,85.598,6.153,1135.272,222.206,67.281,20.374,80.118,59.0,0,42.25,0.0065,0,99.345,89,Continue Monitoring,Normal
M-004,2024-01-02 18:30:00,67.925,83.586,5.163,1482.428,220.263,71.577,20.012,70.847,58.0,0,42.5,0.0,0,100.0,90,Continue Monitoring,Normal
M-004,2024-01-02 18:45:00,59.525,89.787,3.902,1435.698,220.78,66.272,28.415,81.205,57.0,0,42.75,0.0089,0,99.108,89,Continue Monitoring,Normal
M-004,2024-01-02 19:00:00,67.236,87.562,4.597,1320.398,220.546,77.069,16.942,85.851,56.0,0,43.0,0.0433,0,95.666,86,Continue Monitoring,Normal
M-004,2024-01-02 19:15:00,65.505,85.068,6.078,1332.923,221.523,70.621,26.432,64.052,55.0,0,43.25,0.0029,0,99.71,89,Continue Monitoring,Normal
M-004,2024-01-02 19:30:00,66.644,84.769,6.242,1326.547,227.727,69.825,19.611,68.597,54.0,0,43.5,0.0089,0,99.105,89,Continue Monitoring,Normal
M-004,2024-01-02 19:45:00,62.276,81.365,4.303,1483.096,222.087,67.618,28.366,85.394,53.0,0,43.75,0.04,0,96.004,86,Continue Monitoring,Normal
M-004,2024-01-02 20:00:00,72.97,81.657,4.368,1572.499,222.793,69.227,25.287,79.479,52.0,0,44.0,0.0,0,100.0,90,Continue Monitoring,Normal
M-004,2024-01-02 20:15:00,66.081,84.622,6.373,1223.443,221.99,63.39,15.048,63.248,51.0,1,44.25,0.0916,0,75.839,52,Continue Monitoring,Normal
M-004,2024-01-02 20:30:00,70.706,82.751,4.183,1376.453,218.394,74.282,27.71,67.512,50.0,1,44.5,0.0778,0,77.222,53,Continue Monitoring,Normal
M-004,2024-01-02 20:45:00,68.428,84.597,2.266,1442.023,231.022,70.512,20.181,75.117,49.0,1,44.75,0.0778,0,77.222,53,Continue Monitoring,Normal
M-004,2024-01-02 21:00:00,76.272,86.169,2.103,1452.289,229.313,75.818,13.943,69.829,48.0,1,45.0,0.0778,0,77.222,53,Continue Monitoring,Normal
M-004,2024-01-02 21:15:00,65.031,86.718,3.798,1400.394,218.904,67.726,29.764,67.331,47.0,1,45.25,0.0778,0,77.222,53,Continue Monitoring,Normal
M-004,2024-01-02 21:30:00,68.389,79.367,2.531,1247.852,221.693,78.502,17.463,81.244,46.0,1,45.5,0.087,0,76.301,53,Continue Monitoring,Normal
M-004,2024-01-02 21:45:00,68.238,81.882,3.655,1523.125,227.528,59.398,18.726,77.386,45.0,1,45.75,0.0778,0,77.222,53,Continue Monitoring,Normal
M-004,2024-01-02 22:00:00,65.811,84.097,6.891,1419.546,222.765,84.147,32.474,63.279,44.0,1,46.0,0.1338,0,71.617,49,Continue Monitoring,Normal
M-004,2024-01-02 22:15:00,69.969,79.449,6.564,1251.159,220.235,72.63,17.746,65.82,43.0,1,46.25,0.0987,0,75.134,52,Continue Monitoring,Normal
M-004,2024-01-02 22:30:00,82.865,81.665,4.602,1542.904,221.589,82.076,21.735,59.624,42.0,1,46.5,0.1148,0,73.522,50,Continue Monitoring,Normal
M-004,2024-01-02 22:45:00,65.987,77.003,2.656,1471.549,216.661,80.88,20.912,58.719,41.0,1,46.75,0.0827,0,76.733,53,Continue Monitoring,Normal
M-004,2024-01-02 23:00:00,70.269,83.572,4.115,1312.41,224.189,74.663,19.305,66.595,40.0,1,47.0,0.0778,0,77.222,53,Continue Monitoring,Normal
M-004,2024-01-02 23:15:00,74.209,82.708,4.113,1683.388,218.762,83.163,19.567,67.243,39.0,1,47.25,0.0953,0,75.465,52,Continue Monitoring,Normal
M-004,2024-01-02 23:30:00,77.645,84.866,4.094,1567.95,225.916,70.55,20.896,52.901,38.0,1,47.5,0.0778,0,77.222,53,Continue Monitoring,Normal
M-004,2024-01-02 23:45:00,73.863,86.437,3.88,1329.398,225.085,76.823,33.398,52.569,37.0,1,47.75,0.0778,0,77.222,53,Continue Monitoring,Normal
M-004,2024-01-03 00:00:00,76.299,79.21,5.502,1232.777,222.183,74.805,20.32,52.085,36.0,1,48.0,0.0778,0,77.222,53,Continue Monitoring,Normal
M-004,2024-01-03 00:15:00,72.765,83.278,3.677,1509.946,226.226,83.029,11.626,49.516,35.0,1,48.25,0.0946,0,75.539,52,Continue Monitoring,Normal
M-004,2024-01-03 00:30:00,78.584,80.798,3.372,1497.235,219.848,86.121,19.129,65.44,34.0,1,48.5,0.1118,0,73.822,51,Continue Monitoring,Normal
M-004,2024-01-03 00:45:00,72.387,77.853,6.357,1583.148,216.88,72.979,12.352,50.809,33.0,1,48.75,0.091,0,75.902,52,Continue Monitoring,Normal
M-004,2024-01-03 01:00:00,81.362,79.572,5.013,1319.251,217.682,85.208,21.074,41.447,32.0,1,49.0,0.1188,0,73.118,50,Continue Monitoring,Normal
M-004,2024-01-03 01:15:00,77.318,76.039,3.956,1619.412,219.074,86.226,20.06,49.948,31.0,1,49.25,0.1124,0,73.763,51,Continue Monitoring,Normal
M-004,2024-01-03 01:30:00,81.704,72.78,5.678,1451.255,223.834,79.834,13.827,61.559,30.0,1,49.5,0.0929,0,75.707,52,Continue Monitoring,Normal
M-004,2024-01-03 01:45:00,78.656,78.064,5.682,1433.379,223.866,75.555,21.861,56.969,29.0,1,49.75,0.0778,0,77.222,53,Continue Monitoring,Normal
M-005,2024-01-01 00:00:00,85.629,116.351,5.692,1536.876,236.066,85.473,50.803,57.38,51.0,0,0.0,0.0804,0,91.956,83,Continue Monitoring,Normal
M-005,2024-01-01 00:15:00,80.635,111.413,4.788,1616.602,232.598,77.332,54.332,74.664,50.0,0,0.25,0.0056,0,99.435,89,Continue Monitoring,Normal
M-005,2024-01-01 00:30:00,83.753,110.63,6.792,1620.273,228.221,84.759,49.784,88.887,49.0,0,0.5,0.1549,0,84.506,77,Continue Monitoring,Normal
M-005,2024-01-01 00:45:00,86.266,113.559,6.097,1640.333,229.042,67.967,43.668,63.644,48.0,0,0.75,0.0593,0,94.07,85,Continue Monitoring,Normal
M-005,2024-01-01 01:00:00,72.577,109.746,5.417,1604.56,230.194,77.839,59.243,71.904,47.0,0,1.0,0.0,0,100.0,90,Continue Monitoring,Normal
M-005,2024-01-01 01:15:00,79.318,111.114,5.739,1547.92,229.997,87.394,46.375,55.488,46.0,0,1.25,0.0411,0,95.892,86,Continue Monitoring,Normal
M-005,2024-01-01 01:30:00,81.943,111.601,3.032,1644.774,235.033,83.569,62.266,80.084,45.0,0,1.5,0.0377,0,96.228,86,Continue Monitoring,Normal
M-005,2024-01-01 01:45:00,88.465,119.562,6.87,1678.731,235.476,76.585,49.525,62.219,44.0,0,1.75,0.1075,0,89.254,81,Continue Monitoring,Normal
M-005,2024-01-01 02:00:00,84.811,109.108,4.862,1718.173,232.266,67.097,40.136,58.329,43.0,0,2.0,0.0428,0,95.723,86,Continue Monitoring,Normal
M-005,2024-01-01 02:15:00,80.233,112.197,6.145,1805.665,235.062,88.183,52.51,72.983,42.0,0,2.25,0.0529,0,94.71,85,Continue Monitoring,Normal
M-005,2024-01-01 02:30:00,88.703,113.59,6.38,1839.502,225.891,78.737,47.013,83.475,41.0,0,2.5,0.1172,0,88.283,80,Continue Monitoring,Normal
M-005,2024-01-01 02:45:00,91.126,106.346,7.844,1555.394,229.628,79.22,46.926,57.401,40.0,0,2.75,0.1672,0,83.281,76,Continue Monitoring,Normal
M-005,2024-01-01 03:00:00,87.969,112.589,7.359,1652.785,233.057,80.737,58.949,45.652,39.0,0,3.0,0.1253,0,87.474,79,Continue Monitoring,Normal
M-005,2024-01-01 03:15:00,82.064,110.411,4.379,1682.459,232.921,76.436,49.192,81.255,38.0,0,3.25,0.0276,0,97.236,87,Continue Monitoring,Normal
M-005,2024-01-01 03:30:00,85.462,108.867,5.681,1721.035,228.201,84.361,46.083,88.536,37.0,0,3.5,0.136,0,86.399,79,Continue Monitoring,Normal
M-005,2024-01-01 03:45:00,89.279,113.558,4.513,1685.629,229.817,76.284,56.284,91.71,36.0,0,3.75,0.1692,0,83.078,76,Continue Monitoring,Normal
M-005,2024-01-01 04:00:00,82.822,108.484,5.837,1808.521,228.387,70.089,51.69,58.222,35.0,0,4.0,0.0251,0,97.492,87,Continue Monitoring,Normal
M-005,2024-01-01 04:15:00,86.119,110.147,6.54,1729.07,232.69,87.312,50.443,72.081,34.0,0,4.25,0.115,0,88.498,80,Continue Monitoring,Normal
M-005,2024-01-01 04:30:00,88.539,110.603,8.379,1848.023,237.552,77.216,45.566,76.997,33.0,0,4.5,0.164,0,83.599,76,Continue Monitoring,Normal
M-005,2024-01-01 04:45:00,88.286,106.213,7.761,1867.005,233.112,86.072,50.026,87.307,32.0,0,4.75,0.2267,0,77.327,71,Continue Monitoring,Normal
M-005,2024-01-01 05:00:00,83.946,108.575,5.922,1842.916,232.263,64.171,42.174,80.213,31.0,0,5.0,0.0367,0,96.334,87,Continue Monitoring,Normal
M-005,2024-01-01 05:15:00,90.031,113.831,6.834,1784.667,234.171,89.489,45.099,80.091,30.0,0,5.25,0.1735,0,82.655,76,Continue Monitoring,Normal
M-005,2024-01-01 05:30:00,85.86,112.796,6.583,1696.501,234.043,85.418,47.109,76.772,29.0,0,5.5,0.1038,0,89.623,81,Continue Monitoring,Normal
M-005,2024-01-01 05:45:00,88.029,109.31,5.547,1733.181,230.496,82.484,47.499,79.476,28.0,0,5.75,0.0852,0,91.483,83,Continue Monitoring,Normal
M-005,2024-01-01 06:00:00,91.86,110.284,7.046,1859.884,233.9,78.061,42.295,77.288,27.0,0,6.0,0.1441,0,85.585,78,Continue Monitoring,Normal
M-005,2024-01-01 06:15:00,91.549,105.422,6.213,1683.315,229.755,87.856,45.682,75.325,26.0,0,6.25,0.1542,0,84.581,77,Continue Monitoring,Normal
M-005,2024-01-01 06:30:00,87.489,108.787,8.018,1756.094,234.207,89.711,37.635,100.0,25.0,0,6.5,0.3434,0,65.658,62,Continue Monitoring,Normal
M-005,2024-01-01 06:45:00,102.021,99.13,5.972,1723.153,234.174,79.371,53.337,83.368,24.0,0,6.75,0.2207,0,77.931,72,Continue Monitoring,Normal
M-005,2024-01-01 07:00:00,88.969,106.461,6.844,1672.007,230.144,96.339,44.579,83.439,23.0,0,7.0,0.2272,0,77.277,71,Continue Monitoring,Normal
M-005,2024-01-01 07:15:00,91.375,108.346,8.62,1887.93,230.641,72.791,46.006,82.397,22.0,0,7.25,0.2159,0,78.409,72,Continue Monitoring,Normal
M-005,2024-01-01 07:30:00,86.417,108.882,4.633,2001.468,240.77,80.832,50.998,72.971,21.0,0,7.5,0.0617,0,93.833,85,Continue Monitoring,Normal
M-005,2024-01-01 07:45:00,96.125,104.649,4.646,1791.13,234.023,80.384,54.026,77.594,20.0,0,7.75,0.1455,0,85.453,78,Continue Monitoring,Normal
M-005,2024-01-01 08:00:00,100.881,101.887,8.445,1707.085,235.528,79.319,46.228,93.563,19.0,0,8.0,0.3766,0,62.337,59,Scheduled Maintenance,Normal
M-005,2024-01-01 08:15:00,100.236,109.151,5.632,1854.027,233.294,75.899,41.375,81.22,18.0,0,8.25,0.1889,0,81.109,74,Continue Monitoring,Normal
M-005,2024-01-01 08:30:00,95.515,99.561,6.148,2016.318,239.115,78.834,39.832,90.184,17.0,0,8.5,0.2188,0,78.115,72,Continue Monitoring,Normal
M-005,2024-01-01 08:45:00,85.511,108.345,5.929,2056.255,230.676,89.447,47.569,82.211,16.0,0,8.75,0.1179,0,88.215,80,Continue Monitoring,Normal
M-005,2024-01-01 09:00:00,89.55,106.52,7.19,2052.44,238.987,78.953,42.108,71.716,15.0,0,9.0,0.129,0,87.103,79,Continue Monitoring,Normal
M-005,2024-01-01 09:15:00,101.155,102.119,8.331,1902.578,237.058,81.052,52.052,85.071,14.0,0,9.25,0.3178,0,68.222,64,Continue Monitoring,Normal
M-005,2024-01-01 09:30:00,94.002,106.264,6.072,1744.732,237.973,82.842,50.978,80.458,13.0,0,9.5,0.1463,0,85.37,78,Continue Monitoring,Normal
M-005,2024-01-01 09:45:00,90.842,109.107,8.454,1947.164,235.113,81.278,56.294,81.174,12.0,0,9.75,0.203,0,79.695,73,Continue Monitoring,Normal
M-005,2024-01-01 10:00:00,93.332,109.248,6.237,2053.513,232.184,87.097,60.381,84.672,11.0,0,10.0,0.2013,0,79.869,73,Continue Monitoring,Normal
M-005,2024-01-01 10:15:00,94.972,99.861,7.834,1748.694,236.195,74.919,57.249,95.533,10.0,0,10.25,0.3161,0,68.394,64,Continue Monitoring,Normal
M-005,2024-01-01 10:30:00,96.051,99.64,8.484,1796.62,233.264,71.315,43.984,68.996,9.0,0,10.5,0.2347,0,76.534,71,Continue Monitoring,Normal
M-005,2024-01-01 10:45:00,93.818,105.079,5.823,1882.253,234.508,84.196,59.337,79.564,8.0,0,10.75,0.1461,0,85.386,78,Continue Monitoring,Normal
M-005,2024-01-01 11:00:00,97.962,97.898,8.492,1780.96,239.928,82.968,51.431,89.216,7.0,0,11.0,0.3367,0,66.33,63,Continue Monitoring,Normal
M-005,2024-01-01 11:15:00,94.712,105.626,5.316,1929.851,235.701,86.367,44.939,82.414,6.0,0,11.25,0.184,0,81.598,75,Continue Monitoring,Normal
M-005,2024-01-01 11:30:00,92.302,102.855,6.455,1769.576,236.802,84.948,43.962,79.988,5.0,0,11.5,0.1537,0,84.63,77,Continue Monitoring,Normal
M-005,2024-01-01 11:45:00,92.641,108.92,7.891,1864.687,240.577,70.245,32.261,76.598,4.0,0,11.75,0.1824,0,81.76,75,Continue Monitoring,Normal
M-005,2024-01-01 12:00:00,91.193,100.951,6.711,1939.516,233.738,86.987,47.64,83.336,3.0,0,12.0,0.1894,0,81.063,74,Continue Monitoring,Normal
M-005,2024-01-01 12:15:00,94.655,105.597,6.293,2038.752,234.873,89.48,47.142,75.812,2.0,0,12.25,0.1938,0,80.62,74,Continue Monitoring,Normal
M-005,2024-01-01 12:30:00,99.272,100.345,2.727,1454.728,241.151,92.982,58.769,78.101,1.0,0,12.5,0.2434,0,75.657,70,Continue Monitoring,Normal
M-005,2024-01-01 12:45:00,91.564,99.789,6.484,1697.494,242.367,100.137,50.258,77.315,51.0,0,12.75,0.2326,0,76.74,71,Continue Monitoring,Normal
M-005,2024-01-01 13:00:00,91.528,105.501,6.59,1779.354,238.952,80.45,48.213,62.109,50.0,0,13.0,0.1268,0,87.317,79,Continue Monitoring,Normal
M-005,2024-01-01 13:15:00,101.011,100.374,8.121,1785.29,237.185,76.154,51.833,66.851,49.0,0,13.25,0.2653,0,73.469,68,Continue Monitoring,Normal
M-005,2024-01-01 13:30:00,94.655,100.526,6.683,1599.731,236.985,90.297,44.946,72.403,48.0,0,13.5,0.2128,0,78.723,72,Continue Monitoring,Normal
M-005,2024-01-01 13:45:00,97.171,99.992,5.086,1794.808,240.742,77.462,44.91,59.845,47.0,0,13.75,0.1526,0,84.737,77,Continue Monitoring,Normal
M-005,2024-01-01 14:00:00,100.19,99.95,5.353,1804.628,234.23,77.676,38.336,61.974,46.0,0,14.0,0.1795,0,82.054,75,Continue Monitoring,Normal
M-005,2024-01-01 14:15:00,101.739,97.898,7.211,1687.275,240.199,77.817,47.271,72.125,45.0,0,14.25,0.2381,0,76.191,70,Continue Monitoring,Normal
M-005,2024-01-01 14:30:00,105.489,101.87,5.743,1863.61,244.412,73.683,41.919,68.158,44.0,0,14.5,0.2266,0,77.343,71,Continue Monitoring,Normal
M-005,2024-01-01 14:45:00,94.36,98.874,4.762,1943.358,233.806,83.779,53.186,69.133,43.0,0,14.75,0.1486,0,85.136,78,Continue Monitoring,Normal
M-005,2024-01-01 15:00:00,91.944,95.733,6.281,1677.236,238.764,75.46,51.726,69.479,42.0,0,15.0,0.1166,0,88.341,80,Continue Monitoring,Normal
M-005,2024-01-01 15:15:00,96.438,104.021,6.005,1673.905,236.578,84.012,46.238,58.888,41.0,0,15.25,0.1686,0,83.139,76,Continue Monitoring,Normal
M-005,2024-01-01 15:30:00,87.387,97.947,7.137,1770.015,241.892,99.138,51.276,79.877,40.0,0,15.5,0.2141,0,78.59,72,Continue Monitoring,Normal
M-005,2024-01-01 15:45:00,98.33,104.704,9.24,1860.216,240.482,84.103,46.406,61.518,39.0,0,15.75,0.3057,0,69.429,65,Continue Monitoring,Normal
M-005,2024-01-01 16:00:00,97.515,97.372,6.396,1455.628,243.6,84.087,49.322,78.31,38.0,0,16.0,0.1931,0,80.695,74,Continue Monitoring,Normal
M-005,2024-01-01 16:15:00,95.982,103.837,4.94,2017.88,241.759,87.184,55.072,50.874,37.0,0,16.25,0.182,0,81.802,75,Continue Monitoring,Normal
M-005,2024-01-01 16:30:00,93.362,103.821,4.079,1789.182,240.159,99.595,36.957,77.48,36.0,0,16.5,0.2276,0,77.237,71,Continue Monitoring,Normal
M-005,2024-01-01 16:45:00,91.998,98.145,4.998,1582.915,239.836,78.114,50.828,53.576,35.0,0,16.75,0.1067,0,89.335,81,Continue Monitoring,Normal
M-005,2024-01-01 17:00:00,89.089,97.914,7.195,1671.518,238.79,90.864,52.813,55.928,34.0,0,17.0,0.1854,0,81.461,75,Continue Monitoring,Normal
M-005,2024-01-01 17:15:00,89.454,99.75,7.397,1520.68,236.075,81.046,45.002,50.245,33.0,0,17.25,0.1416,0,85.841,78,Continue Monitoring,Normal
M-005,2024-01-01 17:30:00,96.133,94.744,4.542,1646.907,238.278,75.988,42.539,52.677,32.0,0,17.5,0.1434,0,85.659,78,Continue Monitoring,Normal
M-005,2024-01-01 17:45:00,91.393,100.066,5.842,1855.172,240.325,80.61,46.676,56.769,31.0,0,17.75,0.1047,0,89.534,81,Continue Monitoring,Normal
M-005,2024-01-01 18:00:00,97.471,97.873,7.858,1673.579,243.39,95.386,47.22,51.758,30.0,0,18.0,0.3096,0,69.042,65,Continue Monitoring,Normal
M-005,2024-01-01 18:15:00,94.271,99.209,9.151,1668.579,237.751,83.223,38.689,58.813,29.0,0,18.25,0.2615,0,73.854,69,Continue Monitoring,Normal
M-005,2024-01-01 18:30:00,88.584,103.134,5.003,1664.933,242.469,71.464,58.005,47.877,28.0,0,18.5,0.0763,0,92.369,83,Continue Monitoring,Normal
M-005,2024-01-01 18:45:00,92.035,101.656,7.845,1672.941,242.06,90.254,56.388,56.255,27.0,0,18.75,0.2323,0,76.772,71,Continue Monitoring,Normal
M-005,2024-01-01 19:00:00,98.923,102.76,4.315,1943.743,237.392,97.179,45.911,60.565,26.0,0,19.0,0.2636,0,73.635,68,Continue Monitoring,Normal
M-005,2024-01-01 19:15:00,87.893,102.06,6.504,1810.167,240.476,93.352,32.692,48.044,25.0,0,19.25,0.163,0,83.7,76,Continue Monitoring,Normal
M-005,2024-01-01 19:30:00,91.859,100.992,8.219,1567.009,239.35,95.159,31.931,53.766,24.0,0,19.5,0.2718,0,72.819,68,Continue Monitoring,Normal
M-005,2024-01-01 19:45:00,88.44,97.733,7.36,1748.411,242.363,86.034,50.783,55.554,23.0,0,19.75,0.1589,0,84.11,77,Continue Monitoring,Normal
M-005,2024-01-01 20:00:00,88.974,98.552,6.014,1691.845,239.159,79.747,35.345,54.222,22.0,0,20.0,0.0803,0,91.971,83,Continue Monitoring,Normal
M-005,2024-01-01 20:15:00,86.673,101.794,8.654,1424.416,239.187,85.965,47.658,57.359,21.0,0,20.25,0.1908,0,80.925,74,Continue Monitoring,Normal
M-005,2024-01-01 20:30:00,83.07,102.694,8.377,1549.322,238.947,90.179,47.373,49.889,20.0,0,20.5,0.1719,0,82.81,76,Continue Monitoring,Normal
M-005,2024-01-01 20:45:00,90.151,98.231,8.335,1701.932,239.951,76.881,44.54,45.145,19.0,0,20.75,0.1767,0,82.33,75,Continue Monitoring,Normal
M-005,2024-01-01 21:00:00,82.836,100.298,4.99,1625.069,239.923,75.91,47.261,41.809,18.0,0,21.0,0.0252,0,97.479,87,Continue Monitoring,Normal
M-005,2024-01-01 21:15:00,88.98,100.414,5.856,1450.028,237.841,87.652,45.964,39.681,17.0,0,21.25,0.1223,0,87.766,80,Continue Monitoring,Normal
M-005,2024-01-01 21:30:00,84.714,100.754,10.504,1440.454,237.81,110.667,47.526,27.045,16.0,0,21.5,0.3791,0,62.091,59,Scheduled Maintenance,Normal
M-005,2024-01-01 21:45:00,89.262,99.305,8.281,1498.127,238.191,98.964,48.322,49.875,15.0,0,21.75,0.2722,0,72.783,68,Continue Monitoring,Normal
M-005,2024-01-01 22:00:00,87.109,100.937,7.879,1659.154,239.939,100.402,49.949,41.61,14.0,0,22.0,0.2461,0,75.387,70,Continue Monitoring,Normal
M-005,2024-01-01 22:15:00,85.846,102.924,5.287,1493.964,240.221,84.967,46.795,39.096,13.0,0,22.25,0.0796,0,92.044,83,Continue Monitoring,Normal
M-005,2024-01-01 22:30:00,87.4,104.751,7.287,1331.566,244.95,86.977,44.206,34.898,12.0,0,22.5,0.1522,0,84.778,77,Continue Monitoring,Normal
M-005,2024-01-01 22:45:00,81.811,107.648,9.009,1539.965,239.274,92.394,45.057,35.911,11.0,0,22.75,0.1964,0,80.361,74,Continue Monitoring,Normal
M-005,2024-01-01 23:00:00,84.572,101.953,7.437,1502.311,241.422,83.816,48.797,28.291,10.0,0,23.0,0.115,0,88.496,80,Continue Monitoring,Normal
M-005,2024-01-01 23:15:00,80.379,101.955,5.597,1591.027,236.721,83.348,51.99,31.24,9.0,0,23.25,0.022,0,97.803,88,Continue Monitoring,Normal
M-005,2024-01-01 23:30:00,81.363,100.775,8.279,1562.286,241.858,92.093,44.821,31.347,8.0,0,23.5,0.1637,0,83.627,76,Continue Monitoring,Normal
M-005,2024-01-01 23:45:00,78.299,107.954,8.199,1369.213,239.771,86.319,37.532,38.066,7.0,0,23.75,0.1166,0,88.345,80,Continue Monitoring,Normal
M-005,2024-01-02 00:00:00,79.337,101.503,5.073,1256.7,238.546,87.914,38.971,42.549,6.0,0,24.0,0.044,0,95.603,86,Continue Monitoring,Normal
M-005,2024-01-02 00:15:00,80.175,106.37,6.902,1342.075,240.01,79.761,47.381,26.476,5.0,0,24.25,0.035,0,96.503,87,Continue Monitoring,Normal
M-005,2024-01-02 00:30:00,83.546,103.905,8.661,1294.226,237.639,91.357,51.089,52.375,4.0,0,24.5,0.1932,0,80.683,74,Continue Monitoring,Normal
M-005,2024-01-02 00:45:00,79.474,110.716,6.783,1553.454,236.849,91.721,29.938,24.41,3.0,0,24.75,0.0941,0,90.589,82,Continue Monitoring,Normal
M-005,2024-01-02 01:00:00,80.61,101.548,7.801,1523.301,238.173,82.087,41.064,25.94,2.0,0,25.0,0.0837,0,91.628,83,Continue Monitoring,Normal
M-005,2024-01-02 01:15:00,77.773,106.074,6.79,1608.645,237.517,98.7,37.583,36.354,1.0,0,25.25,0.1331,0,86.685,79,Continue Monitoring,Normal
M-005,2024-01-02 01:30:00,82.345,109.444,6.645,1467.809,240.936,85.27,47.448,54.334,51.0,0,25.5,0.074,0,92.598,84,Continue Monitoring,Normal
M-005,2024-01-02 01:45:00,78.936,108.03,8.189,1219.656,241.048,82.023,40.134,57.467,50.0,0,25.75,0.0923,0,90.767,82,Continue Monitoring,Normal
M-005,2024-01-02 02:00:00,75.474,104.389,8.877,1275.327,238.318,97.973,43.852,20.425,49.0,0,26.0,0.2064,0,79.359,73,Continue Monitoring,Normal
M-005,2024-01-02 02:15:00,78.103,105.697,9.434,1310.693,242.806,101.75,38.411,34.357,48.0,0,26.25,0.248,0,75.198,70,Continue Monitoring,Normal
M-005,2024-01-02 02:30:00,76.925,104.587,7.672,1351.152,238.906,89.753,43.866,38.23,47.0,0,26.5,0.1161,0,88.39,80,Continue Monitoring,Normal
M-005,2024-01-02 02:45:00,72.421,105.763,7.142,1367.807,238.312,91.768,32.472,29.642,46.0,0,26.75,0.1077,0,89.232,81,Continue Monitoring,Normal
M-005,2024-01-02 03:00:00,73.147,105.126,9.604,1370.814,240.144,86.207,43.188,25.201,45.0,0,27.0,0.168,0,83.202,76,Continue Monitoring,Normal
M-005,2024-01-02 03:15:00,73.042,105.143,6.95,1057.077,236.213,99.928,48.187,51.004,44.0,0,27.25,0.1459,0,85.411,78,Continue Monitoring,Normal
M-005,2024-01-02 03:30:00,78.732,110.228,6.719,1235.862,243.018,90.222,58.091,34.672,43.0,0,27.5,0.0834,0,91.657,83,Continue Monitoring,Normal
M-005,2024-01-02 03:45:00,80.537,107.988,9.239,1560.358,236.489,86.465,36.852,26.583,42.0,0,27.75,0.1606,0,83.935,77,Continue Monitoring,Normal
M-005,2024-01-02 04:00:00,74.785,108.11,7.457,1420.287,233.963,98.957,40.878,44.814,41.0,0,28.0,0.1593,0,84.073,77,Continue Monitoring,Normal
M-005,2024-01-02 04:15:00,74.077,113.048,7.252,1095.852,239.682,91.445,36.69,41.62,40.0,0,28.25,0.1099,0,89.006,81,Continue Monitoring,Normal
M-005,2024-01-02 04:30:00,69.635,105.134,8.353,1280.563,238.265,86.892,50.231,40.435,39.0,0,28.5,0.1255,0,87.455,79,Continue Monitoring,Normal
M-005,2024-01-02 04:45:00,70.888,108.06,8.076,1508.024,241.399,95.028,46.379,27.786,38.0,0,28.75,0.1604,0,83.961,77,Continue Monitoring,Normal
M-005,2024-01-02 05:00:00,66.567,108.978,6.427,1216.636,233.809,80.884,41.127,41.68,37.0,0,29.0,0.0207,0,97.927,88,Continue Monitoring,Normal
M-005,2024-01-02 05:15:00,66.408,110.031,6.851,1473.904,238.908,95.274,43.809,29.18,36.0,0,29.25,0.1164,0,88.362,80,Continue Monitoring,Normal
M-005,2024-01-02 05:30:00,68.735,106.279,7.322,1252.657,240.505,81.094,42.603,49.79,35.0,0,29.5,0.055,0,94.496,85,Continue Monitoring,Normal
M-005,2024-01-02 05:45:00,72.256,107.875,7.513,1363.593,243.964,80.211,36.972,73.012,34.0,0,29.75,0.0572,0,94.278,85,Continue Monitoring,Normal
M-005,2024-01-02 06:00:00,67.07,104.666,6.688,1009.038,240.008,96.339,36.894,41.197,33.0,0,30.0,0.1162,0,88.376,80,Continue Monitoring,Normal
M-005,2024-01-02 06:15:00,71.405,105.249,5.668,1314.121,236.988,88.703,34.707,49.016,32.0,0,30.25,0.0483,0,95.165,86,Continue Monitoring,Normal
M-005,2024-01-02 06:30:00,66.672,112.297,7.814,1366.876,234.865,94.298,40.23,46.206,31.0,0,30.5,0.1466,0,85.338,78,Continue Monitoring,Normal
M-005,2024-01-02 06:45:00,71.032,108.63,9.44,1516.372,241.418,84.076,29.024,59.689,30.0,0,30.75,0.1501,0,84.995,77,Continue Monitoring,Normal
M-005,2024-01-02 07:00:00,66.867,108.679,9.206,1240.993,237.842,94.704,35.387,48.859,29.0,0,31.0,0.2004,0,79.956,73,Continue Monitoring,Normal
M-005,2024-01-02 07:15:00,70.372,111.662,9.325,1482.138,239.091,74.763,35.361,58.665,28.0,0,31.25,0.1231,0,87.686,80,Continue Monitoring,Normal
M-005,2024-01-02 07:30:00,59.421,110.15,8.067,1524.558,237.293,86.706,41.609,55.639,27.0,0,31.5,0.1138,0,88.618,80,Continue Monitoring,Normal
M-005,2024-01-02 07:45:00,64.624,114.368,6.49,1365.108,240.303,88.498,46.89,54.737,26.0,0,31.75,0.0653,0,93.465,84,Continue Monitoring,Normal
M-005,2024-01-02 08:00:00,68.029,111.879,8.15,1277.651,237.023,99.961,45.593,44.152,25.0,0,32.0,0.1905,0,80.946,74,Continue Monitoring,Normal
M-005,2024-01-02 08:15:00,65.244,104.239,6.835,1472.078,238.485,92.305,23.611,51.606,24.0,0,32.25,0.0993,0,90.072,82,Continue Monitoring,Normal
M-005,2024-01-02 08:30:00,65.534,112.807,9.001,1335.102,238.308,82.245,40.412,44.072,23.0,0,32.5,0.1236,0,87.639,80,Continue Monitoring,Normal
M-005,2024-01-02 08:45:00,56.464,108.193,9.781,1331.799,239.406,88.066,30.826,67.216,22.0,0,32.75,0.1848,0,81.517,75,Continue Monitoring,Normal
M-005,2024-01-02 09:00:00,54.856,109.809,7.607,1396.209,236.508,78.884,36.694,51.541,21.0,0,33.0,0.0595,0,94.049,85,Continue Monitoring,Normal
M-005,2024-01-02 09:15:00,60.157,114.395,5.999,1409.296,239.1,98.563,40.633,68.117,20.0,0,33.25,0.1031,0,89.687,81,Continue Monitoring,Normal
M-005,2024-01-02 09:30:00,62.281,112.785,5.609,1061.549,239.695,94.948,44.217,56.134,19.0,0,33.5,0.083,0,91.695,83,Continue Monitoring,Normal
M-005,2024-01-02 09:45:00,68.664,110.087,8.318,1454.791,243.654,89.801,37.378,47.578,18.0,0,33.75,0.1403,0,85.971,78,Continue Monitoring,Normal
M-005,2024-01-02 10:00:00,68.666,112.702,8.378,1763.053,239.406,82.994,40.055,53.984,17.0,0,34.0,0.1047,0,89.531,81,Continue Monitoring,Normal
M-005,2024-01-02 10:15:00,60.64,110.188,6.937,1227.779,243.14,94.292,39.811,72.473,16.0,0,34.25,0.1141,0,88.591,80,Continue Monitoring,Normal
M-005,2024-01-02 10:30:00,63.891,112.168,8.732,1417.273,240.304,97.562,42.075,63.848,15.0,0,34.5,0.1988,0,80.124,74,Continue Monitoring,Normal
M-005,2024-01-02 10:45:00,67.929,109.839,8.336,1457.391,236.393,86.725,38.911,62.273,14.0,0,34.75,0.1239,0,87.611,80,Continue Monitoring,Normal
M-005,2024-01-02 11:00:00,55.791,109.237,8.176,1566.439,239.812,74.273,44.818,62.742,13.0,0,35.0,0.0806,0,91.94,83,Continue Monitoring,Normal
M-005,2024-01-02 11:15:00,81.27,111.055,11.549,1409.334,238.007,121.971,40.789,95.291,12.0,0,35.25,0.5632,0,43.677,44,Immediate Repair,Normal
M-005,2024-01-02 11:30:00,83.068,112.993,9.332,1562.936,236.624,117.66,35.01,73.676,11.0,0,35.5,0.3599,0,64.009,61,Scheduled Maintenance,Normal
M-005,2024-01-02 11:45:00,87.082,108.002,13.453,1450.739,236.66,112.426,32.976,86.459,10.0,0,35.75,0.567,0,43.302,44,Immediate Repair,Normal
M-005,2024-01-02 12:00:00,74.731,109.557,13.159,1474.859,233.394,118.79,40.68,82.22,9.0,0,36.0,0.4971,0,50.291,50,Scheduled Maintenance,Normal
M-005,2024-01-02 12:15:00,81.951,110.099,10.246,1674.147,237.708,112.35,38.231,100.461,8.0,0,36.25,0.5059,0,49.41,49,Scheduled Maintenance,Normal
M-005,2024-01-02 12:30:00,76.785,105.813,10.943,1619.891,240.174,111.225,48.842,97.13,7.0,0,36.5,0.4834,0,51.656,51,Scheduled Maintenance,Normal
M-005,2024-01-02 12:45:00,77.757,109.786,12.369,1369.321,237.607,115.26,30.422,88.716,6.0,0,36.75,0.4964,0,50.365,50,Scheduled Maintenance,Normal
M-005,2024-01-02 13:00:00,77.566,113.193,9.341,1432.024,236.063,119.911,40.225,109.495,5.0,0,37.0,0.5639,0,43.605,44,Immediate Repair,Normal
M-005,2024-01-02 13:15:00,81.401,108.692,12.274,1444.149,240.0,103.955,35.488,96.981,4.0,0,37.25,0.5037,0,49.632,49,Scheduled Maintenance,Normal
M-005,2024-01-02 13:30:00,83.646,103.122,13.878,1478.815,231.682,92.358,31.197,93.079,3.0,0,37.5,0.4897,0,51.029,50,Scheduled Maintenance,Normal
M-005,2024-01-02 13:45:00,78.488,111.423,11.199,1371.808,236.005,113.695,41.703,86.198,2.0,0,37.75,0.4257,0,57.434,55,Scheduled Maintenance,Normal
M-005,2024-01-02 14:00:00,82.384,107.446,10.766,1448.961,240.377,112.62,36.097,104.122,1.0,0,38.0,0.5576,0,44.239,45,Immediate Repair,Normal
M-005,2024-01-02 14:15:00,87.394,109.717,13.726,1647.772,235.244,113.827,32.516,93.541,51.0,0,38.25,0.6401,0,35.991,38,Immediate Repair,Normal
M-005,2024-01-02 14:30:00,76.38,107.649,10.964,1498.489,238.564,112.894,28.972,88.814,50.0,0,38.5,0.4319,0,56.813,55,Scheduled Maintenance,Normal
M-005,2024-01-02 14:45:00,72.887,109.352,12.733,1573.316,234.51,115.548,37.287,85.532,49.0,0,38.75,0.4878,0,51.216,50,Scheduled Maintenance,Normal
M-005,2024-01-02 15:00:00,82.03,110.83,13.372,1479.192,240.314,110.455,43.978,92.397,48.0,0,39.0,0.5521,0,44.791,45,Immediate Repair,Normal
M-005,2024-01-02 15:15:00,78.281,100.861,11.636,1572.849,235.448,126.293,33.032,92.413,47.0,0,39.25,0.5579,0,44.214,45,Immediate Repair,Normal
M-005,2024-01-02 15:30:00,75.689,106.177,13.517,1749.051,234.477,109.029,33.016,111.605,46.0,0,39.5,0.6738,0,32.62,36,Immediate Repair,Normal
M-005,2024-01-02 15:45:00,83.942,107.288,10.134,1424.688,236.992,118.025,27.514,95.771,45.0,0,39.75,0.5162,0,48.378,48,Scheduled Maintenance,Normal
M-005,2024-01-02 16:00:00,86.097,106.687,14.189,1669.188,233.126,112.221,39.092,89.85,44.0,0,40.0,0.6095,0,39.054,41,Immediate Repair,Normal
M-005,2024-01-02 16:15:00,75.928,111.589,10.75,1730.53,234.967,114.181,43.19,93.727,43.0,0,40.25,0.4675,0,53.25,52,Scheduled Maintenance,Normal
M-005,2024-01-02 16:30:00,82.279,100.655,12.749,1314.694,235.493,120.43,43.508,87.012,42.0,0,40.5,0.5468,0,45.323,46,Scheduled Maintenance,Normal
M-005,2024-01-02 16:45:00,75.545,104.451,12.409,1376.855,236.029,116.72,38.032,105.479,41.0,0,40.75,0.6301,0,36.989,39,Immediate Repair,Normal
M-005,2024-01-02 17:00:00,81.351,104.612,9.453,1646.421,233.104,110.582,42.562,114.575,40.0,0,41.0,0.5659,0,43.411,44,Immediate Repair,Normal
M-005,2024-01-02 17:15:00,80.553,107.618,10.156,1669.538,235.677,123.325,36.403,98.105,39.0,0,41.25,0.5336,0,46.636,47,Scheduled Maintenance,Normal
M-005,2024-01-02 17:30:00,85.205,105.398,10.641,1955.86,232.513,114.357,41.686,103.262,38.0,0,41.5,0.5813,0,41.866,43,Immediate Repair,Normal
M-005,2024-01-02 17:45:00,80.491,104.837,11.879,1525.25,242.091,113.36,43.148,97.249,37.0,0,41.75,0.5352,0,46.478,47,Scheduled Maintenance,Normal
M-005,2024-01-02 18:00:00,80.126,103.742,10.054,1649.282,234.31,123.191,32.348,94.778,36.0,0,42.0,0.5007,0,49.934,49,Scheduled Maintenance,Normal
M-005,2024-01-02 18:15:00,78.262,109.154,11.021,1745.308,238.33,114.057,31.23,86.806,35.0,0,42.25,0.4256,0,57.441,55,Scheduled Maintenance,Normal
M-005,2024-01-02 18:30:00,85.62,100.765,12.802,1700.695,236.44,118.471,33.852,90.535,34.0,0,42.5,0.5937,0,40.635,42,Immediate Repair,Normal
M-005,2024-01-02 18:45:00,85.38,102.38,8.418,1773.818,232.087,118.53,47.776,100.247,33.0,0,42.75,0.5014,0,49.859,49,Scheduled Maintenance,Normal
M-005,2024-01-02 19:00:00,86.857,104.454,14.506,1577.347,235.058,120.062,38.243,111.335,32.0,0,43.0,0.8307,0,16.934,23,Immediate Repair,Normal
M-005,2024-01-02 19:15:00,81.513,109.929,15.269,1747.306,236.626,123.782,32.229,86.373,31.0,0,43.25,0.6472,0,35.28,38,Immediate Repair,Normal
M-005,2024-01-02 19:30:00,88.647,104.275,11.996,1723.262,227.696,114.196,34.802,108.301,30.0,0,43.5,0.6986,0,30.144,34,Immediate Repair,Normal
M-005,2024-01-02 19:45:00,87.995,104.919,12.882,1550.513,236.51,120.026,46.761,115.0,29.0,0,43.75,0.8076,0,19.242,25,Immediate Repair,Normal
M-005,2024-01-02 20:00:00,77.651,101.765,11.304,1758.95,234.662,114.071,45.426,87.205,28.0,0,44.0,0.4391,0,56.089,54,Scheduled Maintenance,Normal
M-005,2024-01-02 20:15:00,80.675,99.605,11.854,1598.645,234.359,114.642,34.513,106.43,27.0,0,44.25,0.611,0,38.896,41,Immediate Repair,Normal
M-005,2024-01-02 20:30:00,85.031,105.619,12.1,1750.761,232.698,115.841,43.478,93.004,26.0,0,44.5,0.5661,0,43.39,44,Immediate Repair,Normal
M-005,2024-01-02 20:45:00,87.784,99.753,13.451,1691.414,236.823,116.407,48.305,84.953,25.0,0,44.75,0.5841,0,41.589,43,Immediate Repair,Normal
M-005,2024-01-02 21:00:00,80.258,100.11,10.465,1602.151,236.013,116.041,36.276,91.954,24.0,0,45.0,0.4564,0,54.356,53,Scheduled Maintenance,Normal
M-005,2024-01-02 21:15:00,84.237,106.685,11.389,1616.227,236.417,114.65,51.363,89.847,23.0,0,45.25,0.5027,0,49.732,49,Scheduled Maintenance,Normal
M-005,2024-01-02 21:30:00,90.482,104.764,11.703,1692.253,236.133,120.274,30.644,83.067,22.0,0,45.5,0.5509,0,44.912,45,Immediate Repair,Normal
M-005,2024-01-02 21:45:00,77.435,103.096,12.082,1768.174,228.713,108.653,36.219,86.828,21.0,0,45.75,0.435,0,56.498,55,Scheduled Maintenance,Normal
M-005,2024-01-02 22:00:00,88.543,102.862,15.641,1791.155,237.012,110.62,29.017,89.189,20.0,0,46.0,0.6712,0,32.882,36,Immediate Repair,Normal
M-005,2024-01-02 22:15:00,82.18,100.967,11.386,1564.657,238.752,112.757,29.222,100.816,19.0,0,46.25,0.555,0,44.497,45,Immediate Repair,Normal
M-005,2024-01-02 22:30:00,86.164,104.015,11.467,1739.555,234.456,120.763,43.641,90.024,18.0,0,46.5,0.558,0,44.203,45,Immediate Repair,Normal
M-005,2024-01-02 22:45:00,91.709,102.813,12.789,1792.307,228.963,120.894,39.266,85.837,17.0,0,46.75,0.626,0,37.404,39,Immediate Repair,Normal
M-005,2024-01-02 23:00:00,95.228,96.136,14.825,1811.381,234.128,114.025,28.995,87.598,16.0,0,47.0,0.7075,0,29.248,33,Immediate Repair,Normal
M-005,2024-01-02 23:15:00,91.985,102.302,12.261,1555.233,228.427,131.244,32.428,102.255,15.0,0,47.25,0.788,0,21.203,26,Immediate Repair,Normal
M-005,2024-01-02 23:30:00,87.444,99.592,13.429,1723.849,237.705,117.5,41.736,84.272,14.0,0,47.5,0.5813,0,41.871,43,Immediate Repair,Normal
M-005,2024-01-02 23:45:00,94.356,104.753,12.385,2033.416,230.969,122.409,41.894,75.2,13.0,0,47.75,0.5997,0,40.032,42,Immediate Repair,Normal
M-005,2024-01-03 00:00:00,93.122,99.929,11.389,1872.027,233.118,116.642,38.537,83.901,12.0,0,48.0,0.5487,0,45.131,46,Scheduled Maintenance,Normal
M-005,2024-01-03 00:15:00,91.346,100.228,11.697,2150.733,228.326,113.147,35.905,104.101,11.0,0,48.25,0.6745,0,32.548,36,Immediate Repair,Normal
M-005,2024-01-03 00:30:00,88.09,101.001,12.961,1874.427,236.138,125.841,36.226,84.513,10.0,0,48.5,0.6178,0,38.217,40,Immediate Repair,Normal
M-005,2024-01-03 00:45:00,86.471,99.948,11.517,1814.133,227.248,120.254,28.745,82.917,9.0,0,48.75,0.5071,0,49.291,49,Scheduled Maintenance,Normal
M-005,2024-01-03 01:00:00,89.581,97.043,14.26,1908.775,235.626,128.428,34.282,95.273,8.0,0,49.0,0.7733,0,22.673,28,Immediate Repair,Normal
M-005,2024-01-03 01:15:00,89.187,101.783,11.968,1727.933,233.897,124.215,44.406,81.27,7.0,0,49.25,0.5577,0,44.227,45,Immediate Repair,Normal
M-005,2024-01-03 01:30:00,96.141,101.092,13.099,1905.494,232.54,123.59,29.148,76.638,6.0,0,49.5,0.6485,0,35.145,38,Immediate Repair,Normal
M-005,2024-01-03 01:45:00,90.642,100.322,14.987,1784.219,232.184,123.075,26.504,71.555,5.0,0,49.75,0.6668,0,33.324,36,Immediate Repair,Normal
M-006,2024-01-01 00:00:00,71.654,86.068,1.943,1816.747,244.595,79.151,58.138,54.334,33.0,0,0.0,0.0,0,100.0,90,Continue Monitoring,Normal
M-006,2024-01-01 00:15:00,78.589,87.346,3.303,1598.908,241.433,61.985,64.39,78.838,32.0,0,0.25,0.0,0,100.0,90,Continue Monitoring,Normal
M-006,2024-01-01 00:30:00,80.571,87.82,0.923,1708.423,246.7,63.592,60.229,80.36,31.0,0,0.5,0.0077,0,99.226,89,Continue Monitoring,Normal
M-006,2024-01-01 00:45:00,77.079,93.102,1.847,1575.742,244.079,61.391,59.4,66.738,30.0,0,0.75,0.0,0,100.0,90,Continue Monitoring,Normal
M-006,2024-01-01 01:00:00,79.316,87.458,3.528,1655.946,244.177,98.033,64.724,69.553,29.0,0,1.0,0.1002,0,89.982,81,Continue Monitoring,Normal
M-006,2024-01-01 01:15:00,70.54,83.643,2.604,1649.749,240.609,82.388,68.054,68.12,28.0,0,1.25,0.0133,0,98.673,88,Continue Monitoring,Normal
M-006,2024-01-01 01:30:00,71.456,89.495,2.849,1516.31,242.92,77.212,46.009,62.601,27.0,0,1.5,0.0,0,100.0,90,Continue Monitoring,Normal
M-006,2024-01-01 01:45:00,76.401,87.601,2.211,1633.132,243.089,66.844,63.809,60.855,26.0,0,1.75,0.0,0,100.0,90,Continue Monitoring,Normal
M-006,2024-01-01 02:00:00,71.983,87.566,3.301,1853.078,239.435,64.646,68.711,57.845,25.0,0,2.0,0.0,0,100.0,90,Continue Monitoring,Normal
M-006,2024-01-01 02:15:00,82.944,89.151,4.167,1669.121,238.708,68.831,52.766,64.543,24.0,0,2.25,0.0262,0,97.383,87,Continue Monitoring,Normal
M-006,2024-01-01 02:30:00,81.057,87.015,1.508,1841.934,242.644,80.961,63.94,85.807,23.0,0,2.5,0.0578,0,94.224,85,Continue Monitoring,Normal
M-006,2024-01-01 02:45:00,80.922,87.873,1.191,1755.184,241.288,68.776,63.175,82.602,22.0,0,2.75,0.0275,0,97.253,87,Continue Monitoring,Normal
M-006,2024-01-01 03:00:00,81.111,84.256,1.978,1910.289,242.578,63.442,59.336,59.835,21.0,0,3.0,0.0099,0,99.012,89,Continue Monitoring,Normal
M-006,2024-01-01 03:15:00,80.206,84.035,2.219,1977.436,238.184,75.607,73.603,89.02,20.0,0,3.25,0.0686,0,93.135,84,Continue Monitoring,Normal
M-006,2024-01-01 03:30:00,80.454,81.06,1.131,1746.367,239.714,65.715,58.508,78.172,19.0,0,3.5,0.004,0,99.596,89,Continue Monitoring,Normal
M-006,2024-01-01 03:45:00,83.029,80.57,2.098,1784.861,241.311,83.697,61.842,63.972,18.0,0,3.75,0.0475,0,95.254,86,Continue Monitoring,Normal
M-006,2024-01-01 04:00:00,83.26,85.732,2.893,1666.467,247.294,63.443,64.394,82.986,17.0,0,4.0,0.0511,0,94.89,85,Continue Monitoring,Normal
M-006,2024-01-01 04:15:00,84.482,89.017,3.869,1752.862,245.459,66.604,61.391,68.894,16.0,0,4.25,0.0398,0,96.016,86,Continue Monitoring,Normal
M-006,2024-01-01 04:30:00,78.428,83.843,3.613,1623.204,243.754,65.376,68.066,79.105,15.0,0,4.5,0.0,0,100.0,90,Continue Monitoring,Normal
M-006,2024-01-01 04:45:00,78.539,83.7,1.83,1987.102,242.384,70.14,63.916,73.333,14.0,0,4.75,0.0,0,100.0,90,Continue Monitoring,Normal
M-006,2024-01-01 05:00:00,78.34,84.473,1.588,1709.904,245.012,74.967,52.819,77.906,13.0,0,5.0,0.0,0,100.0,90,Continue Monitoring,Normal
M-006,2024-01-01 05:15:00,80.334,88.344,4.411,1798.208,244.35,61.889,56.281,85.816,12.0,0,5.25,0.046,0,95.396,86,Continue Monitoring,Normal
M-006,2024-01-01 05:30:00,86.199,82.483,3.505,1864.631,242.249,69.399,57.733,87.71,11.0,0,5.5,0.1122,0,88.779,81,Continue Monitoring,Normal
M-006,2024-01-01 05:45:00,86.463,83.124,1.523,1741.587,244.054,81.864,61.178,81.849,10.0,0,5.75,0.0815,0,91.85,83,Continue Monitoring,Normal
M-006,2024-01-01 06:00:00,86.135,78.865,5.02,1889.774,240.967,70.484,57.073,99.609,9.0,0,6.0,0.1998,0,80.021,74,Continue Monitoring,Normal
M-006,2024-01-01 06:15:00,84.835,82.483,4.006,1784.104,243.673,73.663,50.881,89.496,8.0,0,6.25,0.1133,0,88.668,80,Continue Monitoring,Normal
M-006,2024-01-01 06:30:00,85.855,82.143,3.268,1909.389,247.219,63.575,58.122,94.06,7.0,0,6.5,0.1562,0,84.381,77,Continue Monitoring,Normal
M-006,2024-01-01 06:45:00,88.342,82.863,7.088,1956.949,246.715,69.772,54.186,84.624,6.0,0,6.75,0.1487,0,85.131,78,Continue Monitoring,Normal
M-006,2024-01-01 07:00:00,89.633,82.434,3.812,1862.159,242.315,70.753,64.457,96.494,5.0,0,7.0,0.2078,0,79.22,73,Continue Monitoring,Normal
M-006,2024-01-01 07:15:00,83.114,83.225,2.352,1948.435,242.974,83.062,57.568,90.139,4.0,0,7.25,0.1198,0,88.021,80,Continue Monitoring,Normal
M-006,2024-01-01 07:30:00,89.905,78.038,3.176,1864.108,242.12,69.114,66.713,82.579,3.0,0,7.5,0.1071,0,89.286,81,Continue Monitoring,Normal
M-006,2024-01-01 07:45:00,90.069,81.323,1.337,1961.977,239.533,76.678,56.962,88.805,2.0,0,7.75,0.1547,0,84.528,77,Continue Monitoring,Normal
M-006,2024-01-01 08:00:00,82.937,80.465,4.606,1806.057,242.062,75.554,62.846,64.481,1.0,0,8.0,0.0261,0,97.389,87,Continue Monitoring,Normal
M-006,2024-01-01 08:15:00,96.471,81.401,4.299,1888.518,238.428,77.185,56.538,94.308,33.0,0,8.25,0.2524,0,74.76,69,Continue Monitoring,Normal
M-006,2024-01-01 08:30:00,87.814,80.247,2.253,2011.948,240.537,88.271,73.318,100.0,32.0,0,8.5,0.2636,0,73.644,68,Continue Monitoring,Normal
M-006,2024-01-01 08:45:00,94.056,78.997,4.986,1898.784,239.549,83.164,66.623,88.481,31.0,0,8.75,0.2053,0,79.465,73,Continue Monitoring,Normal
M-006,2024-01-01 09:00:00,84.302,77.21,0.818,2025.46,239.507,74.74,54.746,74.408,30.0,0,9.0,0.0382,0,96.176,86,Continue Monitoring,Normal
M-006,2024-01-01 09:15:00,90.389,77.688,4.556,1761.283,242.15,56.108,46.659,100.0,29.0,0,9.25,0.2405,0,75.95,70,Continue Monitoring,Normal
M-006,2024-01-01 09:30:00,97.986,78.69,2.244,1878.544,247.147,69.311,61.148,88.142,28.0,0,9.5,0.2202,0,77.981,72,Continue Monitoring,Normal
M-006,2024-01-01 09:45:00,87.577,76.559,3.823,1797.709,245.985,69.701,60.441,100.0,27.0,0,9.75,0.2155,0,78.45,72,Continue Monitoring,Normal
M-006,2024-01-01 10:00:00,89.362,80.626,0.919,1858.685,244.815,86.555,47.872,86.686,26.0,0,10.0,0.1692,0,83.083,76,Continue Monitoring,Normal
M-006,2024-01-01 10:15:00,96.028,75.245,3.145,1954.745,245.387,84.142,62.276,100.0,25.0,0,10.25,0.3136,0,68.637,64,Continue Monitoring,Normal
M-006,2024-01-01 10:30:00,88.911,75.117,3.142,1775.266,246.384,70.571,55.506,91.802,24.0,0,10.5,0.1666,0,83.337,76,Continue Monitoring,Normal
M-006,2024-01-01 10:45:00,85.908,79.393,2.803,2052.487,243.854,77.785,60.566,93.762,23.0,0,10.75,0.1545,0,84.555,77,Continue Monitoring,Normal
M-006,2024-01-01 11:00:00,91.037,71.84,4.9,1901.529,247.498,78.284,54.799,76.632,22.0,0,11.0,0.0981,0,90.189,82,Continue Monitoring,Normal
M-006,2024-01-01 11:15:00,93.316,75.676,4.814,1888.941,248.296,76.505,61.116,81.448,21.0,0,11.25,0.1291,0,87.091,79,Continue Monitoring,Normal
M-006,2024-01-01 11:30:00,91.704,79.927,3.442,1971.962,245.46,74.504,69.677,96.566,20.0,0,11.5,0.2267,0,77.325,71,Continue Monitoring,Normal
M-006,2024-01-01 11:45:00,91.154,76.762,2.55,1884.986,246.342,79.676,63.78,72.771,19.0,0,11.75,0.0991,0,90.085,82,Continue Monitoring,Normal
M-006,2024-01-01 12:00:00,94.789,75.63,2.166,2063.259,249.896,75.658,63.484,90.809,18.0,0,12.0,0.2115,0,78.848,73,Continue Monitoring,Normal
M-006,2024-01-01 12:15:00,96.49,77.867,1.704,2140.853,248.794,70.335,52.999,87.411,17.0,0,12.25,0.2015,0,79.852,73,Continue Monitoring,Normal
M-006,2024-01-01 12:30:00,89.803,76.468,4.619,1828.126,242.338,76.693,55.922,83.011,16.0,0,12.5,0.1094,0,89.056,81,Continue Monitoring,Normal
M-006,2024-01-01 12:45:00,85.534,74.527,4.594,1964.876,243.41,65.904,59.161,86.308,15.0,0,12.75,0.0959,0,90.409,82,Continue Monitoring,Normal
M-006,2024-01-01 13:00:00,92.501,73.561,4.025,2068.163,246.477,62.74,60.228,100.0,14.0,0,13.0,0.2593,0,74.073,69,Continue Monitoring,Normal
M-006,2024-01-01 13:15:00,85.687,75.012,3.306,1894.759,246.53,82.242,59.46,91.655,13.0,0,13.25,0.1493,0,85.067,78,Continue Monitoring,Normal
M-006,2024-01-01 13:30:00,90.304,73.708,2.701,1660.238,246.858,88.73,61.642,84.791,12.0,0,13.5,0.1756,0,82.442,75,Continue Monitoring,Normal
M-006,2024-01-01 13:45:00,89.042,73.872,5.031,2114.039,250.577,80.079,59.045,79.032,11.0,0,13.75,0.0808,0,91.919,83,Continue Monitoring,Normal
M-006,2024-01-01 14:00:00,87.583,70.119,2.09,1873.359,245.318,64.246,58.55,72.731,10.0,0,14.0,0.0674,0,93.259,84,Continue Monitoring,Normal
M-006,2024-01-01 14:15:00,85.791,73.222,3.233,1787.461,249.053,61.302,46.798,74.903,9.0,0,14.25,0.0515,0,94.852,85,Continue Monitoring,Normal
M-006,2024-01-01 14:30:00,90.735,75.427,2.943,1745.079,246.329,71.621,67.957,70.558,8.0,0,14.5,0.0954,0,90.458,82,Continue Monitoring,Normal
M-006,2024-01-01 14:45:00,89.989,81.535,3.44,1915.448,248.366,79.922,60.325,74.647,7.0,0,14.75,0.0888,0,91.121,82,Continue Monitoring,Normal
M-006,2024-01-01 15:00:00,90.436,72.287,4.184,2085.343,250.134,77.019,63.66,62.906,6.0,0,15.0,0.0928,0,90.723,82,Continue Monitoring,Normal
M-006,2024-01-01 15:15:00,88.81,76.777,5.825,1742.325,245.124,90.251,59.039,88.702,5.0,0,15.25,0.1997,0,80.028,74,Continue Monitoring,Normal
M-006,2024-01-01 15:30:00,90.48,74.604,3.33,1940.597,250.72,67.827,56.282,78.476,4.0,0,15.5,0.0932,0,90.685,82,Continue Monitoring,Normal
M-006,2024-01-01 15:45:00,88.918,72.33,5.186,1952.317,245.368,76.648,51.081,59.215,3.0,0,15.75,0.0793,0,92.073,83,Continue Monitoring,Normal
M-006,2024-01-01 16:00:00,89.7,73.863,2.434,1726.158,243.589,78.437,46.46,56.889,2.0,0,16.0,0.0862,0,91.378,83,Continue Monitoring,Normal
M-006,2024-01-01 16:15:00,81.502,74.997,1.279,1807.829,251.77,87.056,47.363,68.817,1.0,0,16.25,0.0526,0,94.745,85,Continue Monitoring,Normal
M-006,2024-01-01 16:30:00,84.734,70.145,3.659,1943.148,248.715,70.426,62.362,42.22,33.0,0,16.5,0.0421,0,95.792,86,Continue Monitoring,Normal
M-006,2024-01-01 16:45:00,85.398,71.25,3.942,1762.945,246.555,74.299,58.198,68.881,32.0,0,16.75,0.048,0,95.202,86,Continue Monitoring,Normal
M-006,2024-01-01 17:00:00,88.711,72.88,4.41,1877.761,245.372,75.196,64.967,51.275,31.0,0,17.0,0.0774,0,92.257,83,Continue Monitoring,Normal
M-006,2024-01-01 17:15:00,95.022,69.74,3.379,1655.771,253.664,72.178,54.921,57.421,30.0,0,17.25,0.1335,0,86.647,79,Continue Monitoring,Normal
M-006,2024-01-01 17:30:00,87.861,72.81,3.692,1337.294,247.33,75.916,64.088,73.052,29.0,0,17.5,0.0699,0,93.013,84,Continue Monitoring,Normal
M-006,2024-01-01 17:45:00,86.388,76.294,2.351,1843.739,245.497,67.589,56.673,72.807,28.0,0,17.75,0.0568,0,94.322,85,Continue Monitoring,Normal
M-006,2024-01-01 18:00:00,87.509,78.399,2.86,1868.125,245.312,77.549,59.015,64.27,27.0,0,18.0,0.0668,0,93.325,84,Continue Monitoring,Normal
M-006,2024-01-01 18:15:00,87.421,71.769,5.155,1940.788,245.57,63.215,60.64,53.209,26.0,0,18.25,0.066,0,93.403,84,Continue Monitoring,Normal
M-006,2024-01-01 18:30:00,85.513,75.744,3.299,1691.228,247.072,86.44,57.753,43.047,25.0,0,18.5,0.0848,0,91.522,83,Continue Monitoring,Normal
M-006,2024-01-01 18:45:00,80.861,74.595,2.372,1526.425,249.328,81.033,55.291,57.241,24.0,0,18.75,0.0134,0,98.661,88,Continue Monitoring,Normal
M-006,2024-01-01 19:00:00,85.99,76.099,4.814,1391.543,246.747,79.957,54.964,53.589,23.0,0,19.0,0.0532,0,94.675,85,Continue Monitoring,Normal
M-006,2024-01-01 19:15:00,87.823,74.661,6.094,1829.751,247.158,75.035,40.252,48.909,22.0,0,19.25,0.073,0,92.699,84,Continue Monitoring,Normal
M-006,2024-01-01 19:30:00,78.977,75.22,4.212,1768.246,251.747,76.328,70.963,53.47,21.0,0,19.5,0.0,0,100.0,90,Continue Monitoring,Normal
M-006,2024-01-01 19:45:00,78.708,73.02,3.491,1745.999,244.757,74.516,56.24,45.665,20.0,0,19.75,0.0,0,100.0,90,Continue Monitoring,Normal
M-006,2024-01-01 20:00:00,86.742,76.791,5.661,1625.406,251.246,67.144,48.801,37.039,19.0,0,20.0,0.0599,0,94.007,85,Continue Monitoring,Normal
M-006,2024-01-01 20:15:00,83.07,78.646,3.2,1598.111,247.028,80.792,54.191,42.907,18.0,0,20.25,0.0317,0,96.831,87,Continue Monitoring,Normal
M-006,2024-01-01 20:30:00,77.179,73.505,5.706,1656.425,245.493,85.525,53.47,61.539,17.0,0,20.5,0.0307,0,96.931,87,Continue Monitoring,Normal
M-006,2024-01-01 20:45:00,87.693,75.58,1.975,1910.484,248.908,74.695,62.643,53.497,16.0,0,20.75,0.0684,0,93.162,84,Continue Monitoring,Normal
M-006,2024-01-01 21:00:00,86.831,73.627,4.534,1483.716,249.778,76.891,58.516,44.184,15.0,0,21.0,0.0607,0,93.928,85,Continue Monitoring,Normal
M-006,2024-01-01 21:15:00,80.084,73.22,5.209,1795.121,246.139,81.017,59.347,44.943,14.0,0,21.25,0.0064,0,99.361,89,Continue Monitoring,Normal
M-006,2024-01-01 21:30:00,74.474,72.139,3.024,1350.087,252.061,79.806,56.497,22.216,13.0,0,21.5,0.0,0,100.0,90,Continue Monitoring,Normal
M-006,2024-01-01 21:45:00,72.769,76.264,6.892,1513.431,250.455,73.963,56.932,55.565,12.0,0,21.75,0.033,0,96.698,87,Continue Monitoring,Normal
M-006,2024-01-01 22:00:00,78.159,74.436,6.133,1593.341,251.162,72.615,64.963,45.5,11.0,0,22.0,0.0049,0,99.507,89,Continue Monitoring,Normal
M-006,2024-01-01 22:15:00,80.753,77.143,3.455,1578.397,246.583,84.219,55.228,27.191,10.0,0,22.25,0.0301,0,96.987,87,Continue Monitoring,Normal
M-006,2024-01-01 22:30:00,71.761,71.817,5.043,1431.277,248.832,78.548,55.98,45.981,9.0,0,22.5,0.0,0,100.0,90,Continue Monitoring,Normal
M-006,2024-01-01 22:45:00,78.571,69.123,3.74,1611.476,252.871,89.487,48.112,37.59,8.0,0,22.75,0.0527,0,94.729,85,Continue Monitoring,Normal
M-006,2024-01-01 23:00:00,71.128,82.072,5.626,1593.702,248.465,87.436,63.481,52.208,7.0,0,23.0,0.0413,0,95.869,86,Continue Monitoring,Normal
M-006,2024-01-01 23:15:00,78.669,76.73,5.297,1640.898,247.41,75.403,62.935,56.861,6.0,0,23.25,0.0,0,100.0,90,Continue Monitoring,Normal
M-006,2024-01-01 23:30:00,73.291,77.257,4.729,1592.896,246.427,91.136,58.589,45.178,5.0,0,23.5,0.0619,0,93.813,85,Continue Monitoring,Normal
M-006,2024-01-01 23:45:00,82.767,76.973,4.129,1375.837,247.488,67.619,60.466,43.763,4.0,0,23.75,0.0246,0,97.54,88,Continue Monitoring,Normal
M-006,2024-01-02 00:00:00,74.064,78.295,5.334,1381.887,248.627,83.028,45.207,46.164,3.0,0,24.0,0.0168,0,98.318,88,Continue Monitoring,Normal
M-006,2024-01-02 00:15:00,67.914,78.523,2.654,1682.105,244.55,66.67,56.622,34.984,2.0,0,24.25,0.0,0,100.0,90,Continue Monitoring,Normal
M-006,2024-01-02 00:30:00,68.028,80.734,1.51,1378.418,246.3,83.927,63.516,50.011,1.0,0,24.5,0.0218,0,97.818,88,Continue Monitoring,Normal
M-006,2024-01-02 00:45:00,72.868,72.156,4.86,1671.897,251.73,81.642,48.528,33.647,33.0,0,24.75,0.0091,0,99.088,89,Continue Monitoring,Normal
M-006,2024-01-02 01:00:00,80.651,75.471,2.721,1601.458,246.736,70.22,64.754,43.482,32.0,0,25.0,0.0058,0,99.421,89,Continue Monitoring,Normal
M-006,2024-01-02 01:15:00,70.824,76.566,7.209,1478.614,252.221,84.837,52.382,33.77,31.0,0,25.25,0.0717,0,92.834,84,Continue Monitoring,Normal
M-006,2024-01-02 01:30:00,77.571,84.673,1.73,1541.001,247.662,71.439,57.0,25.487,30.0,0,25.5,0.0,0,100.0,90,Continue Monitoring,Normal
M-006,2024-01-02 01:45:00,69.356,78.171,3.673,1460.222,244.974,89.774,58.311,57.067,29.0,0,25.75,0.0543,0,94.57,85,Continue Monitoring,Normal
M-006,2024-01-02 02:00:00,70.02,79.199,6.85,1393.507,247.479,83.892,47.846,46.428,28.0,0,26.0,0.0531,0,94.691,85,Continue Monitoring,Normal
M-006,2024-01-02 02:15:00,72.434,84.93,5.649,1613.259,247.674,72.903,67.854,24.296,27.0,0,26.25,0.0,0,100.0,90,Continue Monitoring,Normal
M-006,2024-01-02 02:30:00,63.837,83.09,6.693,1474.715,250.992,65.061,52.119,21.125,26.0,0,26.5,0.0257,0,97.434,87,Continue Monitoring,Normal
M-006,2024-01-02 02:45:00,72.111,77.023,2.644,1508.688,251.167,78.009,58.459,45.598,25.0,0,26.75,0.0,0,100.0,90,Continue Monitoring,Normal
M-006,2024-01-02 03:00:00,67.578,78.646,5.239,1515.949,250.649,81.396,47.949,47.531,24.0,0,27.0,0.0078,0,99.224,89,Continue Monitoring,Normal
M-006,2024-01-02 03:15:00,67.889,80.742,4.05,1355.262,250.617,69.375,48.921,37.799,23.0,0,27.25,0.0,0,100.0,90,Continue Monitoring,Normal
M-006,2024-01-02 03:30:00,73.809,85.608,2.181,1596.32,251.98,71.174,39.675,40.874,22.0,0,27.5,0.0,0,100.0,90,Continue Monitoring,Normal
M-006,2024-01-02 03:45:00,71.309,87.468,3.274,1640.818,241.227,76.905,52.223,53.679,21.0,0,27.75,0.0,0,100.0,90,Continue Monitoring,Normal
M-006,2024-01-02 04:00:00,71.483,85.799,2.617,1530.879,249.415,67.873,42.247,53.144,20.0,0,28.0,0.0,0,100.0,90,Continue Monitoring,Normal
M-006,2024-01-02 04:15:00,65.047,79.316,4.231,1468.2,247.615,68.798,65.886,53.46,19.0,0,28.25,0.0,0,100.0,90,Continue Monitoring,Normal
M-006,2024-01-02 04:30:00,63.911,82.513,5.041,1286.482,248.805,70.437,54.072,32.432,18.0,0,28.5,0.0,0,100.0,90,Continue Monitoring,Normal
M-006,2024-01-02 04:45:00,60.272,88.555,4.636,1444.821,241.775,75.663,57.186,46.803,17.0,0,28.75,0.0,0,100.0,90,Continue Monitoring,Normal
M-006,2024-01-02 05:00:00,55.628,84.45,5.081,1572.258,245.813,64.237,48.362,34.677,16.0,0,29.0,0.0,0,100.0,90,Continue Monitoring,Normal
M-006,2024-01-02 05:15:00,66.7,75.88,3.955,1587.957,247.768,86.296,44.416,30.454,15.0,0,29.25,0.035,0,96.502,87,Continue Monitoring,Normal
M-006,2024-01-02 05:30:00,69.02,84.525,4.742,1281.721,248.015,72.09,61.313,74.617,14.0,0,29.5,0.0,0,100.0,90,Continue Monitoring,Normal
M-006,2024-01-02 05:45:00,64.734,82.499,1.066,1213.186,252.341,72.997,51.891,54.794,13.0,0,29.75,0.0,0,100.0,90,Continue Monitoring,Normal
M-006,2024-01-02 06:00:00,68.265,83.976,4.061,1423.723,245.756,76.275,56.513,51.03,12.0,0,30.0,0.0,0,100.0,90,Continue Monitoring,Normal
M-006,2024-01-02 06:15:00,70.41,86.052,6.254,1286.767,249.174,75.321,56.34,57.031,11.0,0,30.25,0.0094,0,99.058,89,Continue Monitoring,Normal
M-006,2024-01-02 06:30:00,61.642,92.107,6.657,1557.169,249.85,92.815,45.271,64.849,10.0,0,30.5,0.0955,0,90.447,82,Continue Monitoring,Normal
M-006,2024-01-02 06:45:00,57.048,83.331,5.459,1564.848,244.053,76.974,54.404,50.31,9.0,0,30.75,0.0,0,100.0,90,Continue Monitoring,Normal
M-006,2024-01-02 07:00:00,64.01,95.458,5.275,1329.983,243.579,78.375,48.104,57.903,8.0,0,31.0,0.0,0,100.0,90,Continue Monitoring,Normal
M-006,2024-01-02 07:15:00,61.996,83.875,7.482,1331.679,247.063,85.216,59.025,67.081,7.0,0,31.25,0.0839,0,91.614,83,Continue Monitoring,Normal
M-006,2024-01-02 07:30:00,61.509,88.519,3.787,1532.206,250.086,91.422,43.59,46.332,6.0,0,31.5,0.0635,0,93.654,84,Continue Monitoring,Normal
M-006,2024-01-02 07:45:00,62.707,77.502,5.422,1551.691,245.592,77.91,47.084,51.305,5.0,0,31.75,0.0,0,100.0,90,Continue Monitoring,Normal
M-006,2024-01-02 08:00:00,57.077,83.484,3.715,1394.844,246.419,94.131,51.092,61.096,4.0,0,32.0,0.0785,0,92.15,83,Continue Monitoring,Normal
M-006,2024-01-02 08:15:00,56.386,83.828,2.377,1242.017,243.593,82.388,59.844,40.936,3.0,0,32.25,0.0133,0,98.674,88,Continue Monitoring,Normal
M-006,2024-01-02 08:30:00,56.158,81.546,4.408,1563.251,245.817,80.859,62.048,64.54,2.0,0,32.5,0.0048,0,99.523,89,Continue Monitoring,Normal
M-006,2024-01-02 08:45:00,54.988,86.162,3.634,1488.551,248.646,71.712,54.298,59.953,1.0,0,32.75,0.0,0,100.0,90,Continue Monitoring,Normal
M-006,2024-01-02 09:00:00,59.897,88.203,5.476,1405.994,249.84,75.26,45.254,30.349,33.0,0,33.0,0.0,0,100.0,90,Continue Monitoring,Normal
M-006,2024-01-02 09:15:00,57.142,83.256,5.38,1210.457,245.037,84.754,46.93,67.572,32.0,0,33.25,0.0264,0,97.359,87,Continue Monitoring,Normal
M-006,2024-01-02 09:30:00,54.915,85.62,5.671,1566.304,247.193,75.854,50.293,71.027,31.0,0,33.5,0.0,0,100.0,90,Continue Monitoring,Normal
M-006,2024-01-02 09:45:00,52.793,85.168,4.313,1444.858,243.823,68.678,56.098,75.475,30.0,0,33.75,0.0,0,100.0,90,Continue Monitoring,Normal
M-006,2024-01-02 10:00:00,49.461,86.781,6.384,1534.384,245.535,75.127,53.393,69.483,29.0,0,34.0,0.0142,0,98.577,88,Continue Monitoring,Normal
M-006,2024-01-02 10:15:00,56.78,85.091,3.367,1519.522,248.129,83.228,53.507,84.963,28.0,0,34.25,0.0547,0,94.531,85,Continue Monitoring,Normal
M-006,2024-01-02 10:30:00,53.683,89.421,3.87,1608.101,250.347,79.86,62.742,74.016,27.0,0,34.5,0.0,0,100.0,90,Continue Monitoring,Normal
M-006,2024-01-02 10:45:00,52.471,84.386,6.499,1592.316,243.401,81.027,53.932,65.393,26.0,0,34.75,0.0242,0,97.582,88,Continue Monitoring,Normal
M-006,2024-01-02 11:00:00,65.228,86.128,4.841,1631.254,245.406,89.144,42.641,67.061,25.0,0,35.0,0.0508,0,94.92,85,Continue Monitoring,Normal
M-006,2024-01-02 11:15:00,59.827,90.044,3.86,1388.65,248.13,77.821,50.973,81.473,24.0,0,35.25,0.0109,0,98.909,89,Continue Monitoring,Normal
M-006,2024-01-02 11:30:00,53.305,79.331,3.136,1503.961,240.761,80.192,44.169,90.2,23.0,0,35.5,0.0766,0,92.338,83,Continue Monitoring,Normal
M-006,2024-01-02 11:45:00,64.01,81.935,5.332,1395.107,245.345,94.986,49.66,72.01,22.0,0,35.75,0.0833,0,91.674,83,Continue Monitoring,Normal
M-006,2024-01-02 12:00:00,51.465,88.417,0.5,1465.047,246.056,77.824,57.581,87.936,21.0,0,36.0,0.0588,0,94.121,85,Continue Monitoring,Normal
M-006,2024-01-02 12:15:00,49.49,91.117,3.01,1680.872,246.563,79.016,49.883,76.599,20.0,0,36.25,0.0,0,100.0,90,Continue Monitoring,Normal
M-006,2024-01-02 12:30:00,55.892,81.923,4.69,1442.023,242.386,76.911,45.38,73.722,19.0,0,36.5,0.0,0,100.0,90,Continue Monitoring,Normal
M-006,2024-01-02 12:45:00,56.726,84.881,7.797,1277.719,247.355,82.767,57.115,86.047,18.0,0,36.75,0.1267,0,87.328,79,Continue Monitoring,Normal
M-006,2024-01-02 13:00:00,54.292,84.862,4.006,1625.273,240.225,88.25,52.025,74.937,17.0,0,37.0,0.0458,0,95.417,86,Continue Monitoring,Normal
M-006,2024-01-02 13:15:00,53.995,83.681,6.879,1948.483,249.435,78.945,55.885,87.43,16.0,0,37.25,0.0876,0,91.24,82,Continue Monitoring,Normal
M-006,2024-01-02 13:30:00,51.215,80.181,4.989,1666.383,240.851,77.946,55.487,81.967,15.0,0,37.5,0.0146,0,98.543,88,Continue Monitoring,Normal
M-006,2024-01-02 13:45:00,60.59,79.525,8.386,1394.04,239.51,82.669,45.189,81.975,14.0,0,37.75,0.1178,0,88.217,80,Continue Monitoring,Normal
M-006,2024-01-02 14:00:00,54.657,82.958,3.928,1639.793,244.554,90.897,50.859,73.488,13.0,0,38.0,0.0605,0,93.946,85,Continue Monitoring,Normal
M-006,2024-01-02 14:15:00,48.245,82.807,3.346,1435.273,246.996,70.818,60.361,85.461,12.0,0,38.25,0.0405,0,95.955,86,Continue Monitoring,Normal
M-006,2024-01-02 14:30:00,54.883,79.989,6.208,1606.419,243.262,84.751,41.739,68.196,11.0,0,38.5,0.0341,0,96.591,87,Continue Monitoring,Normal
M-006,2024-01-02 14:45:00,50.657,83.905,5.148,1742.234,242.466,87.464,51.101,75.757,10.0,0,38.75,0.0415,0,95.853,86,Continue Monitoring,Normal
M-006,2024-01-02 15:00:00,56.776,82.414,4.287,1631.06,244.741,82.456,49.258,72.73,9.0,0,39.0,0.0136,0,98.636,88,Continue Monitoring,Normal
M-006,2024-01-02 15:15:00,55.649,79.953,3.754,1606.86,247.234,84.921,48.497,80.609,8.0,0,39.25,0.0319,0,96.815,87,Continue Monitoring,Normal
M-006,2024-01-02 15:30:00,58.025,74.914,6.314,1420.632,240.687,80.112,64.656,100.0,7.0,0,39.5,0.1604,0,83.96,77,Continue Monitoring,Normal
M-006,2024-01-02 15:45:00,58.457,82.912,2.606,1674.125,243.186,78.085,52.517,82.547,6.0,0,39.75,0.0189,0,98.113,88,Continue Monitoring,Normal
M-006,2024-01-02 16:00:00,59.274,75.767,5.333,1559.637,243.503,86.024,44.837,89.291,5.0,0,40.0,0.1023,0,89.771,81,Continue Monitoring,Normal
M-006,2024-01-02 16:15:00,55.131,79.323,4.584,1656.397,242.327,84.031,49.827,81.873,4.0,0,40.25,0.0363,0,96.373,87,Continue Monitoring,Normal
M-006,2024-01-02 16:30:00,62.54,82.276,4.722,1702.247,241.446,81.014,49.531,75.802,3.0,0,40.5,0.0056,0,99.436,89,Continue Monitoring,Normal
M-006,2024-01-02 16:45:00,57.946,79.236,4.775,1626.267,253.299,79.524,38.995,72.5,2.0,0,40.75,0.0,0,100.0,90,Continue Monitoring,Normal
M-006,2024-01-02 17:00:00,59.666,84.482,4.333,1857.711,246.541,82.925,49.802,90.483,1.0,0,41.0,0.0939,0,90.609,82,Continue Monitoring,Normal
M-006,2024-01-02 17:15:00,60.388,81.384,4.355,1692.996,250.154,86.1,56.539,94.194,33.0,0,41.25,0.139,0,86.097,78,Continue Monitoring,Normal
M-006,2024-01-02 17:30:00,58.236,80.236,6.574,1809.727,244.894,79.575,53.596,88.189,32.0,0,41.5,0.0819,0,91.807,83,Continue Monitoring,Normal
M-006,2024-01-02 17:45:00,56.19,87.663,3.178,1848.01,241.406,85.44,66.655,79.245,31.0,0,41.75,0.0302,0,96.978,87,Continue Monitoring,Normal
M-006,2024-01-02 18:00:00,54.823,79.292,4.162,1848.47,242.28,89.19,43.23,70.754,30.0,0,42.0,0.0511,0,94.895,85,Continue Monitoring,Normal
M-006,2024-01-02 18:15:00,57.113,74.357,7.488,1568.082,240.66,87.597,47.649,73.537,29.0,0,42.25,0.0973,0,90.267,82,Continue Monitoring,Normal
M-006,2024-01-02 18:30:00,66.514,75.778,5.103,1735.696,245.793,88.028,46.171,85.306,28.0,0,42.5,0.0839,0,91.61,83,Continue Monitoring,Normal
M-006,2024-01-02 18:45:00,57.786,80.751,3.757,2011.967,241.272,84.821,44.136,75.371,27.0,0,42.75,0.0268,0,97.322,87,Continue Monitoring,Normal
M-006,2024-01-02 19:00:00,55.549,75.317,4.828,1661.151,245.523,79.491,45.699,84.157,26.0,0,43.0,0.0308,0,96.921,87,Continue Monitoring,Normal
M-006,2024-01-02 19:15:00,63.385,78.601,5.283,1615.319,239.894,76.113,58.87,93.072,25.0,0,43.25,0.0968,0,90.317,82,Continue Monitoring,Normal
M-006,2024-01-02 19:30:00,56.348,75.995,4.282,1689.45,244.588,83.139,63.485,99.897,24.0,0,43.5,0.1648,0,83.517,76,Continue Monitoring,Normal
M-006,2024-01-02 19:45:00,65.426,79.439,4.861,1875.756,242.045,96.654,53.393,89.592,23.0,0,43.75,0.1636,0,83.642,76,Continue Monitoring,Normal
M-006,2024-01-02 20:00:00,61.103,82.387,3.461,2032.67,242.417,75.489,46.424,69.984,22.0,0,44.0,0.0,0,100.0,90,Continue Monitoring,Normal
M-006,2024-01-02 20:15:00,63.627,73.799,5.719,1956.008,240.842,83.545,43.089,82.082,21.0,0,44.25,0.0351,0,96.488,87,Continue Monitoring,Normal
M-006,2024-01-02 20:30:00,71.739,79.001,5.127,1754.088,242.612,86.422,48.368,90.691,20.0,0,44.5,0.1149,0,88.513,80,Continue Monitoring,Normal
M-006,2024-01-02 20:45:00,58.07,73.552,6.031,1694.592,244.808,85.502,39.888,85.862,19.0,0,44.75,0.0751,0,92.486,83,Continue Monitoring,Normal
M-006,2024-01-02 21:00:00,55.595,78.274,5.18,2064.035,245.716,78.267,38.707,76.546,18.0,0,45.0,0.0,0,100.0,90,Continue Monitoring,Normal
M-006,2024-01-02 21:15:00,57.914,81.447,5.528,1960.72,241.527,84.524,50.612,94.448,17.0,0,45.25,0.1322,0,86.784,79,Continue Monitoring,Normal
M-006,2024-01-02 21:30:00,64.518,72.581,7.829,1820.092,240.895,66.065,54.591,83.635,16.0,0,45.5,0.0947,0,90.532,82,Continue Monitoring,Normal
M-006,2024-01-02 21:45:00,64.153,74.337,4.768,1817.108,243.53,90.436,49.377,91.314,15.0,0,45.75,0.1418,0,85.821,78,Continue Monitoring,Normal
M-006,2024-01-02 22:00:00,63.929,73.835,5.866,1704.257,242.718,75.257,44.577,60.799,14.0,0,46.0,0.0,0,100.0,90,Continue Monitoring,Normal
M-006,2024-01-02 22:15:00,64.044,79.988,5.439,1950.226,248.954,88.97,46.133,73.832,13.0,0,46.25,0.0498,0,95.017,86,Continue Monitoring,Normal
M-006,2024-01-02 22:30:00,65.255,73.081,4.837,1996.519,244.854,74.704,45.798,74.555,12.0,0,46.5,0.0,0,100.0,90,Continue Monitoring,Normal
M-006,2024-01-02 22:45:00,68.164,78.241,9.416,1827.372,240.405,90.442,46.597,76.837,11.0,0,46.75,0.1845,0,81.549,75,Continue Monitoring,Normal
M-006,2024-01-02 23:00:00,64.63,66.79,5.82,1865.997,245.343,86.45,43.146,74.687,10.0,0,47.0,0.0358,0,96.417,87,Continue Monitoring,Normal
M-006,2024-01-02 23:15:00,58.455,70.876,6.553,1862.484,244.173,72.734,49.206,71.503,9.0,0,47.25,0.0205,0,97.954,88,Continue Monitoring,Normal
M-006,2024-01-02 23:30:00,71.177,76.393,6.577,2081.068,240.177,95.937,44.383,64.413,8.0,0,47.5,0.1099,0,89.009,81,Continue Monitoring,Normal
M-006,2024-01-02 23:45:00,70.905,69.738,6.495,1911.834,244.373,86.266,50.973,79.252,7.0,0,47.75,0.0531,0,94.687,85,Continue Monitoring,Normal
M-006,2024-01-03 00:00:00,65.789,72.024,6.372,1899.378,239.811,86.192,60.193,68.645,6.0,0,48.0,0.0482,0,95.182,86,Continue Monitoring,Normal
M-006,2024-01-03 00:15:00,67.101,68.922,5.664,1984.569,243.416,87.619,56.352,79.282,5.0,0,48.25,0.0423,0,95.767,86,Continue Monitoring,Normal
M-006,2024-01-03 00:30:00,73.995,76.912,7.936,1887.858,236.802,91.598,55.292,86.547,4.0,0,48.5,0.1846,0,81.538,75,Continue Monitoring,Normal
M-006,2024-01-03 00:45:00,75.225,79.723,6.621,1937.782,236.503,89.198,47.287,71.823,3.0,0,48.75,0.0741,0,92.591,84,Continue Monitoring,Normal
M-006,2024-01-03 01:00:00,70.878,75.243,5.632,2024.253,232.363,88.462,57.811,87.257,2.0,0,49.0,0.1008,0,89.924,81,Continue Monitoring,Normal
M-006,2024-01-03 01:15:00,74.15,78.836,6.019,1913.739,241.995,87.199,45.898,62.242,1.0,0,49.25,0.0407,0,95.929,86,Continue Monitoring,Normal
M-006,2024-01-03 01:30:00,67.337,75.333,5.814,1871.124,238.581,90.847,55.272,54.919,33.0,0,49.5,0.0603,0,93.974,85,Continue Monitoring,Normal
M-006,2024-01-03 01:45:00,67.2,76.591,3.888,1980.634,245.006,98.736,55.014,72.138,32.0,0,49.75,0.1041,0,89.591,81,Continue Monitoring,Normal
M-007,2024-01-01 00:00:00,86.917,88.092,2.677,1659.814,224.303,86.55,53.447,73.366,34.0,0,0.0,0.0979,0,90.213,82,Continue Monitoring,Normal
M-007,2024-01-01 00:15:00,84.065,84.554,3.452,1984.945,230.551,76.086,52.074,70.825,33.0,0,0.25,0.0361,0,96.387,87,Continue Monitoring,Normal
M-007,2024-01-01 00:30:00,83.672,93.741,3.238,1636.007,226.95,88.069,44.994,47.654,32.0,0,0.5,0.0775,0,92.253,83,Continue Monitoring,Normal
M-007,2024-01-01 00:45:00,91.001,83.468,3.066,1799.083,228.741,87.444,53.244,89.997,31.0,0,0.75,0.2132,0,78.68,72,Continue Monitoring,Normal
M-007,2024-01-01 01:00:00,87.918,90.747,2.889,1781.199,226.945,92.269,46.333,81.127,30.0,0,1.0,0.1469,0,85.31,78,Continue Monitoring,Normal
M-007,2024-01-01 01:15:00,93.204,89.396,4.277,1707.398,228.323,78.879,45.303,64.857,29.0,0,1.25,0.1174,0,88.263,80,Continue Monitoring,Normal
M-007,2024-01-01 01:30:00,84.656,91.947,1.804,1659.517,229.324,86.293,38.858,68.428,28.0,0,1.5,0.0763,0,92.366,83,Continue Monitoring,Normal
M-007,2024-01-01 01:45:00,93.781,89.492,5.43,1596.517,221.358,86.18,46.275,52.884,27.0,0,1.75,0.1568,0,84.317,77,Continue Monitoring,Normal
M-007,2024-01-01 02:00:00,91.858,92.93,1.794,1984.848,225.116,81.206,42.174,71.991,26.0,0,2.0,0.1121,0,88.79,81,Continue Monitoring,Normal
M-007,2024-01-01 02:15:00,92.502,84.659,7.534,1654.363,226.271,87.471,60.363,83.924,25.0,0,2.25,0.2385,0,76.149,70,Continue Monitoring,Normal
M-007,2024-01-01 02:30:00,88.773,89.647,0.959,1831.149,222.973,75.155,49.447,78.171,24.0,0,2.5,0.078,0,92.202,83,Continue Monitoring,Normal
M-007,2024-01-01 02:45:00,93.069,93.428,4.62,1809.306,224.314,92.763,44.635,92.133,23.0,0,2.75,0.2769,0,72.305,67,Continue Monitoring,Normal
M-007,2024-01-01 03:00:00,102.73,90.263,5.068,1370.821,227.541,88.672,54.986,63.57,22.0,0,3.0,0.2502,0,74.977,69,Continue Monitoring,Normal
M-007,2024-01-01 03:15:00,93.989,80.959,4.216,1523.43,231.641,89.326,46.578,81.959,21.0,0,3.25,0.1907,0,80.933,74,Continue Monitoring,Normal
M-007,2024-01-01 03:30:00,94.811,89.126,2.047,1832.598,223.449,68.328,48.676,75.582,20.0,0,3.5,0.1317,0,86.835,79,Continue Monitoring,Normal
M-007,2024-01-01 03:45:00,97.276,86.273,6.308,1785.439,229.193,82.608,55.407,84.368,19.0,0,3.75,0.2118,0,78.819,73,Continue Monitoring,Normal
M-007,2024-01-01 04:00:00,98.455,90.241,1.128,1559.798,228.388,79.934,52.85,79.685,18.0,0,4.0,0.164,0,83.596,76,Continue Monitoring,Normal
M-007,2024-01-01 04:15:00,99.505,84.098,3.683,1621.12,229.899,68.259,51.44,65.635,17.0,0,4.25,0.1734,0,82.662,76,Continue Monitoring,Normal
M-007,2024-01-01 04:30:00,96.126,90.312,4.031,1592.157,226.842,70.988,39.161,82.301,16.0,0,4.5,0.1604,0,83.961,77,Continue Monitoring,Normal
M-007,2024-01-01 04:45:00,100.374,88.733,4.571,1795.545,228.159,74.076,46.666,68.669,15.0,0,4.75,0.1811,0,81.89,75,Continue Monitoring,Normal
M-007,2024-01-01 05:00:00,95.215,87.453,3.578,2171.818,225.062,80.802,40.741,78.719,14.0,0,5.0,0.1397,0,86.03,78,Continue Monitoring,Normal
M-007,2024-01-01 05:15:00,97.659,89.488,3.128,1787.896,227.928,71.96,45.346,79.447,13.0,0,5.25,0.157,0,84.303,77,Continue Monitoring,Normal
M-007,2024-01-01 05:30:00,99.784,88.39,3.444,1787.114,224.175,85.635,45.057,91.361,12.0,0,5.5,0.2913,0,70.868,66,Continue Monitoring,Normal
M-007,2024-01-01 05:45:00,105.185,85.903,2.355,1821.599,230.501,79.739,45.821,90.101,11.0,0,5.75,0.2987,0,70.132,66,Continue Monitoring,Normal
M-007,2024-01-01 06:00:00,102.327,85.175,1.487,1884.293,227.27,83.538,50.084,66.103,10.0,0,6.0,0.2181,0,78.188,72,Continue Monitoring,Normal
M-007,2024-01-01 06:15:00,101.068,87.499,4.71,1849.225,223.757,91.067,51.613,73.435,9.0,0,6.25,0.2487,0,75.125,70,Continue Monitoring,Normal
M-007,2024-01-01 06:30:00,97.986,86.385,4.784,1781.878,232.281,69.668,42.862,65.25,8.0,0,6.5,0.1599,0,84.013,77,Continue Monitoring,Normal
M-007,2024-01-01 06:45:00,97.928,89.948,6.729,1873.549,228.004,80.756,51.925,70.636,7.0,0,6.75,0.1905,0,80.945,74,Continue Monitoring,Normal
M-007,2024-01-01 07:00:00,99.595,89.456,2.399,1760.142,230.073,84.379,45.302,87.356,6.0,0,7.0,0.253,0,74.701,69,Continue Monitoring,Normal
M-007,2024-01-01 07:15:00,104.67,90.76,3.701,1849.354,234.729,78.643,41.072,89.354,5.0,0,7.25,0.2886,0,71.142,66,Continue Monitoring,Normal
M-007,2024-01-01 07:30:00,106.882,85.681,3.757,1684.436,230.084,91.209,41.578,84.616,4.0,0,7.5,0.3354,0,66.458,63,Continue Monitoring,Normal
M-007,2024-01-01 07:45:00,101.353,82.225,4.255,1915.018,231.669,75.83,39.071,89.844,3.0,0,7.75,0.2627,0,73.728,68,Continue Monitoring,Normal
M-007,2024-01-01 08:00:00,101.189,89.551,6.561,2103.921,227.661,86.743,54.135,94.906,2.0,0,8.0,0.357,0,64.299,61,Scheduled Maintenance,Normal
M-007,2024-01-01 08:15:00,102.091,87.591,3.938,1883.26,225.977,87.361,47.308,92.016,1.0,0,8.25,0.3263,0,67.373,63,Continue Monitoring,Normal
M-007,2024-01-01 08:30:00,104.729,84.014,3.889,1964.758,230.103,72.751,52.245,79.269,34.0,0,8.5,0.2198,0,78.018,72,Continue Monitoring,Normal
M-007,2024-01-01 08:45:00,98.756,80.122,4.364,1860.888,224.409,80.342,55.806,82.781,33.0,0,8.75,0.1892,0,81.078,74,Continue Monitoring,Normal
M-007,2024-01-01 09:00:00,103.64,86.036,5.096,1996.806,222.596,95.252,52.568,100.0,32.0,0,9.0,0.443,0,55.698,54,Scheduled Maintenance,Normal
M-007,2024-01-01 09:15:00,101.406,77.337,4.008,1842.496,232.98,90.732,48.183,84.592,31.0,0,9.25,0.2839,0,71.609,67,Continue Monitoring,Normal
M-007,2024-01-01 09:30:00,106.842,81.581,3.537,2000.959,234.903,90.885,47.654,65.371,30.0,0,9.5,0.2991,0,70.093,66,Continue Monitoring,Normal
M-007,2024-01-01 09:45:00,104.358,79.802,3.846,1796.55,231.165,76.112,40.934,98.712,29.0,0,9.75,0.3551,0,64.487,61,Scheduled Maintenance,Normal
M-007,2024-01-01 10:00:00,101.256,81.806,5.379,1986.99,233.714,85.597,52.917,99.879,28.0,0,10.0,0.3673,0,63.271,60,Scheduled Maintenance,Normal
M-007,2024-01-01 10:15:00,107.001,76.027,3.318,1960.645,229.549,94.908,48.147,86.61,27.0,0,10.25,0.3718,0,62.821,60,Scheduled Maintenance,Normal
M-007,2024-01-01 10:30:00,109.949,80.728,4.32,1984.398,227.114,81.66,53.453,85.971,26.0,0,10.5,0.3197,0,68.033,64,Continue Monitoring,Normal
M-007,2024-01-01 10:45:00,111.451,76.292,1.722,1967.903,234.226,82.395,50.832,92.274,25.0,0,10.75,0.3838,0,61.621,59,Scheduled Maintenance,Normal
M-007,2024-01-01 11:00:00,102.441,78.648,4.368,1982.687,228.229,82.452,46.915,88.459,24.0,0,11.0,0.2758,0,72.425,67,Continue Monitoring,Normal
M-007,2024-01-01 11:15:00,105.759,78.887,5.866,1807.759,230.946,72.787,44.048,88.848,23.0,0,11.25,0.2945,0,70.549,66,Continue Monitoring,Normal
M-007,2024-01-01 11:30:00,107.156,82.085,4.904,2120.892,229.674,72.681,41.975,76.012,22.0,0,11.5,0.2414,0,75.862,70,Continue Monitoring,Normal
M-007,2024-01-01 11:45:00,102.038,80.338,5.902,2052.647,233.524,99.096,46.088,66.038,21.0,0,11.75,0.302,0,69.802,65,Continue Monitoring,Normal
M-007,2024-01-01 12:00:00,110.192,74.319,3.106,1927.451,231.796,82.861,41.088,81.526,20.0,0,12.0,0.2956,0,70.442,66,Continue Monitoring,Normal
M-007,2024-01-01 12:15:00,110.021,79.681,3.015,1712.117,229.766,87.034,50.18,72.857,19.0,0,12.25,0.3059,0,69.407,65,Continue Monitoring,Normal
M-007,2024-01-01 12:30:00,97.172,80.677,2.936,1940.931,230.016,77.462,48.982,100.0,18.0,0,12.5,0.3008,0,69.921,65,Continue Monitoring,Normal
M-007,2024-01-01 12:45:00,109.002,79.63,4.71,1644.176,229.005,66.891,58.387,94.471,17.0,0,12.75,0.365,0,63.501,60,Scheduled Maintenance,Normal
M-007,2024-01-01 13:00:00,107.551,79.441,2.051,1823.709,237.836,85.477,44.563,60.726,16.0,0,13.0,0.2753,0,72.467,67,Continue Monitoring,Normal
M-007,2024-01-01 13:15:00,111.457,78.651,1.778,1734.486,228.712,83.725,49.137,72.35,15.0,0,13.25,0.3003,0,69.969,65,Continue Monitoring,Normal
M-007,2024-01-01 13:30:00,108.982,78.933,5.74,1797.571,241.764,80.786,42.414,66.16,14.0,0,13.5,0.262,0,73.802,69,Continue Monitoring,Normal
M-007,2024-01-01 13:45:00,104.95,73.385,4.68,1606.505,233.195,75.369,45.487,81.479,13.0,0,13.75,0.2327,0,76.727,71,Continue Monitoring,Normal
M-007,2024-01-01 14:00:00,114.913,75.167,4.072,1742.677,230.182,79.913,52.659,69.535,12.0,0,14.0,0.3103,0,68.967,65,Continue Monitoring,Normal
M-007,2024-01-01 14:15:00,114.579,79.519,2.884,1779.598,230.465,90.608,37.821,59.96,11.0,0,14.25,0.3663,0,63.37,60,Scheduled Maintenance,Normal
M-007,2024-01-01 14:30:00,103.084,80.202,6.039,1983.04,234.538,84.517,52.36,60.855,10.0,0,14.5,0.2317,0,76.827,71,Continue Monitoring,Normal
M-007,2024-01-01 14:45:00,97.922,79.356,2.92,1803.018,233.383,86.924,53.157,79.529,9.0,0,14.75,0.1978,0,80.223,74,Continue Monitoring,Normal
M-007,2024-01-01 15:00:00,105.914,76.627,4.494,1732.505,232.51,103.605,48.56,74.599,8.0,0,15.0,0.3615,0,63.851,61,Scheduled Maintenance,Normal
M-007,2024-01-01 15:15:00,102.129,80.932,5.422,1889.056,233.817,92.607,55.033,71.799,7.0,0,15.25,0.2667,0,73.326,68,Continue Monitoring,Normal
M-007,2024-01-01 15:30:00,104.293,80.487,3.107,1703.481,233.084,73.268,52.304,58.196,6.0,0,15.5,0.2159,0,78.406,72,Continue Monitoring,Normal
M-007,2024-01-01 15:45:00,102.649,77.109,4.443,1740.809,233.111,85.13,44.591,58.938,5.0,0,15.75,0.2298,0,77.018,71,Continue Monitoring,Normal
M-007,2024-01-01 16:00:00,108.628,71.393,4.115,1717.952,234.638,75.457,44.208,64.481,4.0,0,16.0,0.2545,0,74.553,69,Continue Monitoring,Normal
M-007,2024-01-01 16:15:00,108.334,78.674,2.761,1707.669,236.106,77.322,46.668,64.242,3.0,0,16.25,0.2519,0,74.815,69,Continue Monitoring,Normal
M-007,2024-01-01 16:30:00,102.246,85.749,3.855,1811.87,231.214,89.512,52.298,57.277,2.0,0,16.5,0.2506,0,74.942,69,Continue Monitoring,Normal
M-007,2024-01-01 16:45:00,103.29,74.974,2.846,1873.845,231.914,69.012,57.597,53.958,1.0,0,16.75,0.207,0,79.298,73,Continue Monitoring,Normal
M-007,2024-01-01 17:00:00,102.228,82.594,4.264,1721.171,229.953,74.554,45.938,64.43,34.0,0,17.0,0.1976,0,80.242,74,Continue Monitoring,Normal
M-007,2024-01-01 17:15:00,104.125,76.252,4.506,1511.474,235.078,87.217,58.709,59.703,33.0,0,17.25,0.2545,0,74.546,69,Continue Monitoring,Normal
M-007,2024-01-01 17:30:00,98.807,77.581,4.034,1775.11,233.836,77.358,36.983,61.09,32.0,0,17.5,0.1672,0,83.283,76,Continue Monitoring,Normal
M-007,2024-01-01 17:45:00,107.771,78.022,5.646,1835.34,234.612,80.566,47.899,69.372,31.0,0,17.75,0.25,0,75.001,70,Continue Monitoring,Normal
M-007,2024-01-01 18:00:00,104.004,80.092,3.875,1680.246,233.51,85.998,53.664,32.682,30.0,0,18.0,0.2467,0,75.331,70,Continue Monitoring,Normal
M-007,2024-01-01 18:15:00,101.639,77.686,2.618,1775.746,231.745,83.948,57.678,65.12,29.0,0,18.25,0.2143,0,78.572,72,Continue Monitoring,Normal
M-007,2024-01-01 18:30:00,103.435,79.156,4.322,1925.56,236.376,81.29,38.113,59.571,28.0,0,18.5,0.2155,0,78.452,72,Continue Monitoring,Normal
M-007,2024-01-01 18:45:00,100.52,73.829,5.168,1643.763,235.61,89.72,42.792,59.133,27.0,0,18.75,0.2364,0,76.361,71,Continue Monitoring,Normal
M-007,2024-01-01 19:00:00,98.345,76.932,3.838,1802.099,233.224,96.324,57.069,44.34,26.0,0,19.0,0.2538,0,74.624,69,Continue Monitoring,Normal
M-007,2024-01-01 19:15:00,88.235,81.49,4.119,1552.716,232.345,83.904,54.078,52.272,25.0,0,19.25,0.0949,0,90.511,82,Continue Monitoring,Normal
M-007,2024-01-01 19:30:00,104.623,79.977,4.18,1600.046,235.839,92.64,52.202,47.03,24.0,0,19.5,0.2891,0,71.09,66,Continue Monitoring,Normal
M-007,2024-01-01 19:45:00,99.748,80.397,4.09,1500.896,231.777,85.3,50.121,61.236,23.0,0,19.75,0.205,0,79.501,73,Continue Monitoring,Normal
M-007,2024-01-01 20:00:00,93.171,77.013,4.142,1722.64,232.651,84.069,37.601,52.511,22.0,0,20.0,0.1397,0,86.032,78,Continue Monitoring,Normal
M-007,2024-01-01 20:15:00,97.487,77.015,4.294,1752.698,231.259,81.276,53.511,47.498,21.0,0,20.25,0.1625,0,83.747,76,Continue Monitoring,Normal
M-007,2024-01-01 20:30:00,100.339,80.364,4.623,1565.863,236.804,95.394,52.428,33.984,20.0,0,20.5,0.2663,0,73.369,68,Continue Monitoring,Normal
M-007,2024-01-01 20:45:00,102.398,78.277,3.631,1577.57,236.837,91.131,44.315,53.35,19.0,0,20.75,0.2609,0,73.907,69,Continue Monitoring,Normal
M-007,2024-01-01 21:00:00,97.246,77.833,3.712,1637.393,234.128,77.809,50.854,39.344,18.0,0,21.0,0.1533,0,84.67,77,Continue Monitoring,Normal
M-007,2024-01-01 21:15:00,102.556,75.554,4.465,1494.504,231.48,84.12,56.318,44.795,17.0,0,21.25,0.2234,0,77.662,72,Continue Monitoring,Normal
M-007,2024-01-01 21:30:00,92.512,74.496,2.323,1504.537,232.533,86.049,31.985,41.701,16.0,0,21.5,0.1448,0,85.517,78,Continue Monitoring,Normal
M-007,2024-01-01 21:45:00,99.275,85.078,2.096,1463.247,231.898,88.727,38.223,58.74,15.0,0,21.75,0.2198,0,78.018,72,Continue Monitoring,Normal
M-007,2024-01-01 22:00:00,94.816,80.075,6.993,1548.094,235.686,82.542,37.242,35.16,14.0,0,22.0,0.1826,0,81.742,75,Continue Monitoring,Normal
M-007,2024-01-01 22:15:00,102.86,82.586,5.162,1423.58,237.242,78.383,35.985,35.067,13.0,0,22.25,0.2032,0,79.68,73,Continue Monitoring,Normal
M-007,2024-01-01 22:30:00,101.396,86.629,4.161,1450.699,229.608,88.524,46.282,47.992,12.0,0,22.5,0.2375,0,76.246,70,Continue Monitoring,Normal
M-007,2024-01-01 22:45:00,96.68,80.598,5.586,1438.532,236.158,84.517,47.989,43.371,11.0,0,22.75,0.1734,0,82.664,76,Continue Monitoring,Normal
M-007,2024-01-01 23:00:00,92.767,83.834,2.624,1385.986,233.754,78.054,42.713,35.381,10.0,0,23.0,0.1135,0,88.652,80,Continue Monitoring,Normal
M-007,2024-01-01 23:15:00,97.181,82.143,6.279,1541.319,232.972,89.183,49.453,50.653,9.0,0,23.25,0.2141,0,78.593,72,Continue Monitoring,Normal
M-007,2024-01-01 23:30:00,90.859,77.043,2.448,1457.48,227.578,100.903,48.58,32.007,8.0,0,23.5,0.2127,0,78.735,72,Continue Monitoring,Normal
M-007,2024-01-01 23:45:00,86.392,85.343,3.309,1366.194,232.305,89.226,48.645,49.989,7.0,0,23.75,0.1081,0,89.192,81,Continue Monitoring,Normal
M-007,2024-01-02 00:00:00,94.451,82.537,6.312,1399.808,229.149,83.819,40.004,31.494,6.0,0,24.0,0.1612,0,83.879,77,Continue Monitoring,Normal
M-007,2024-01-02 00:15:00,85.872,81.43,5.766,1678.331,229.442,79.593,40.015,45.278,5.0,0,24.25,0.0522,0,94.781,85,Continue Monitoring,Normal
M-007,2024-01-02 00:30:00,88.326,80.922,5.916,1579.679,234.567,82.984,46.306,35.15,4.0,0,24.5,0.0906,0,90.942,82,Continue Monitoring,Normal
M-007,2024-01-02 00:45:00,87.617,81.839,6.223,1487.559,237.733,98.142,47.36,32.334,3.0,0,24.75,0.1767,0,82.326,75,Continue Monitoring,Normal
M-007,2024-01-02 01:00:00,92.177,85.056,8.588,1487.709,236.72,90.91,43.933,34.783,2.0,0,25.0,0.2647,0,73.532,68,Continue Monitoring,Normal
M-007,2024-01-02 01:15:00,88.627,85.505,6.574,1480.755,233.237,86.679,36.512,54.011,1.0,0,25.25,0.135,0,86.495,79,Continue Monitoring,Normal
M-007,2024-01-02 01:30:00,84.72,87.126,5.36,1473.62,234.271,83.543,38.559,54.767,34.0,0,25.5,0.0616,0,93.836,85,Continue Monitoring,Normal
M-007,2024-01-02 01:45:00,86.777,87.88,6.927,1381.643,235.889,89.462,37.349,35.766,33.0,0,25.75,0.1471,0,85.287,78,Continue Monitoring,Normal
M-007,2024-01-02 02:00:00,88.109,83.286,4.548,1404.216,240.946,76.399,47.224,35.281,32.0,0,26.0,0.0721,0,92.792,84,Continue Monitoring,Normal
M-007,2024-01-02 02:15:00,82.637,84.226,5.952,1506.349,235.161,96.977,51.748,46.226,31.0,0,26.25,0.1178,0,88.225,80,Continue Monitoring,Normal
M-007,2024-01-02 02:30:00,82.458,86.817,5.732,1316.238,229.883,75.258,44.476,41.344,30.0,0,26.5,0.0218,0,97.815,88,Continue Monitoring,Normal
M-007,2024-01-02 02:45:00,79.362,88.741,5.261,1571.084,235.69,82.043,46.729,45.42,29.0,0,26.75,0.0114,0,98.865,89,Continue Monitoring,Normal
M-007,2024-01-02 03:00:00,81.348,81.542,5.203,1284.421,237.927,86.747,54.249,17.885,28.0,0,27.0,0.0495,0,95.053,86,Continue Monitoring,Normal
M-007,2024-01-02 03:15:00,83.533,90.416,3.831,1381.134,233.338,84.901,45.291,26.632,27.0,0,27.25,0.0586,0,94.137,85,Continue Monitoring,Normal
M-007,2024-01-02 03:30:00,82.009,87.931,4.792,1276.279,237.619,94.889,37.498,27.155,26.0,0,27.5,0.1006,0,89.942,81,Continue Monitoring,Normal
M-007,2024-01-02 03:45:00,78.11,88.268,5.494,1487.536,233.53,83.394,49.181,35.121,25.0,0,27.75,0.0189,0,98.114,88,Continue Monitoring,Normal
M-007,2024-01-02 04:00:00,82.135,82.224,4.325,1510.637,232.337,95.659,29.605,35.669,24.0,0,28.0,0.106,0,89.403,81,Continue Monitoring,Normal
M-007,2024-01-02 04:15:00,80.181,92.337,3.501,1467.179,237.632,84.997,41.273,43.334,23.0,0,28.25,0.0294,0,97.063,87,Continue Monitoring,Normal
M-007,2024-01-02 04:30:00,74.425,85.971,6.939,1446.9,233.964,90.929,46.922,50.342,22.0,0,28.5,0.0955,0,90.449,82,Continue Monitoring,Normal
M-007,2024-01-02 04:45:00,77.618,92.16,7.011,1463.348,231.877,83.086,41.401,43.969,21.0,0,28.75,0.0546,0,94.542,85,Continue Monitoring,Normal
M-007,2024-01-02 05:00:00,72.27,89.251,6.985,1449.529,232.348,84.757,45.083,42.614,20.0,0,29.0,0.0629,0,93.708,84,Continue Monitoring,Normal
M-007,2024-01-02 05:15:00,80.625,89.773,6.726,1243.152,235.008,87.863,42.617,53.618,19.0,0,29.25,0.0761,0,92.386,83,Continue Monitoring,Normal
M-007,2024-01-02 05:30:00,82.263,92.355,5.809,1364.842,233.551,78.354,51.171,42.62,18.0,0,29.5,0.0201,0,97.989,88,Continue Monitoring,Normal
M-007,2024-01-02 05:45:00,79.921,90.379,3.484,1266.665,238.915,92.62,39.574,45.477,17.0,0,29.75,0.0701,0,92.989,84,Continue Monitoring,Normal
M-007,2024-01-02 06:00:00,81.78,91.316,3.19,1573.388,237.134,89.61,35.832,58.217,16.0,0,30.0,0.0692,0,93.079,84,Continue Monitoring,Normal
M-007,2024-01-02 06:15:00,78.889,84.301,4.933,1752.607,234.245,85.574,36.857,66.367,15.0,0,30.25,0.031,0,96.904,87,Continue Monitoring,Normal
M-007,2024-01-02 06:30:00,79.933,93.046,5.62,1528.527,231.609,91.995,44.556,63.47,14.0,0,30.5,0.0666,0,93.336,84,Continue Monitoring,Normal
M-007,2024-01-02 06:45:00,77.387,87.085,5.378,1177.837,227.148,96.767,40.512,48.059,13.0,0,30.75,0.0931,0,90.685,82,Continue Monitoring,Normal
M-007,2024-01-02 07:00:00,79.017,93.279,6.051,1611.72,235.573,93.153,44.129,38.872,12.0,0,31.0,0.075,0,92.504,84,Continue Monitoring,Normal
M-007,2024-01-02 07:15:00,79.111,81.866,4.497,1384.829,231.649,87.965,53.651,63.845,11.0,0,31.25,0.0443,0,95.575,86,Continue Monitoring,Normal
M-007,2024-01-02 07:30:00,72.151,87.896,3.545,1468.781,233.22,77.452,43.147,58.293,10.0,0,31.5,0.0,0,100.0,90,Continue Monitoring,Normal
M-007,2024-01-02 07:45:00,78.366,89.174,4.826,1625.012,233.938,96.344,39.233,61.919,9.0,0,31.75,0.0908,0,90.92,82,Continue Monitoring,Normal
M-007,2024-01-02 08:00:00,68.324,88.085,3.671,1316.913,237.617,87.111,46.708,71.327,8.0,0,32.0,0.0395,0,96.049,86,Continue Monitoring,Normal
M-007,2024-01-02 08:15:00,73.682,92.516,6.121,1406.698,236.062,104.367,38.504,47.71,7.0,0,32.25,0.1399,0,86.014,78,Continue Monitoring,Normal
M-007,2024-01-02 08:30:00,69.381,92.569,6.974,1331.859,227.347,86.854,45.545,57.793,6.0,0,32.5,0.0741,0,92.585,84,Continue Monitoring,Normal
M-007,2024-01-02 08:45:00,73.849,88.053,6.828,1441.421,235.457,92.781,45.334,64.214,5.0,0,32.75,0.1017,0,89.835,81,Continue Monitoring,Normal
M-007,2024-01-02 09:00:00,69.105,90.767,6.531,1543.139,234.886,85.001,37.251,56.45,4.0,0,33.0,0.0474,0,95.256,86,Continue Monitoring,Normal
M-007,2024-01-02 09:15:00,73.28,89.292,3.865,1273.583,227.281,70.011,41.26,85.181,3.0,0,33.25,0.0384,0,96.162,86,Continue Monitoring,Normal
M-007,2024-01-02 09:30:00,79.429,86.722,5.663,1238.364,229.577,83.555,40.63,61.332,2.0,0,33.5,0.0198,0,98.025,88,Continue Monitoring,Normal
M-007,2024-01-02 09:45:00,72.988,91.63,4.996,1423.751,230.167,82.616,32.921,70.825,1.0,0,33.75,0.0145,0,98.547,88,Continue Monitoring,Normal
M-007,2024-01-02 10:00:00,70.377,83.999,5.394,1275.161,238.363,88.066,45.938,76.394,34.0,0,34.0,0.0448,0,95.519,86,Continue Monitoring,Normal
M-007,2024-01-02 10:15:00,67.676,89.798,6.273,1444.81,234.397,82.9,45.107,61.808,33.0,0,34.25,0.0262,0,97.379,87,Continue Monitoring,Normal
M-007,2024-01-02 10:30:00,72.677,92.275,6.449,1479.019,235.17,97.116,50.69,67.484,32.0,0,34.5,0.1117,0,88.828,81,Continue Monitoring,Normal
M-007,2024-01-02 10:45:00,71.735,92.243,4.841,1283.461,234.652,90.945,34.408,73.974,31.0,0,34.75,0.0608,0,93.919,85,Continue Monitoring,Normal
M-007,2024-01-02 11:00:00,76.621,84.476,6.974,1146.049,231.898,105.361,39.619,70.996,30.0,0,35.0,0.177,0,82.303,75,Continue Monitoring,Normal
M-007,2024-01-02 11:15:00,73.781,84.122,5.659,1465.279,238.612,83.917,39.236,61.925,29.0,0,35.25,0.0218,0,97.824,88,Continue Monitoring,Normal
M-007,2024-01-02 11:30:00,66.443,92.548,5.61,1398.244,231.395,88.715,38.62,59.656,28.0,0,35.5,0.0484,0,95.158,86,Continue Monitoring,Normal
M-007,2024-01-02 11:45:00,69.414,87.97,4.527,1491.106,233.59,88.851,40.537,94.956,27.0,0,35.75,0.16,0,84.004,77,Continue Monitoring,Normal
M-007,2024-01-02 12:00:00,78.816,85.755,4.323,1353.199,235.962,90.048,42.779,94.385,26.0,0,36.0,0.1624,0,83.762,77,Continue Monitoring,Normal
M-007,2024-01-02 12:15:00,70.195,90.894,6.346,1417.795,235.888,86.979,49.32,69.559,25.0,0,36.25,0.0516,0,94.84,85,Continue Monitoring,Normal
M-007,2024-01-02 12:30:00,68.245,85.356,4.339,1445.437,225.334,91.384,38.173,84.324,24.0,0,36.5,0.0953,0,90.473,82,Continue Monitoring,Normal
M-007,2024-01-02 12:45:00,71.787,86.334,5.006,1476.964,237.002,87.351,36.844,66.096,23.0,0,36.75,0.0408,0,95.916,86,Continue Monitoring,Normal
M-007,2024-01-02 13:00:00,64.123,89.203,5.947,1667.708,235.583,109.977,40.662,75.702,22.0,0,37.0,0.1665,0,83.346,76,Continue Monitoring,Normal
M-007,2024-01-02 13:15:00,64.823,90.187,5.844,1600.761,228.955,95.749,42.279,80.587,21.0,0,37.25,0.0918,0,90.816,82,Continue Monitoring,Normal
M-007,2024-01-02 13:30:00,67.282,91.47,8.563,1398.362,234.445,73.232,45.004,61.348,20.0,0,37.5,0.0949,0,90.507,82,Continue Monitoring,Normal
M-007,2024-01-02 13:45:00,67.924,83.758,5.406,1641.4,226.622,90.951,37.857,96.673,19.0,0,37.75,0.1843,0,81.566,75,Continue Monitoring,Normal
M-007,2024-01-02 14:00:00,71.778,83.952,5.063,1736.752,234.247,87.13,39.28,79.283,18.0,0,38.0,0.0396,0,96.039,86,Continue Monitoring,Normal
M-007,2024-01-02 14:15:00,67.943,82.131,4.789,1726.118,230.868,92.925,41.673,100.0,17.0,0,38.25,0.22,0,78.005,72,Continue Monitoring,Normal
M-007,2024-01-02 14:30:00,70.193,90.314,4.915,1537.785,231.955,88.318,39.555,91.929,16.0,0,38.5,0.1346,0,86.542,79,Continue Monitoring,Normal
M-007,2024-01-02 14:45:00,67.035,86.794,6.76,1479.565,235.109,94.338,39.735,63.606,15.0,0,38.75,0.1078,0,89.22,81,Continue Monitoring,Normal
M-007,2024-01-02 15:00:00,68.84,87.665,8.226,1656.312,235.105,85.454,39.914,96.487,14.0,0,39.0,0.2349,0,76.512,71,Continue Monitoring,Normal
M-007,2024-01-02 15:15:00,66.898,89.195,6.824,1630.856,230.643,87.103,51.278,91.141,13.0,0,39.25,0.1525,0,84.748,77,Continue Monitoring,Normal
M-007,2024-01-02 15:30:00,71.943,84.804,5.866,1627.425,232.73,99.238,35.882,70.649,12.0,0,39.5,0.1069,0,89.312,81,Continue Monitoring,Normal
M-007,2024-01-02 15:45:00,71.067,80.538,5.375,1556.356,232.906,108.066,28.862,100.0,11.0,0,39.75,0.3041,0,69.593,65,Continue Monitoring,Normal
M-007,2024-01-02 16:00:00,69.964,86.557,3.862,1746.898,231.454,93.847,28.858,86.886,10.0,0,40.0,0.1279,0,87.207,79,Continue Monitoring,Normal
M-007,2024-01-02 16:15:00,74.463,84.534,7.502,1773.036,229.304,105.533,40.709,86.983,9.0,0,40.25,0.2492,0,75.081,70,Continue Monitoring,Normal
M-007,2024-01-02 16:30:00,71.675,85.176,2.191,1624.628,227.032,105.842,49.909,95.289,8.0,0,40.5,0.2568,0,74.319,69,Continue Monitoring,Normal
M-007,2024-01-02 16:45:00,70.542,81.667,4.967,1889.775,228.943,78.058,46.53,100.0,7.0,0,40.75,0.1481,0,85.185,78,Continue Monitoring,Normal
M-007,2024-01-02 17:00:00,78.365,87.526,7.585,1672.734,224.685,94.833,44.036,85.822,6.0,0,41.0,0.1842,0,81.577,75,Continue Monitoring,Normal
M-007,2024-01-02 17:15:00,71.254,81.238,4.515,1896.624,236.43,94.709,41.954,77.486,5.0,0,41.25,0.0817,0,91.828,83,Continue Monitoring,Normal
M-007,2024-01-02 17:30:00,74.812,89.127,3.792,1741.301,232.317,98.511,50.081,100.0,4.0,0,41.5,0.251,0,74.902,69,Continue Monitoring,Normal
M-007,2024-01-02 17:45:00,71.588,85.585,6.066,1619.28,231.403,99.608,41.486,78.556,3.0,0,41.75,0.1114,0,88.863,81,Continue Monitoring,Normal
M-007,2024-01-02 18:00:00,70.963,81.915,4.783,1742.153,231.735,101.854,35.0,81.547,2.0,0,42.0,0.1329,0,86.713,79,Continue Monitoring,Normal
M-007,2024-01-02 18:15:00,79.346,82.507,6.02,1692.791,233.77,103.29,46.788,87.486,1.0,0,42.25,0.1856,0,81.442,75,Continue Monitoring,Normal
M-007,2024-01-02 18:30:00,69.963,88.496,7.192,1668.146,234.531,91.428,48.537,100.0,34.0,0,42.5,0.2558,0,74.423,69,Continue Monitoring,Normal
M-007,2024-01-02 18:45:00,70.107,84.188,7.103,2045.728,227.92,105.295,40.142,74.438,33.0,0,42.75,0.1814,0,81.862,75,Continue Monitoring,Normal
M-007,2024-01-02 19:00:00,73.666,82.174,4.54,1778.232,232.907,97.025,36.753,85.101,32.0,0,43.0,0.1324,0,86.763,79,Continue Monitoring,Normal
M-007,2024-01-02 19:15:00,74.495,82.547,7.592,1782.062,225.711,91.511,40.967,97.507,31.0,0,43.25,0.2526,0,74.742,69,Continue Monitoring,Normal
M-007,2024-01-02 19:30:00,80.085,86.951,6.236,1849.496,225.441,98.547,33.487,85.268,30.0,0,43.5,0.1515,0,84.846,77,Continue Monitoring,Normal
M-007,2024-01-02 19:45:00,87.407,82.274,4.858,1815.101,228.137,88.902,52.527,96.136,29.0,0,43.75,0.2348,0,76.518,71,Continue Monitoring,Normal
M-007,2024-01-02 20:00:00,77.076,79.929,5.648,1959.318,230.492,74.138,54.404,86.823,28.0,0,44.0,0.0505,0,94.946,85,Continue Monitoring,Normal
M-007,2024-01-02 20:15:00,77.485,84.112,6.749,1871.676,228.184,87.199,41.532,98.782,27.0,1,44.25,0.2846,0,56.535,37,Scheduled Maintenance,Normal
M-007,2024-01-02 20:30:00,73.95,78.421,7.822,1734.766,228.105,93.285,39.433,68.154,26.0,1,44.5,0.2191,0,63.093,42,Scheduled Maintenance,Normal
M-007,2024-01-02 20:45:00,74.826,81.056,6.44,1935.933,234.737,106.575,45.285,81.779,25.0,1,44.75,0.2549,0,59.51,39,Scheduled Maintenance,Normal
M-007,2024-01-02 21:00:00,74.943,80.186,6.963,1902.683,230.969,95.229,44.494,95.206,24.0,1,45.0,0.3107,0,53.933,35,Scheduled Maintenance,Normal
M-007,2024-01-02 21:15:00,81.418,79.812,4.99,1707.946,226.936,97.967,42.868,67.737,23.0,1,45.25,0.1902,0,65.98,44,Continue Monitoring,Normal
M-007,2024-01-02 21:30:00,76.354,80.421,4.913,1869.444,227.937,91.193,40.046,85.047,22.0,1,45.5,0.1773,0,67.265,45,Continue Monitoring,Normal
M-007,2024-01-02 21:45:00,75.458,78.756,6.843,1732.152,223.765,85.591,37.197,67.14,21.0,1,45.75,0.14,0,70.995,48,Continue Monitoring,Normal
M-007,2024-01-02 22:00:00,77.953,84.28,4.273,1795.615,235.014,99.294,37.478,77.916,20.0,1,46.0,0.185,0,66.503,45,Continue Monitoring,Normal
M-007,2024-01-02 22:15:00,81.561,84.184,5.475,1744.228,224.358,97.249,31.232,73.97,19.0,1,46.25,0.1875,0,66.252,45,Continue Monitoring,Normal
M-007,2024-01-02 22:30:00,76.716,82.141,5.521,1888.065,223.56,97.538,32.429,73.438,18.0,1,46.5,0.1752,0,67.479,45,Continue Monitoring,Normal
M-007,2024-01-02 22:45:00,89.711,81.547,6.068,2229.271,225.504,104.864,30.436,74.307,17.0,1,46.75,0.3048,0,54.525,35,Scheduled Maintenance,Normal
M-007,2024-01-02 23:00:00,75.998,79.365,6.341,1813.106,231.402,92.828,41.577,83.973,16.0,1,47.0,0.1911,0,65.89,44,Continue Monitoring,Normal
M-007,2024-01-02 23:15:00,75.985,76.202,6.353,1929.928,232.266,95.376,37.703,66.032,15.0,1,47.25,0.1763,0,67.372,45,Continue Monitoring,Normal
M-007,2024-01-02 23:30:00,83.773,77.422,5.909,1846.977,229.533,93.031,34.956,78.038,14.0,1,47.5,0.1837,0,66.629,45,Continue Monitoring,Normal
M-007,2024-01-02 23:45:00,70.891,76.38,4.696,2006.213,226.432,93.142,39.286,66.706,13.0,1,47.75,0.1508,0,69.921,47,Continue Monitoring,Normal
M-007,2024-01-03 00:00:00,81.928,78.372,5.732,1813.532,224.599,89.081,39.931,74.641,12.0,1,48.0,0.1454,0,70.463,48,Continue Monitoring,Normal
M-007,2024-01-03 00:15:00,78.376,80.263,7.407,1984.85,228.405,101.707,52.668,67.454,11.0,1,48.25,0.2505,0,59.95,39,Scheduled Maintenance,Normal
M-007,2024-01-03 00:30:00,80.46,73.295,8.811,2082.621,224.606,92.246,37.606,81.589,10.0,1,48.5,0.2658,0,58.423,38,Scheduled Maintenance,Normal
M-007,2024-01-03 00:45:00,80.05,71.925,9.402,1909.955,228.618,95.992,42.338,53.065,9.0,1,48.75,0.2931,0,55.692,36,Scheduled Maintenance,Normal
M-007,2024-01-03 01:00:00,82.396,78.081,3.204,1837.894,226.037,95.399,36.231,57.097,8.0,1,49.0,0.1846,0,66.538,45,Continue Monitoring,Normal
M-007,2024-01-03 01:15:00,79.033,78.153,5.978,1710.507,227.192,95.543,36.767,44.325,7.0,1,49.25,0.1641,0,68.587,46,Continue Monitoring,Normal
M-007,2024-01-03 01:30:00,89.616,73.987,6.501,1779.511,225.712,105.763,42.72,76.024,6.0,1,49.5,0.325,0,52.505,34,Scheduled Maintenance,Normal
M-007,2024-01-03 01:45:00,88.771,78.854,3.934,1838.978,226.078,106.353,36.491,66.198,5.0,1,49.75,0.3022,0,54.785,35,Scheduled Maintenance,Normal
M-008,2024-01-01 00:00:00,97.393,112.072,8.051,1609.642,217.282,85.489,27.363,97.458,88.0,1,0.0,0.82,1,3.0,0,Immediate Repair,Bearing Failure
M-008,2024-01-01 00:15:00,99.713,113.33,8.307,1618.5,210.141,72.497,15.895,100.0,87.0,1,0.25,0.82,1,3.0,0,Immediate Repair,Bearing Failure
M-008,2024-01-01 00:30:00,97.111,118.366,6.589,1871.986,208.485,65.424,18.872,100.0,86.0,1,0.5,0.82,1,3.0,0,Immediate Repair,Overheating
M-008,2024-01-01 00:45:00,96.402,113.312,7.775,1488.44,216.726,79.492,30.709,100.0,85.0,1,0.75,0.82,1,3.0,0,Immediate Repair,Overheating
M-008,2024-01-01 01:00:00,85.494,110.264,9.55,1618.911,211.777,66.269,28.276,100.0,84.0,1,1.0,0.82,1,3.0,0,Immediate Repair,Bearing Failure
M-008,2024-01-01 01:15:00,98.627,112.037,9.161,1512.409,213.19,56.386,13.176,96.761,83.0,1,1.25,0.82,1,3.0,0,Immediate Repair,Bearing Failure
M-008,2024-01-01 01:30:00,106.679,108.463,7.188,1708.542,219.012,75.587,26.791,97.746,82.0,1,1.5,0.82,1,3.0,0,Immediate Repair,Overheating
M-008,2024-01-01 01:45:00,95.69,114.027,8.023,1778.94,209.01,80.492,22.806,100.0,81.0,1,1.75,0.82,1,3.0,0,Immediate Repair,Bearing Failure
M-008,2024-01-01 02:00:00,91.711,110.743,10.638,1676.39,214.789,68.195,22.386,89.629,80.0,1,2.0,0.82,1,3.0,0,Immediate Repair,Bearing Failure
M-008,2024-01-01 02:15:00,99.227,114.684,9.423,1602.267,213.052,78.202,21.281,100.0,79.0,1,2.25,0.82,1,3.0,0,Immediate Repair,Bearing Failure
M-008,2024-01-01 02:30:00,106.982,110.597,10.502,1581.277,216.167,79.489,19.476,93.323,78.0,1,2.5,0.82,1,3.0,0,Immediate Repair,Bearing Failure
M-008,2024-01-01 02:45:00,92.022,111.47,9.741,1599.518,214.618,64.287,21.122,95.064,77.0,1,2.75,0.82,1,3.0,0,Immediate Repair,Bearing Failure
M-008,2024-01-01 03:00:00,100.12,111.666,7.353,1658.601,211.648,65.514,29.008,100.0,76.0,1,3.0,0.82,1,3.0,0,Immediate Repair,Overheating
M-008,2024-01-01 03:15:00,92.146,111.143,10.315,1654.96,219.067,68.805,25.516,100.0,75.0,1,3.25,0.82,1,3.0,0,Immediate Repair,Bearing Failure
M-008,2024-01-01 03:30:00,103.271,108.721,7.73,1895.201,212.283,81.722,19.898,100.0,74.0,1,3.5,0.82,1,3.0,0,Immediate Repair,Overheating
M-008,2024-01-01 03:45:00,96.433,110.841,7.839,1790.133,215.099,78.22,19.519,100.0,73.0,1,3.75,0.82,1,3.0,0,Immediate Repair,Overheating
M-008,2024-01-01 04:00:00,103.209,109.389,10.589,1757.372,213.962,78.307,21.985,94.681,72.0,1,4.0,0.82,1,3.0,0,Immediate Repair,Bearing Failure
M-008,2024-01-01 04:15:00,98.723,115.452,9.212,1577.153,216.119,71.247,17.176,100.0,71.0,1,4.25,0.82,1,3.0,0,Immediate Repair,Bearing Failure
M-008,2024-01-01 04:30:00,107.451,106.175,7.937,1800.945,219.918,79.129,17.325,100.0,70.0,1,4.5,0.82,1,3.0,0,Immediate Repair,Overheating
M-008,2024-01-01 04:45:00,98.503,112.651,9.807,1688.134,217.396,71.745,26.55,95.263,69.0,1,4.75,0.82,1,3.0,0,Immediate Repair,Bearing Failure
M-008,2024-01-01 05:00:00,105.726,110.394,10.749,1795.667,219.171,78.985,21.59,100.0,68.0,1,5.0,0.82,1,3.0,0,Immediate Repair,Bearing Failure
M-008,2024-01-01 05:15:00,108.015,112.814,5.945,1689.841,219.695,66.73,27.625,100.0,67.0,1,5.25,0.82,1,3.0,0,Immediate Repair,Overheating
M-008,2024-01-01 05:30:00,102.377,105.172,8.373,2063.631,213.071,70.052,16.319,100.0,66.0,1,5.5,0.82,1,3.0,0,Immediate Repair,Bearing Failure
M-008,2024-01-01 05:45:00,104.738,109.034,11.163,1890.037,213.021,67.137,29.226,100.0,65.0,1,5.75,0.82,1,3.0,0,Immediate Repair,Bearing Failure
M-008,2024-01-01 06:00:00,99.932,105.309,7.637,1677.684,209.758,68.095,16.734,100.0,64.0,1,6.0,0.82,1,3.0,0,Immediate Repair,Overheating
M-008,2024-01-01 06:15:00,113.306,109.599,8.98,1893.146,215.301,78.683,23.903,100.0,63.0,1,6.25,0.82,1,3.0,0,Immediate Repair,Bearing Failure
M-008,2024-01-01 06:30:00,117.993,112.87,7.715,1881.755,213.753,79.096,13.938,100.0,62.0,1,6.5,0.82,1,3.0,0,Immediate Repair,Overheating
M-008,2024-01-01 06:45:00,108.684,112.861,9.948,1944.786,217.365,77.269,19.135,100.0,61.0,1,6.75,0.82,1,3.0,0,Immediate Repair,Bearing Failure
M-008,2024-01-01 07:00:00,111.775,109.407,9.096,2037.888,216.296,76.682,25.029,100.0,60.0,1,7.0,0.82,1,3.0,0,Immediate Repair,Bearing Failure
M-008,2024-01-01 07:15:00,104.747,110.454,9.22,2072.274,218.836,72.073,26.464,100.0,59.0,1,7.25,0.82,1,3.0,0,Immediate Repair,Bearing Failure
M-008,2024-01-01 07:30:00,113.606,107.469,9.554,1843.247,216.759,70.135,25.51,100.0,58.0,1,7.5,0.82,1,3.0,0,Immediate Repair,Bearing Failure
M-008,2024-01-01 07:45:00,113.834,108.732,8.728,1953.431,214.312,84.017,28.516,100.0,57.0,1,7.75,0.82,1,3.0,0,Immediate Repair,Bearing Failure
M-008,2024-01-01 08:00:00,110.51,107.021,9.472,1907.54,215.125,85.844,25.462,100.0,56.0,1,8.0,0.82,1,3.0,0,Immediate Repair,Bearing Failure
M-008,2024-01-01 08:15:00,116.831,108.49,7.803,1765.151,221.378,89.377,28.0,100.0,55.0,1,8.25,0.82,1,3.0,0,Immediate Repair,Overheating
M-008,2024-01-01 08:30:00,114.446,109.586,9.81,1932.044,219.232,71.501,26.295,100.0,54.0,1,8.5,0.82,1,3.0,0,Immediate Repair,Bearing Failure
M-008,2024-01-01 08:45:00,109.019,106.693,10.032,1791.405,213.181,84.816,19.157,100.0,53.0,1,8.75,0.82,1,3.0,0,Immediate Repair,Bearing Failure
M-008,2024-01-01 09:00:00,107.652,111.182,10.574,1842.201,213.698,74.443,25.242,100.0,52.0,1,9.0,0.82,1,3.0,0,Immediate Repair,Bearing Failure
M-008,2024-01-01 09:15:00,110.762,107.707,10.457,1867.412,218.694,70.053,37.102,100.0,51.0,1,9.25,0.82,1,3.0,0,Immediate Repair,Bearing Failure
M-008,2024-01-01 09:30:00,111.356,108.494,8.834,1874.336,217.435,70.654,24.367,100.0,50.0,1,9.5,0.82,1,3.0,0,Immediate Repair,Bearing Failure
M-008,2024-01-01 09:45:00,117.753,108.899,10.319,1665.578,215.174,86.867,46.598,100.0,49.0,1,9.75,0.82,1,3.0,0,Immediate Repair,Bearing Failure
M-008,2024-01-01 10:00:00,115.073,107.825,8.253,1993.589,214.35,68.758,14.004,100.0,48.0,1,10.0,0.82,1,3.0,0,Immediate Repair,Bearing Failure
M-008,2024-01-01 10:15:00,110.862,106.285,9.433,1738.889,215.743,72.979,13.167,100.0,47.0,1,10.25,0.82,1,3.0,0,Immediate Repair,Bearing Failure
M-008,2024-01-01 10:30:00,106.915,107.454,10.395,1718.161,216.965,90.404,15.666,100.0,46.0,1,10.5,0.82,1,3.0,0,Immediate Repair,Bearing Failure
M-008,2024-01-01 10:45:00,111.795,108.743,9.898,1820.68,218.154,78.071,20.952,100.0,45.0,1,10.75,0.82,1,3.0,0,Immediate Repair,Bearing Failure
M-008,2024-01-01 11:00:00,116.46,108.413,8.038,1835.003,217.375,69.496,10.252,100.0,44.0,1,11.0,0.82,1,3.0,0,Immediate Repair,Bearing Failure
M-008,2024-01-01 11:15:00,110.159,100.645,9.762,2008.907,220.673,76.795,10.359,100.0,43.0,1,11.25,0.82,1,3.0,0,Immediate Repair,Bearing Failure
M-008,2024-01-01 11:30:00,112.25,106.004,12.24,1768.283,209.617,70.398,24.267,100.0,42.0,1,11.5,0.82,1,3.0,0,Immediate Repair,Bearing Failure
M-008,2024-01-01 11:45:00,106.864,100.242,9.048,1715.25,219.897,74.982,17.535,100.0,41.0,1,11.75,0.82,1,3.0,0,Immediate Repair,Bearing Failure
M-008,2024-01-01 12:00:00,112.823,104.407,9.842,1883.548,218.211,70.72,16.862,100.0,40.0,1,12.0,0.82,1,3.0,0,Immediate Repair,Bearing Failure
M-008,2024-01-01 12:15:00,120.058,100.019,8.988,1870.508,217.609,85.56,19.34,100.0,39.0,1,12.25,0.82,1,3.0,0,Immediate Repair,Bearing Failure
M-008,2024-01-01 12:30:00,115.065,109.293,11.56,1838.739,218.46,78.459,22.017,100.0,38.0,1,12.5,0.82,1,3.0,0,Immediate Repair,Bearing Failure
M-008,2024-01-01 12:45:00,115.544,104.286,9.542,1698.666,218.883,64.969,17.59,100.0,37.0,1,12.75,0.82,1,3.0,0,Immediate Repair,Bearing Failure
M-008,2024-01-01 13:00:00,112.919,109.12,10.42,2020.728,220.719,86.187,32.165,100.0,36.0,1,13.0,0.82,1,3.0,0,Immediate Repair,Bearing Failure
M-008,2024-01-01 13:15:00,108.538,105.312,9.629,1868.735,218.122,74.228,30.69,98.16,35.0,1,13.25,0.82,1,3.0,0,Immediate Repair,Bearing Failure
M-008,2024-01-01 13:30:00,114.41,104.714,7.439,1737.634,216.964,82.444,18.704,100.0,34.0,1,13.5,0.82,1,3.0,0,Immediate Repair,Overheating
M-008,2024-01-01 13:45:00,105.754,109.966,9.764,1891.916,217.413,74.013,32.323,88.043,33.0,1,13.75,0.82,1,3.0,0,Immediate Repair,Bearing Failure
M-008,2024-01-01 14:00:00,112.602,99.211,9.113,1749.851,216.158,78.92,5.379,100.0,32.0,1,14.0,0.82,1,3.0,0,Immediate Repair,Bearing Failure
M-008,2024-01-01 14:15:00,111.011,98.638,11.813,1749.162,218.482,74.616,20.237,100.0,31.0,1,14.25,0.82,1,3.0,0,Immediate Repair,Bearing Failure
M-008,2024-01-01 14:30:00,121.133,104.834,11.233,2020.241,220.019,89.844,25.419,100.0,30.0,1,14.5,0.84,1,0.996,0,Immediate Repair,Bearing Failure
M-008,2024-01-01 14:45:00,112.493,97.027,10.133,1622.499,214.473,80.292,13.917,100.0,29.0,1,14.75,0.82,1,3.0,0,Immediate Repair,Bearing Failure
M-008,2024-01-01 15:00:00,111.479,102.947,8.474,1908.787,219.156,82.119,13.36,100.0,28.0,1,15.0,0.82,1,3.0,0,Immediate Repair,Bearing Failure
M-008,2024-01-01 15:15:00,115.131,105.227,8.638,1728.401,216.53,74.527,12.08,99.363,27.0,1,15.25,0.82,1,3.0,0,Immediate Repair,Bearing Failure
M-008,2024-01-01 15:30:00,113.075,99.893,9.643,1760.07,222.733,74.931,16.959,91.141,26.0,1,15.5,0.82,1,3.0,0,Immediate Repair,Bearing Failure
M-008,2024-01-01 15:45:00,105.776,103.781,9.595,1785.519,223.462,88.626,10.468,100.0,25.0,1,15.75,0.82,1,3.0,0,Immediate Repair,Bearing Failure
M-008,2024-01-01 16:00:00,110.996,100.766,10.258,1563.948,224.094,82.996,15.088,91.427,24.0,1,16.0,0.82,1,3.0,0,Immediate Repair,Bearing Failure
M-008,2024-01-01 16:15:00,103.032,101.18,9.139,1604.047,222.103,88.419,20.048,93.053,23.0,1,16.25,0.82,1,3.0,0,Immediate Repair,Bearing Failure
M-008,2024-01-01 16:30:00,111.32,102.048,8.314,1676.471,218.948,81.309,20.201,97.037,22.0,1,16.5,0.82,1,3.0,0,Immediate Repair,Bearing Failure
M-008,2024-01-01 16:45:00,103.2,104.1,9.849,2052.648,218.737,81.926,37.052,95.696,21.0,1,16.75,0.82,1,3.0,0,Immediate Repair,Bearing Failure
M-008,2024-01-01 17:00:00,108.733,99.155,11.999,1598.573,221.243,76.437,18.873,78.339,20.0,1,17.0,0.82,1,3.0,0,Immediate Repair,Bearing Failure
M-008,2024-01-01 17:15:00,114.066,101.307,8.173,1879.156,218.509,82.184,24.988,96.145,19.0,1,17.25,0.82,1,3.0,0,Immediate Repair,Bearing Failure
M-008,2024-01-01 17:30:00,99.582,104.264,9.749,1680.355,219.752,68.662,21.023,76.593,18.0,1,17.5,0.82,1,3.0,0,Immediate Repair,Bearing Failure
M-008,2024-01-01 17:45:00,106.885,102.697,11.408,1612.344,224.49,86.65,17.223,77.991,17.0,1,17.75,0.82,1,3.0,0,Immediate Repair,Bearing Failure
M-008,2024-01-01 18:00:00,101.9,103.107,8.887,1845.345,218.151,73.807,21.131,81.07,16.0,1,18.0,0.82,1,3.0,0,Immediate Repair,Bearing Failure
M-008,2024-01-01 18:15:00,107.342,105.327,10.099,1706.544,220.858,68.35,22.008,88.396,15.0,1,18.25,0.82,1,3.0,0,Immediate Repair,Bearing Failure
M-008,2024-01-01 18:30:00,110.499,104.276,9.667,1806.417,219.415,82.022,17.719,90.297,14.0,1,18.5,0.82,1,3.0,0,Immediate Repair,Bearing Failure
M-008,2024-01-01 18:45:00,105.028,107.503,12.789,1777.813,224.966,69.607,10.985,81.365,13.0,1,18.75,0.82,1,3.0,0,Immediate Repair,Bearing Failure
M-008,2024-01-01 19:00:00,106.293,102.08,7.681,1801.468,226.852,89.439,25.954,85.764,12.0,1,19.0,0.82,1,3.0,0,Immediate Repair,Overheating
M-008,2024-01-01 19:15:00,102.338,103.019,12.942,1611.314,219.07,88.313,26.409,73.97,11.0,1,19.25,0.82,1,3.0,0,Immediate Repair,Bearing Failure
M-008,2024-01-01 19:30:00,104.234,101.434,10.107,1776.225,218.066,88.279,19.903,100.0,10.0,1,19.5,0.82,1,3.0,0,Immediate Repair,Bearing Failure
M-008,2024-01-01 19:45:00,106.114,102.798,10.829,1593.525,215.134,79.058,17.682,64.499,9.0,1,19.75,0.82,1,3.0,0,Immediate Repair,Bearing Failure
M-008,2024-01-01 20:00:00,104.094,97.048,9.553,1653.4,220.851,77.954,18.632,71.612,8.0,1,20.0,0.82,1,3.0,0,Immediate Repair,Bearing Failure
M-008,2024-01-01 20:15:00,103.967,103.595,8.794,1646.477,221.382,79.758,33.596,77.11,7.0,1,20.25,0.82,1,3.0,0,Immediate Repair,Bearing Failure
M-008,2024-01-01 20:30:00,102.334,102.336,8.71,1686.861,218.575,77.036,15.765,67.765,6.0,1,20.5,0.82,1,3.0,0,Immediate Repair,Bearing Failure
M-008,2024-01-01 20:45:00,95.964,102.406,11.307,1618.421,225.35,86.358,22.063,95.576,5.0,1,20.75,0.82,1,3.0,0,Immediate Repair,Bearing Failure
M-008,2024-01-01 21:00:00,102.089,104.186,10.083,1770.314,220.708,76.654,22.369,67.761,4.0,1,21.0,0.82,1,3.0,0,Immediate Repair,Bearing Failure
M-008,2024-01-01 21:15:00,104.112,105.449,9.849,1643.293,216.267,82.423,15.991,100.0,3.0,1,21.25,0.82,1,3.0,0,Immediate Repair,Bearing Failure
M-008,2024-01-01 21:30:00,102.093,102.637,8.2,1722.455,219.709,75.832,20.708,80.891,2.0,1,21.5,0.82,1,3.0,0,Immediate Repair,Bearing Failure
M-008,2024-01-01 21:45:00,103.491,104.713,10.367,1584.152,221.794,84.436,25.181,74.258,1.0,1,21.75,0.82,1,3.0,0,Immediate Repair,Bearing Failure
M-008,2024-01-01 22:00:00,97.165,104.456,11.215,1332.53,215.467,87.98,27.658,60.388,88.0,1,22.0,0.82,1,3.0,0,Immediate Repair,Bearing Failure
M-008,2024-01-01 22:15:00,100.305,103.932,9.809,1574.302,216.954,73.891,16.652,70.978,87.0,1,22.25,0.82,1,3.0,0,Immediate Repair,Bearing Failure
M-008,2024-01-01 22:30:00,94.865,107.749,9.605,1477.879,221.701,80.829,23.407,62.538,86.0,1,22.5,0.82,1,3.0,0,Immediate Repair,Bearing Failure
M-008,2024-01-01 22:45:00,93.238,104.705,10.289,1370.612,216.708,83.098,13.758,56.838,85.0,1,22.75,0.82,1,3.0,0,Immediate Repair,Bearing Failure
M-008,2024-01-01 23:00:00,102.144,104.0,11.829,1514.087,221.773,80.431,2.296,59.535,84.0,1,23.0,0.82,1,3.0,0,Immediate Repair,Bearing Failure
M-008,2024-01-01 23:15:00,97.23,107.254,7.729,1495.581,217.536,83.644,18.032,77.931,83.0,1,23.25,0.82,1,3.0,0,Immediate Repair,Overheating
M-008,2024-01-01 23:30:00,101.446,107.807,11.454,1451.502,229.385,73.56,14.904,79.154,82.0,1,23.5,0.82,1,3.0,0,Immediate Repair,Bearing Failure
M-008,2024-01-01 23:45:00,99.633,108.165,11.21,1235.249,225.695,80.755,25.468,49.503,81.0,1,23.75,0.82,1,3.0,0,Immediate Repair,Bearing Failure
M-008,2024-01-02 00:00:00,97.088,105.289,11.08,1515.27,222.034,74.859,17.572,67.789,80.0,1,24.0,0.82,1,3.0,0,Immediate Repair,Bearing Failure
M-008,2024-01-02 00:15:00,97.481,110.226,10.505,1316.254,221.265,100.639,27.711,39.653,79.0,1,24.25,0.82,1,3.0,0,Immediate Repair,Bearing Failure
M-008,2024-01-02 00:30:00,95.19,110.335,10.054,1406.595,220.147,86.317,10.866,81.146,78.0,1,24.5,0.82,1,3.0,0,Immediate Repair,Bearing Failure
M-008,2024-01-02 00:45:00,94.147,105.016,11.899,1269.052,219.285,78.54,30.542,62.325,77.0,1,24.75,0.82,1,3.0,0,Immediate Repair,Bearing Failure
M-008,2024-01-02 01:00:00,85.186,106.358,10.977,1541.481,227.781,92.48,18.727,60.234,76.0,1,25.0,0.82,1,3.0,0,Immediate Repair,Bearing Failure
M-008,2024-01-02 01:15:00,99.737,107.281,9.433,1390.539,217.193,79.467,16.123,76.482,75.0,1,25.25,0.82,1,3.0,0,Immediate Repair,Bearing Failure
M-008,2024-01-02 01:30:00,91.123,104.866,8.124,1459.215,221.165,78.932,14.638,73.144,74.0,1,25.5,0.82,1,3.0,0,Immediate Repair,Bearing Failure
M-008,2024-01-02 01:45:00,97.674,106.609,10.509,1542.831,218.614,82.792,17.136,56.284,73.0,1,25.75,0.82,1,3.0,0,Immediate Repair,Bearing Failure
M-008,2024-01-02 02:00:00,92.224,109.323,11.177,1279.487,220.965,92.664,29.751,82.392,72.0,1,26.0,0.82,1,3.0,0,Immediate Repair,Bearing Failure
M-008,2024-01-02 02:15:00,86.282,110.858,9.738,1450.369,218.61,71.087,15.14,77.065,71.0,1,26.25,0.82,1,3.0,0,Immediate Repair,Bearing Failure
M-008,2024-01-02 02:30:00,91.585,110.987,10.732,1459.551,222.504,81.249,17.627,87.573,70.0,1,26.5,0.82,1,3.0,0,Immediate Repair,Bearing Failure
M-008,2024-01-02 02:45:00,90.448,110.175,10.589,1379.895,219.597,84.723,14.017,69.04,69.0,1,26.75,0.82,1,3.0,0,Immediate Repair,Bearing Failure
M-008,2024-01-02 03:00:00,86.168,110.637,11.277,1375.987,214.863,87.484,17.694,60.971,68.0,1,27.0,0.82,1,3.0,0,Immediate Repair,Bearing Failure
M-008,2024-01-02 03:15:00,91.877,106.378,11.938,1390.248,214.065,84.69,14.458,65.794,67.0,1,27.25,0.82,1,3.0,0,Immediate Repair,Bearing Failure
M-008,2024-01-02 03:30:00,85.293,110.446,9.81,1170.395,224.669,81.821,12.426,60.588,66.0,1,27.5,0.82,1,3.0,0,Immediate Repair,Bearing Failure
M-008,2024-01-02 03:45:00,90.792,107.181,10.692,1319.582,219.256,75.897,13.018,72.52,65.0,1,27.75,0.82,1,3.0,0,Immediate Repair,Bearing Failure
M-008,2024-01-02 04:00:00,88.121,108.962,10.392,1493.018,215.822,83.668,10.958,62.513,64.0,1,28.0,0.82,1,3.0,0,Immediate Repair,Bearing Failure
M-008,2024-01-02 04:15:00,87.701,109.918,8.831,1542.468,223.545,70.276,7.739,79.629,63.0,1,28.25,0.82,1,3.0,0,Immediate Repair,Bearing Failure
M-008,2024-01-02 04:30:00,85.003,116.283,11.412,1417.011,217.693,87.332,8.855,87.446,62.0,1,28.5,0.82,1,3.0,0,Immediate Repair,Bearing Failure
M-008,2024-01-02 04:45:00,87.323,109.526,11.691,1647.955,220.077,87.835,13.842,75.991,61.0,1,28.75,0.82,1,3.0,0,Immediate Repair,Bearing Failure
M-008,2024-01-02 05:00:00,79.106,112.209,10.641,1593.126,215.315,82.106,24.085,73.506,60.0,1,29.0,0.82,1,3.0,0,Immediate Repair,Bearing Failure
M-008,2024-01-02 05:15:00,83.958,109.913,9.289,1156.798,218.78,77.236,16.989,68.873,59.0,1,29.25,0.82,1,3.0,0,Immediate Repair,Bearing Failure
M-008,2024-01-02 05:30:00,82.243,111.248,10.542,1311.516,217.448,84.852,22.61,78.9,58.0,1,29.5,0.82,1,3.0,0,Immediate Repair,Bearing Failure
M-008,2024-01-02 05:45:00,81.249,112.417,7.754,1357.632,219.397,77.808,11.617,74.414,57.0,1,29.75,0.82,1,3.0,0,Immediate Repair,Normal
M-008,2024-01-02 06:00:00,87.196,116.234,9.34,1311.999,219.082,90.099,16.928,80.381,56.0,1,30.0,0.82,1,3.0,0,Immediate Repair,Bearing Failure
M-008,2024-01-02 06:15:00,84.919,111.329,12.564,1374.151,217.952,82.914,23.372,76.171,55.0,1,30.25,0.82,1,3.0,0,Immediate Repair,Bearing Failure
M-008,2024-01-02 06:30:00,86.131,111.392,9.598,1454.09,217.856,90.37,18.016,72.686,54.0,1,30.5,0.82,1,3.0,0,Immediate Repair,Bearing Failure
M-008,2024-01-02 06:45:00,81.617,111.76,11.173,1602.437,219.323,88.438,15.979,82.69,53.0,1,30.75,0.82,1,3.0,0,Immediate Repair,Bearing Failure
M-008,2024-01-02 07:00:00,80.823,110.96,11.169,1342.597,217.675,91.891,16.353,81.222,52.0,1,31.0,0.82,1,3.0,0,Immediate Repair,Bearing Failure
M-008,2024-01-02 07:15:00,86.438,108.139,12.496,1273.349,220.977,80.765,10.148,97.72,51.0,1,31.25,0.82,1,3.0,0,Immediate Repair,Bearing Failure
M-008,2024-01-02 07:30:00,88.109,113.085,11.199,1387.915,225.485,70.18,17.877,78.408,50.0,1,31.5,0.82,1,3.0,0,Immediate Repair,Bearing Failure
M-008,2024-01-02 07:45:00,70.88,112.757,13.332,1304.828,222.615,93.452,15.466,88.001,49.0,1,31.75,0.82,1,3.0,0,Immediate Repair,Bearing Failure
M-008,2024-01-02 08:00:00,73.072,111.767,12.029,1393.685,221.292,86.084,28.623,83.625,48.0,1,32.0,0.82,1,3.0,0,Immediate Repair,Bearing Failure
M-008,2024-01-02 08:15:00,86.005,114.38,13.146,1242.623,220.69,82.486,16.237,100.0,47.0,1,32.25,0.82,1,3.0,0,Immediate Repair,Bearing Failure
M-008,2024-01-02 08:30:00,80.759,117.691,9.851,1294.458,220.128,85.061,14.215,80.651,46.0,1,32.5,0.82,1,3.0,0,Immediate Repair,Bearing Failure
M-008,2024-01-02 08:45:00,83.713,112.979,12.801,1398.661,221.967,89.326,10.315,95.076,45.0,1,32.75,0.82,1,3.0,0,Immediate Repair,Bearing Failure
M-008,2024-01-02 09:00:00,86.321,114.847,12.081,1484.609,220.883,86.817,18.475,100.0,44.0,1,33.0,0.82,1,3.0,0,Immediate Repair,Bearing Failure
M-008,2024-01-02 09:15:00,72.904,114.845,10.577,1359.061,223.788,80.47,6.754,100.0,43.0,1,33.25,0.82,1,3.0,0,Immediate Repair,Bearing Failure
M-008,2024-01-02 09:30:00,72.351,108.317,12.121,1430.055,221.255,82.595,6.748,83.075,42.0,1,33.5,0.82,1,3.0,0,Immediate Repair,Bearing Failure
M-008,2024-01-02 09:45:00,76.679,110.268,11.294,1360.806,220.328,86.868,17.308,100.0,41.0,1,33.75,0.82,1,3.0,0,Immediate Repair,Bearing Failure
M-008,2024-01-02 10:00:00,76.144,114.608,11.21,1130.447,221.646,86.921,18.305,84.413,40.0,1,34.0,0.82,1,3.0,0,Immediate Repair,Bearing Failure
M-008,2024-01-02 10:15:00,76.023,110.74,11.937,1259.225,216.852,89.702,11.079,89.162,39.0,1,34.25,0.82,1,3.0,0,Immediate Repair,Bearing Failure
M-008,2024-01-02 10:30:00,80.697,116.802,11.92,1535.912,218.873,84.62,10.901,100.0,38.0,1,34.5,0.82,1,3.0,0,Immediate Repair,Bearing Failure
M-008,2024-01-02 10:45:00,74.759,112.592,11.764,1582.732,220.691,98.702,10.492,82.365,37.0,1,34.75,0.82,1,3.0,0,Immediate Repair,Bearing Failure
M-008,2024-01-02 11:00:00,79.546,111.495,10.556,1235.016,216.726,75.716,12.055,97.928,36.0,1,35.0,0.82,1,3.0,0,Immediate Repair,Bearing Failure
M-008,2024-01-02 11:15:00,76.881,117.436,11.902,1259.807,221.173,87.104,14.011,100.0,35.0,1,35.25,0.82,1,3.0,0,Immediate Repair,Bearing Failure
M-008,2024-01-02 11:30:00,77.19,111.535,10.714,1603.879,217.161,79.203,14.165,92.771,34.0,1,35.5,0.82,1,3.0,0,Immediate Repair,Bearing Failure
M-008,2024-01-02 11:45:00,69.348,112.458,13.013,1464.762,219.731,71.591,17.102,100.0,33.0,1,35.75,0.82,1,3.0,0,Immediate Repair,Bearing Failure
M-008,2024-01-02 12:00:00,73.465,113.902,11.238,1350.083,220.111,94.972,13.045,97.516,32.0,1,36.0,0.82,1,3.0,0,Immediate Repair,Bearing Failure
M-008,2024-01-02 12:15:00,75.317,115.783,9.298,1554.702,217.001,88.376,10.967,100.0,31.0,1,36.25,0.82,1,3.0,0,Immediate Repair,Bearing Failure
M-008,2024-01-02 12:30:00,82.04,108.839,11.709,1701.302,221.009,77.454,6.604,100.0,30.0,1,36.5,0.82,1,3.0,0,Immediate Repair,Bearing Failure
M-008,2024-01-02 12:45:00,76.518,113.58,9.264,1397.282,216.434,85.597,26.143,99.826,29.0,1,36.75,0.82,1,3.0,0,Immediate Repair,Bearing Failure
M-008,2024-01-02 13:00:00,71.934,109.327,11.949,1505.709,216.094,84.412,9.428,100.0,28.0,1,37.0,0.82,1,3.0,0,Immediate Repair,Bearing Failure
M-008,2024-01-02 13:15:00,86.552,114.194,10.944,1439.706,214.666,92.178,18.196,100.0,27.0,1,37.25,0.82,1,3.0,0,Immediate Repair,Bearing Failure
M-008,2024-01-02 13:30:00,80.659,112.41,12.174,1564.041,218.077,80.448,13.191,100.0,26.0,1,37.5,0.82,1,3.0,0,Immediate Repair,Bearing Failure
M-008,2024-01-02 13:45:00,73.782,113.461,9.589,1631.246,219.457,78.807,12.665,100.0,25.0,1,37.75,0.82,1,3.0,0,Immediate Repair,Bearing Failure
M-008,2024-01-02 14:00:00,70.805,108.715,11.022,1802.913,216.41,90.779,15.516,100.0,24.0,1,38.0,0.82,1,3.0,0,Immediate Repair,Bearing Failure
M-008,2024-01-02 14:15:00,76.53,110.363,10.634,1356.955,218.262,93.695,14.246,100.0,23.0,1,38.25,0.82,1,3.0,0,Immediate Repair,Bearing Failure
M-008,2024-01-02 14:30:00,78.269,111.298,10.27,1507.455,213.83,85.622,14.725,100.0,22.0,1,38.5,0.82,1,3.0,0,Immediate Repair,Bearing Failure
M-008,2024-01-02 14:45:00,78.141,108.644,9.149,1550.609,220.582,86.037,17.05,100.0,21.0,1,38.75,0.82,1,3.0,0,Immediate Repair,Bearing Failure
M-008,2024-01-02 15:00:00,78.993,106.202,13.425,1451.561,220.432,85.766,13.052,100.0,20.0,1,39.0,0.82,1,3.0,0,Immediate Repair,Bearing Failure
M-008,2024-01-02 15:15:00,77.262,112.116,12.676,1763.738,218.949,99.757,14.256,100.0,19.0,1,39.25,0.82,1,3.0,0,Immediate Repair,Bearing Failure
M-008,2024-01-02 15:30:00,78.086,108.839,11.463,1664.934,217.758,90.742,18.841,100.0,18.0,1,39.5,0.82,1,3.0,0,Immediate Repair,Bearing Failure
M-008,2024-01-02 15:45:00,64.745,115.259,10.808,1515.559,214.382,85.587,10.225,100.0,17.0,1,39.75,0.82,1,3.0,0,Immediate Repair,Bearing Failure
M-008,2024-01-02 16:00:00,73.959,111.547,14.082,1722.637,221.021,85.39,14.183,100.0,16.0,1,40.0,0.82,1,3.0,0,Immediate Repair,Bearing Failure
M-008,2024-01-02 16:15:00,74.232,108.41,12.451,1764.818,217.754,79.756,11.736,100.0,15.0,1,40.25,0.82,1,3.0,0,Immediate Repair,Bearing Failure
M-008,2024-01-02 16:30:00,77.371,110.179,10.891,1672.788,218.699,90.01,6.255,100.0,14.0,1,40.5,0.82,1,3.0,0,Immediate Repair,Bearing Failure
M-008,2024-01-02 16:45:00,78.926,113.871,10.904,1719.653,219.978,86.925,20.311,100.0,13.0,1,40.75,0.82,1,3.0,0,Immediate Repair,Bearing Failure
M-008,2024-01-02 17:00:00,83.041,110.231,14.604,1589.443,223.61,93.77,21.421,100.0,12.0,1,41.0,0.82,1,3.0,0,Immediate Repair,Bearing Failure
M-008,2024-01-02 17:15:00,81.146,112.855,9.792,1653.341,210.708,87.233,8.441,100.0,11.0,1,41.25,0.82,1,3.0,0,Immediate Repair,Bearing Failure
M-008,2024-01-02 17:30:00,89.727,113.446,9.314,1749.218,219.42,86.206,14.366,100.0,10.0,1,41.5,0.82,1,3.0,0,Immediate Repair,Bearing Failure
M-008,2024-01-02 17:45:00,72.926,104.915,11.586,1703.956,214.789,83.101,12.718,100.0,9.0,1,41.75,0.82,1,3.0,0,Immediate Repair,Bearing Failure
M-008,2024-01-02 18:00:00,78.302,112.595,10.385,1724.595,215.742,92.867,8.529,100.0,8.0,1,42.0,0.82,1,3.0,0,Immediate Repair,Bearing Failure
M-008,2024-01-02 18:15:00,72.156,112.592,11.5,1776.988,220.698,94.845,8.801,100.0,7.0,1,42.25,0.82,1,3.0,0,Immediate Repair,Bearing Failure
M-008,2024-01-02 18:30:00,86.714,104.503,14.355,1766.123,215.284,82.679,11.805,99.287,6.0,1,42.5,0.82,1,3.0,0,Immediate Repair,Bearing Failure
M-008,2024-01-02 18:45:00,77.922,106.098,9.9,1818.574,215.815,84.571,11.158,100.0,5.0,1,42.75,0.82,1,3.0,0,Immediate Repair,Bearing Failure
M-008,2024-01-02 19:00:00,80.23,104.509,11.595,1731.585,212.939,87.092,16.552,100.0,4.0,1,43.0,0.82,1,3.0,0,Immediate Repair,Bearing Failure
M-008,2024-01-02 19:15:00,79.384,108.37,10.063,1632.445,215.49,99.685,14.022,100.0,3.0,1,43.25,0.82,1,3.0,0,Immediate Repair,Bearing Failure
M-008,2024-01-02 19:30:00,86.861,105.21,14.578,1693.439,213.093,88.127,11.517,100.0,2.0,1,43.5,0.82,1,3.0,0,Immediate Repair,Bearing Failure
M-008,2024-01-02 19:45:00,91.486,106.764,12.114,1707.635,214.28,96.561,2.925,100.0,1.0,1,43.75,0.82,1,3.0,0,Immediate Repair,Bearing Failure
M-008,2024-01-02 20:00:00,80.495,109.602,10.955,1821.053,215.98,98.546,3.443,100.0,88.0,1,44.0,0.82,1,3.0,0,Immediate Repair,Bearing Failure
M-008,2024-01-02 20:15:00,81.107,108.071,10.348,1781.869,215.472,82.545,5.24,100.0,87.0,1,44.25,0.82,1,3.0,0,Immediate Repair,Bearing Failure
M-008,2024-01-02 20:30:00,82.852,102.779,11.047,1560.234,214.549,96.817,17.127,100.0,86.0,1,44.5,0.82,1,3.0,0,Immediate Repair,Bearing Failure
M-008,2024-01-02 20:45:00,83.748,102.325,13.799,2042.0,216.037,107.877,8.788,100.0,85.0,1,44.75,0.82,1,3.0,0,Immediate Repair,Bearing Failure
M-008,2024-01-02 21:00:00,80.387,103.919,14.776,1767.206,212.845,83.543,19.685,100.0,84.0,1,45.0,0.82,1,3.0,0,Immediate Repair,Bearing Failure
M-008,2024-01-02 21:15:00,81.747,98.725,9.974,2014.298,217.37,90.38,24.034,100.0,83.0,1,45.25,0.82,1,3.0,0,Immediate Repair,Bearing Failure
M-008,2024-01-02 21:30:00,84.017,104.083,10.755,1780.117,210.724,79.579,2.462,100.0,82.0,1,45.5,0.82,1,3.0,0,Immediate Repair,Bearing Failure
M-008,2024-01-02 21:45:00,78.398,109.778,10.562,2028.979,213.967,79.138,20.48,100.0,81.0,1,45.75,0.82,1,3.0,0,Immediate Repair,Bearing Failure
M-008,2024-01-02 22:00:00,81.51,102.735,10.331,1811.959,215.264,87.732,1.844,100.0,80.0,1,46.0,0.82,1,3.0,0,Immediate Repair,Bearing Failure
M-008,2024-01-02 22:15:00,88.448,102.915,11.156,1720.342,212.989,100.144,5.899,100.0,79.0,1,46.25,0.82,1,3.0,0,Immediate Repair,Bearing Failure
M-008,2024-01-02 22:30:00,86.33,104.097,10.604,1795.115,214.679,86.727,14.709,100.0,78.0,1,46.5,0.82,1,3.0,0,Immediate Repair,Bearing Failure
M-008,2024-01-02 22:45:00,95.348,104.029,8.967,1981.854,213.962,104.545,21.529,100.0,77.0,1,46.75,0.82,1,3.0,0,Immediate Repair,Bearing Failure
M-008,2024-01-02 23:00:00,90.067,101.256,11.663,1928.038,217.789,96.818,13.138,100.0,76.0,1,47.0,0.82,1,3.0,0,Immediate Repair,Bearing Failure
M-008,2024-01-02 23:15:00,86.249,98.07,9.694,2028.085,214.097,91.755,9.419,100.0,75.0,1,47.25,0.82,1,3.0,0,Immediate Repair,Bearing Failure
M-008,2024-01-02 23:30:00,85.095,104.171,11.553,1907.339,215.221,87.751,3.909,90.039,74.0,1,47.5,0.82,1,3.0,0,Immediate Repair,Bearing Failure
M-008,2024-01-02 23:45:00,100.891,107.07,13.581,1777.763,214.107,85.114,4.777,98.548,73.0,1,47.75,0.82,1,3.0,0,Immediate Repair,Bearing Failure
M-008,2024-01-03 00:00:00,94.634,105.047,10.361,1824.154,216.201,86.915,13.117,100.0,72.0,1,48.0,0.82,1,3.0,0,Immediate Repair,Bearing Failure
M-008,2024-01-03 00:15:00,91.443,103.19,10.819,1798.665,210.428,80.072,11.942,100.0,71.0,1,48.25,0.82,1,3.0,0,Immediate Repair,Bearing Failure
M-008,2024-01-03 00:30:00,84.912,103.161,12.848,1646.852,212.892,102.615,15.934,82.418,70.0,1,48.5,0.82,1,3.0,0,Immediate Repair,Bearing Failure
M-008,2024-01-03 00:45:00,93.624,100.026,12.732,1786.555,213.42,87.419,12.634,94.311,69.0,1,48.75,0.82,1,3.0,0,Immediate Repair,Bearing Failure
M-008,2024-01-03 01:00:00,90.656,98.683,12.466,1892.124,208.604,98.222,11.552,100.0,68.0,1,49.0,0.82,1,3.0,0,Immediate Repair,Bearing Failure
M-008,2024-01-03 01:15:00,95.17,103.148,13.426,1837.24,216.431,92.222,15.651,100.0,67.0,1,49.25,0.82,1,3.0,0,Immediate Repair,Bearing Failure
M-008,2024-01-03 01:30:00,97.639,104.295,11.189,1796.445,213.053,86.131,6.289,75.22,66.0,1,49.5,0.82,1,3.0,0,Immediate Repair,Bearing Failure
M-008,2024-01-03 01:45:00,87.044,108.067,10.905,2102.391,214.286,91.193,3.597,95.372,65.0,1,49.75,0.82,1,3.0,0,Immediate Repair,Bearing Failure
M-009,2024-01-01 00:00:00,107.921,115.994,11.497,1210.271,220.584,86.01,60.161,100.0,101.0,1,0.0,0.82,1,3.0,0,Immediate Repair,Bearing Failure
M-009,2024-01-01 00:15:00,104.848,121.147,12.024,1351.29,219.749,78.66,65.348,100.0,100.0,1,0.25,0.82,1,3.0,0,Immediate Repair,Bearing Failure
M-009,2024-01-01 00:30:00,107.88,118.117,8.792,1324.564,220.123,80.726,62.687,100.0,99.0,1,0.5,0.82,1,3.0,0,Immediate Repair,Bearing Failure
M-009,2024-01-01 00:45:00,101.748,121.566,9.564,1430.286,222.98,78.082,59.846,100.0,98.0,1,0.75,0.82,1,3.0,0,Immediate Repair,Bearing Failure
M-009,2024-01-01 01:00:00,108.405,118.895,8.572,1439.76,213.827,80.43,72.331,100.0,97.0,1,1.0,0.82,1,3.0,0,Immediate Repair,Bearing Failure
M-009,2024-01-01 01:15:00,106.637,114.767,5.5,1255.056,224.228,79.141,62.535,91.889,96.0,1,1.25,0.82,1,3.0,0,Immediate Repair,Overheating
M-009,2024-01-01 01:30:00,103.987,120.235,10.283,1230.368,219.289,83.105,58.139,96.304,95.0,1,1.5,0.82,1,3.0,0,Immediate Repair,Bearing Failure
M-009,2024-01-01 01:45:00,110.427,118.298,10.263,1500.588,216.646,83.804,63.697,100.0,94.0,1,1.75,0.82,1,3.0,0,Immediate Repair,Bearing Failure
M-009,2024-01-01 02:00:00,110.767,114.501,5.5,1544.373,222.421,73.099,68.137,100.0,93.0,1,2.0,0.82,1,3.0,0,Immediate Repair,Overheating
M-009,2024-01-01 02:15:00,110.483,114.067,10.216,1318.25,218.265,91.501,64.215,100.0,92.0,1,2.25,0.82,1,3.0,0,Immediate Repair,Bearing Failure
M-009,2024-01-01 02:30:00,115.47,114.247,8.824,1460.056,217.056,85.217,60.742,100.0,91.0,1,2.5,0.82,1,3.0,0,Immediate Repair,Bearing Failure
M-009,2024-01-01 02:45:00,115.421,117.359,7.244,1419.957,218.272,83.501,51.372,100.0,90.0,1,2.75,0.82,1,3.0,0,Immediate Repair,Overheating
M-009,2024-01-01 03:00:00,118.52,117.077,9.014,1332.148,218.675,85.25,63.188,100.0,89.0,1,3.0,0.82,1,3.0,0,Immediate Repair,Bearing Failure
M-009,2024-01-01 03:15:00,113.547,115.989,7.58,1406.571,222.582,81.329,62.32,100.0,88.0,1,3.25,0.82,1,3.0,0,Immediate Repair,Overheating
M-009,2024-01-01 03:30:00,120.861,116.079,11.141,1532.917,225.427,79.761,63.976,100.0,87.0,1,3.5,0.82,1,3.0,0,Immediate Repair,Bearing Failure
M-009,2024-01-01 03:45:00,117.494,117.843,9.729,1571.797,220.606,90.317,71.295,100.0,86.0,1,3.75,0.82,1,3.0,0,Immediate Repair,Bearing Failure
M-009,2024-01-01 04:00:00,116.346,117.417,8.317,1498.45,223.319,74.902,68.028,100.0,85.0,1,4.0,0.82,1,3.0,0,Immediate Repair,Bearing Failure
M-009,2024-01-01 04:15:00,114.589,115.198,8.561,1492.38,222.739,78.558,68.568,100.0,84.0,1,4.25,0.82,1,3.0,0,Immediate Repair,Bearing Failure
M-009,2024-01-01 04:30:00,125.934,114.543,7.959,1371.941,226.103,81.525,56.957,100.0,83.0,1,4.5,0.82,1,3.0,0,Immediate Repair,Overheating
M-009,2024-01-01 04:45:00,115.593,116.615,10.924,1530.336,229.968,72.406,60.209,100.0,82.0,1,4.75,0.82,1,3.0,0,Immediate Repair,Bearing Failure
M-009,2024-01-01 05:00:00,126.762,119.824,11.433,1409.182,220.868,78.769,60.393,100.0,81.0,1,5.0,0.8428,1,0.718,0,Immediate Repair,Bearing Failure
M-009,2024-01-01 05:15:00,117.195,113.863,10.728,1311.657,223.178,76.981,63.302,100.0,80.0,1,5.25,0.82,1,3.0,0,Immediate Repair,Bearing Failure
M-009,2024-01-01 05:30:00,116.059,114.634,9.969,1491.423,224.25,78.669,69.132,100.0,79.0,1,5.5,0.82,1,3.0,0,Immediate Repair,Bearing Failure
M-009,2024-01-01 05:45:00,117.106,111.327,9.336,1748.506,223.066,76.828,70.528,100.0,78.0,1,5.75,0.82,1,3.0,0,Immediate Repair,Bearing Failure
M-009,2024-01-01 06:00:00,120.594,111.641,11.482,1459.063,227.567,77.584,63.229,100.0,77.0,1,6.0,0.82,1,3.0,0,Immediate Repair,Bearing Failure
M-009,2024-01-01 06:15:00,120.538,120.014,9.327,1566.412,229.205,74.421,55.131,100.0,76.0,1,6.25,0.82,1,3.0,0,Immediate Repair,Bearing Failure
M-009,2024-01-01 06:30:00,123.512,108.106,10.555,1604.065,229.649,92.427,67.111,100.0,75.0,1,6.5,0.8504,1,0.0,0,Immediate Repair,Bearing Failure
M-009,2024-01-01 06:45:00,122.795,111.287,8.132,1477.5,223.6,86.424,52.084,100.0,74.0,1,6.75,0.82,1,3.0,0,Immediate Repair,Bearing Failure
M-009,2024-01-01 07:00:00,121.121,114.038,12.027,1572.73,221.106,72.562,68.984,100.0,73.0,1,7.0,0.82,1,3.0,0,Immediate Repair,Bearing Failure
M-009,2024-01-01 07:15:00,124.828,116.312,7.602,1621.203,227.826,92.512,52.25,100.0,72.0,1,7.25,0.82,1,3.0,0,Immediate Repair,Overheating
M-009,2024-01-01 07:30:00,116.579,113.412,10.358,1234.923,223.158,91.074,65.681,100.0,71.0,1,7.5,0.82,1,3.0,0,Immediate Repair,Bearing Failure
M-009,2024-01-01 07:45:00,120.565,108.385,9.77,1568.499,226.018,90.434,65.272,100.0,70.0,1,7.75,0.82,1,3.0,0,Immediate Repair,Bearing Failure
M-009,2024-01-01 08:00:00,120.836,106.948,10.477,1580.629,225.773,76.798,75.464,100.0,69.0,1,8.0,0.82,1,3.0,0,Immediate Repair,Bearing Failure
M-009,2024-01-01 08:15:00,121.479,108.191,11.332,1436.101,231.176,81.446,75.004,100.0,68.0,1,8.25,0.82,1,3.0,0,Immediate Repair,Bearing Failure
M-009,2024-01-01 08:30:00,129.234,108.51,9.865,1667.362,226.487,93.534,61.717,100.0,67.0,1,8.5,0.8819,1,0.0,0,Immediate Repair,Bearing Failure
M-009,2024-01-01 08:45:00,128.169,108.317,10.656,1546.597,225.226,86.511,59.871,100.0,66.0,1,8.75,0.8627,1,0.0,0,Immediate Repair,Bearing Failure
M-009,2024-01-01 09:00:00,124.004,109.843,12.071,1695.816,225.585,80.667,59.615,100.0,65.0,1,9.0,0.8456,1,0.437,0,Immediate Repair,Bearing Failure
M-009,2024-01-01 09:15:00,119.618,110.213,10.389,1538.608,221.814,80.605,61.238,100.0,64.0,1,9.25,0.82,1,3.0,0,Immediate Repair,Bearing Failure
M-009,2024-01-01 09:30:00,129.184,109.567,9.166,1589.764,226.929,83.777,69.885,100.0,63.0,1,9.5,0.82,1,3.0,0,Immediate Repair,Bearing Failure
M-009,2024-01-01 09:45:00,128.759,109.293,9.847,1494.345,221.345,74.612,59.852,100.0,62.0,1,9.75,0.82,1,3.0,0,Immediate Repair,Bearing Failure
M-009,2024-01-01 10:00:00,120.411,104.404,8.656,1531.52,224.094,85.467,70.579,100.0,61.0,1,10.0,0.82,1,3.0,0,Immediate Repair,Bearing Failure
M-009,2024-01-01 10:15:00,132.445,103.908,8.746,1661.325,223.87,92.484,65.579,100.0,60.0,1,10.25,0.8632,1,0.0,0,Immediate Repair,Bearing Failure
M-009,2024-01-01 10:30:00,128.743,111.704,9.382,1565.234,224.416,76.008,73.119,100.0,59.0,1,10.5,0.82,1,3.0,0,Immediate Repair,Bearing Failure
M-009,2024-01-01 10:45:00,123.324,112.178,9.092,1355.391,228.452,77.689,63.065,100.0,58.0,1,10.75,0.82,1,3.0,0,Immediate Repair,Bearing Failure
M-009,2024-01-01 11:00:00,126.361,110.558,10.802,1640.609,223.155,88.789,55.157,100.0,57.0,1,11.0,0.8647,1,0.0,0,Immediate Repair,Bearing Failure
M-009,2024-01-01 11:15:00,119.306,106.729,8.158,1485.276,225.664,83.118,71.005,100.0,56.0,1,11.25,0.82,1,3.0,0,Immediate Repair,Bearing Failure
M-009,2024-01-01 11:30:00,123.144,107.13,11.727,1679.857,222.303,82.144,66.937,100.0,55.0,1,11.5,0.8334,1,1.656,0,Immediate Repair,Bearing Failure
M-009,2024-01-01 11:45:00,120.856,109.548,8.787,1724.773,227.401,79.075,60.862,100.0,54.0,1,11.75,0.82,1,3.0,0,Immediate Repair,Bearing Failure
M-009,2024-01-01 12:00:00,125.741,106.467,8.445,1398.153,227.552,89.093,64.616,100.0,53.0,1,12.0,0.82,1,3.0,0,Immediate Repair,Bearing Failure
M-009,2024-01-01 12:15:00,122.653,107.417,13.618,1703.196,225.13,83.515,46.766,100.0,52.0,1,12.25,0.9067,1,0.0,0,Immediate Repair,Bearing Failure
M-009,2024-01-01 12:30:00,128.284,105.029,8.075,1420.038,227.418,86.644,68.023,100.0,51.0,1,12.5,0.82,1,3.0,0,Immediate Repair,Bearing Failure
M-009,2024-01-01 12:45:00,128.996,107.574,11.254,1303.974,222.47,84.808,70.295,100.0,50.0,1,12.75,0.8828,1,0.0,0,Immediate Repair,Bearing Failure
M-009,2024-01-01 13:00:00,124.445,104.446,7.372,1654.079,224.61,108.157,59.324,100.0,49.0,1,13.0,0.8282,1,2.176,0,Immediate Repair,Overheating
M-009,2024-01-01 13:15:00,128.051,103.021,10.449,1638.389,225.67,93.405,68.599,100.0,48.0,1,13.25,0.8923,1,0.0,0,Immediate Repair,Bearing Failure
M-009,2024-01-01 13:30:00,124.93,102.416,10.032,1561.988,220.801,88.814,63.064,100.0,47.0,1,13.5,0.8236,1,2.642,0,Immediate Repair,Bearing Failure
M-009,2024-01-01 13:45:00,123.584,104.852,12.856,1561.981,229.62,86.894,52.342,100.0,46.0,1,13.75,0.9056,1,0.0,0,Immediate Repair,Bearing Failure
M-009,2024-01-01 14:00:00,122.186,104.639,8.695,1538.686,229.788,94.338,73.042,100.0,45.0,1,14.0,0.82,1,3.0,0,Immediate Repair,Bearing Failure
M-009,2024-01-01 14:15:00,116.52,101.934,7.653,1599.861,224.593,84.475,62.164,100.0,44.0,1,14.25,0.82,1,3.0,0,Immediate Repair,Overheating
M-009,2024-01-01 14:30:00,118.631,101.62,10.201,1661.651,226.673,82.447,50.513,100.0,43.0,1,14.5,0.82,1,3.0,0,Immediate Repair,Bearing Failure
M-009,2024-01-01 14:45:00,121.479,101.848,7.813,1338.588,223.942,86.407,56.088,100.0,42.0,1,14.75,0.82,1,3.0,0,Immediate Repair,Overheating
M-009,2024-01-01 15:00:00,123.271,111.863,7.843,1523.854,227.422,80.955,63.848,100.0,41.0,1,15.0,0.82,1,3.0,0,Immediate Repair,Overheating
M-009,2024-01-01 15:15:00,124.459,109.27,7.195,1396.332,231.399,94.643,66.456,100.0,40.0,1,15.25,0.82,1,3.0,0,Immediate Repair,Overheating
M-009,2024-01-01 15:30:00,116.207,107.435,11.749,1411.018,234.933,89.723,49.992,100.0,39.0,1,15.5,0.82,1,3.0,0,Immediate Repair,Bearing Failure
M-009,2024-01-01 15:45:00,120.778,108.488,11.041,1410.723,231.622,95.015,58.115,100.0,38.0,1,15.75,0.8585,1,0.0,0,Immediate Repair,Bearing Failure
M-009,2024-01-01 16:00:00,125.492,103.858,9.821,1479.053,223.986,72.9,64.452,92.615,37.0,1,16.0,0.82,1,3.0,0,Immediate Repair,Bearing Failure
M-009,2024-01-01 16:15:00,119.203,99.607,7.996,1517.755,226.583,86.81,55.055,100.0,36.0,1,16.25,0.82,1,3.0,0,Immediate Repair,Overheating
M-009,2024-01-01 16:30:00,124.417,104.75,11.471,1574.135,226.558,75.743,58.343,100.0,35.0,1,16.5,0.8234,1,2.663,0,Immediate Repair,Bearing Failure
M-009,2024-01-01 16:45:00,119.525,101.74,10.432,1741.491,225.913,88.779,54.943,100.0,34.0,1,16.75,0.82,1,3.0,0,Immediate Repair,Bearing Failure
M-009,2024-01-01 17:00:00,125.834,107.332,12.253,1389.916,226.532,100.858,66.543,85.609,33.0,1,17.0,0.8742,1,0.0,0,Immediate Repair,Bearing Failure
M-009,2024-01-01 17:15:00,123.844,103.195,11.622,1481.348,222.277,90.861,63.941,100.0,32.0,1,17.25,0.8842,1,0.0,0,Immediate Repair,Bearing Failure
M-009,2024-01-01 17:30:00,124.002,109.465,10.959,1426.118,231.0,104.768,68.098,100.0,31.0,1,17.5,0.9383,1,0.0,0,Immediate Repair,Bearing Failure
M-009,2024-01-01 17:45:00,123.09,105.796,10.42,1674.05,225.365,97.243,61.782,89.497,30.0,1,17.75,0.82,1,3.0,0,Immediate Repair,Bearing Failure
M-009,2024-01-01 18:00:00,120.253,103.452,11.218,1415.91,224.601,99.546,69.008,100.0,29.0,1,18.0,0.8856,1,0.0,0,Immediate Repair,Bearing Failure
M-009,2024-01-01 18:15:00,121.587,105.061,11.409,1326.263,228.11,88.109,53.629,100.0,28.0,1,18.25,0.841,1,0.902,0,Immediate Repair,Bearing Failure
M-009,2024-01-01 18:30:00,118.495,104.531,10.948,1538.765,225.224,87.073,57.733,92.601,27.0,1,18.5,0.82,1,3.0,0,Immediate Repair,Bearing Failure
M-009,2024-01-01 18:45:00,117.487,104.771,11.274,1414.926,224.649,98.578,67.918,90.792,26.0,1,18.75,0.82,1,3.0,0,Immediate Repair,Bearing Failure
M-009,2024-01-01 19:00:00,124.356,106.455,10.25,1409.778,227.789,93.424,63.302,95.352,25.0,1,19.0,0.82,1,3.0,0,Immediate Repair,Bearing Failure
M-009,2024-01-01 19:15:00,110.938,107.182,9.961,1450.438,229.357,87.265,68.243,99.721,24.0,1,19.25,0.82,1,3.0,0,Immediate Repair,Bearing Failure
M-009,2024-01-01 19:30:00,119.266,105.325,12.856,1261.723,226.987,81.128,66.392,90.823,23.0,1,19.5,0.82,1,3.0,0,Immediate Repair,Bearing Failure
M-009,2024-01-01 19:45:00,116.29,104.338,10.602,1187.424,221.267,93.083,49.276,100.0,22.0,1,19.75,0.82,1,3.0,0,Immediate Repair,Bearing Failure
M-009,2024-01-01 20:00:00,123.952,105.557,12.348,1324.789,232.835,86.775,47.694,93.877,21.0,1,20.0,0.844,1,0.598,0,Immediate Repair,Bearing Failure
M-009,2024-01-01 20:15:00,124.087,107.826,9.823,1357.353,230.988,89.46,77.566,88.566,20.0,1,20.25,0.82,1,3.0,0,Immediate Repair,Bearing Failure
M-009,2024-01-01 20:30:00,120.792,108.689,9.579,1257.152,231.165,91.162,63.761,76.478,19.0,1,20.5,0.82,1,3.0,0,Immediate Repair,Bearing Failure
M-009,2024-01-01 20:45:00,118.924,107.457,10.485,1341.622,226.917,86.096,60.206,87.331,18.0,1,20.75,0.82,1,3.0,0,Immediate Repair,Bearing Failure
M-009,2024-01-01 21:00:00,124.531,109.532,9.233,1532.947,226.878,90.535,66.966,71.447,17.0,1,21.0,0.82,1,3.0,0,Immediate Repair,Bearing Failure
M-009,2024-01-01 21:15:00,114.361,105.287,10.891,1323.333,227.976,89.553,67.896,93.376,16.0,1,21.25,0.82,1,3.0,0,Immediate Repair,Bearing Failure
M-009,2024-01-01 21:30:00,114.967,107.67,13.189,1290.059,226.692,77.146,52.825,84.947,15.0,1,21.5,0.82,1,3.0,0,Immediate Repair,Bearing Failure
M-009,2024-01-01 21:45:00,113.853,105.787,11.126,1191.619,225.519,94.887,69.568,77.846,14.0,1,21.75,0.82,1,3.0,0,Immediate Repair,Bearing Failure
M-009,2024-01-01 22:00:00,114.739,101.973,8.585,1179.794,231.691,85.238,56.378,88.624,13.0,1,22.0,0.82,1,3.0,0,Immediate Repair,Bearing Failure
M-009,2024-01-01 22:15:00,113.383,105.575,13.445,1209.327,228.65,87.966,63.837,100.0,12.0,1,22.25,0.8427,1,0.734,0,Immediate Repair,Bearing Failure
M-009,2024-01-01 22:30:00,119.354,105.893,12.22,1297.991,231.253,90.226,59.998,96.453,11.0,1,22.5,0.8367,1,1.334,0,Immediate Repair,Bearing Failure
M-009,2024-01-01 22:45:00,115.978,113.132,10.972,1210.205,220.969,79.68,58.677,75.575,10.0,1,22.75,0.82,1,3.0,0,Immediate Repair,Bearing Failure
M-009,2024-01-01 23:00:00,114.87,104.765,10.007,1158.759,231.979,86.791,63.679,88.084,9.0,1,23.0,0.82,1,3.0,0,Immediate Repair,Bearing Failure
M-009,2024-01-01 23:15:00,114.677,111.511,10.677,1001.989,227.685,90.999,62.603,78.343,8.0,1,23.25,0.82,1,3.0,0,Immediate Repair,Bearing Failure
M-009,2024-01-01 23:30:00,115.074,109.27,9.45,1142.088,234.178,95.88,67.099,74.948,7.0,1,23.5,0.82,1,3.0,0,Immediate Repair,Bearing Failure
M-009,2024-01-01 23:45:00,107.198,107.459,11.012,1167.927,226.935,88.77,55.966,83.263,6.0,1,23.75,0.82,1,3.0,0,Immediate Repair,Bearing Failure
M-009,2024-01-02 00:00:00,113.846,105.24,11.254,1346.365,227.863,87.707,66.197,74.972,5.0,1,24.0,0.82,1,3.0,0,Immediate Repair,Bearing Failure
M-009,2024-01-02 00:15:00,108.741,106.939,8.166,1154.688,224.629,91.417,67.264,100.0,4.0,1,24.25,0.82,1,3.0,0,Immediate Repair,Bearing Failure
M-009,2024-01-02 00:30:00,108.642,113.396,11.358,1119.364,222.65,102.974,54.2,98.31,3.0,1,24.5,0.82,1,3.0,0,Immediate Repair,Bearing Failure
M-009,2024-01-02 00:45:00,109.85,107.693,11.251,1413.949,233.034,88.09,56.145,85.401,2.0,1,24.75,0.82,1,3.0,0,Immediate Repair,Bearing Failure
M-009,2024-01-02 01:00:00,106.475,114.503,11.865,947.854,229.804,90.515,60.561,86.86,1.0,1,25.0,0.82,1,3.0,0,Immediate Repair,Bearing Failure
M-009,2024-01-02 01:15:00,111.367,114.119,9.794,1137.086,227.082,80.086,59.603,100.0,101.0,1,25.25,0.82,1,3.0,0,Immediate Repair,Bearing Failure
M-009,2024-01-02 01:30:00,99.159,111.396,10.78,1172.127,225.536,81.973,51.909,97.791,100.0,1,25.5,0.82,1,3.0,0,Immediate Repair,Bearing Failure
M-009,2024-01-02 01:45:00,101.513,110.25,13.821,1043.26,229.447,99.486,66.197,71.305,99.0,1,25.75,0.82,1,3.0,0,Immediate Repair,Bearing Failure
M-009,2024-01-02 02:00:00,102.028,112.935,13.59,1034.064,226.932,95.066,63.742,91.616,98.0,1,26.0,0.82,1,3.0,0,Immediate Repair,Bearing Failure
M-009,2024-01-02 02:15:00,100.936,110.708,11.206,1271.31,227.688,92.063,53.79,100.0,97.0,1,26.25,0.82,1,3.0,0,Immediate Repair,Bearing Failure
M-009,2024-01-02 02:30:00,104.382,115.811,10.961,1124.772,223.892,77.254,67.379,86.144,96.0,1,26.5,0.82,1,3.0,0,Immediate Repair,Bearing Failure
M-009,2024-01-02 02:45:00,104.037,109.1,9.67,1237.052,233.6,88.05,63.818,87.619,95.0,1,26.75,0.82,1,3.0,0,Immediate Repair,Bearing Failure
M-009,2024-01-02 03:00:00,102.179,118.668,10.315,1253.834,229.51,92.371,67.943,89.028,94.0,1,27.0,0.82,1,3.0,0,Immediate Repair,Bearing Failure
M-009,2024-01-02 03:15:00,101.73,117.511,12.713,1244.9,216.685,95.66,60.906,86.237,93.0,1,27.25,0.82,1,3.0,0,Immediate Repair,Bearing Failure
M-009,2024-01-02 03:30:00,104.014,114.409,11.928,1064.574,232.824,98.122,62.811,92.033,92.0,1,27.5,0.82,1,3.0,0,Immediate Repair,Bearing Failure
M-009,2024-01-02 03:45:00,105.669,116.941,10.836,1211.989,228.831,106.177,66.065,81.399,91.0,1,27.75,0.82,1,3.0,0,Immediate Repair,Bearing Failure
M-009,2024-01-02 04:00:00,109.834,107.812,11.901,1006.386,233.933,94.619,54.638,85.598,90.0,1,28.0,0.82,1,3.0,0,Immediate Repair,Bearing Failure
M-009,2024-01-02 04:15:00,97.133,113.436,10.564,996.947,229.072,95.677,53.346,72.335,89.0,1,28.25,0.82,1,3.0,0,Immediate Repair,Bearing Failure
M-009,2024-01-02 04:30:00,100.717,116.177,12.061,1150.748,232.954,100.008,75.326,100.0,88.0,1,28.5,0.82,1,3.0,0,Immediate Repair,Bearing Failure
M-009,2024-01-02 04:45:00,91.933,108.209,11.044,1143.011,227.98,98.044,57.549,83.421,87.0,1,28.75,0.82,1,3.0,0,Immediate Repair,Bearing Failure
M-009,2024-01-02 05:00:00,96.294,114.41,12.25,1022.369,227.31,97.2,57.902,100.0,86.0,1,29.0,0.82,1,3.0,0,Immediate Repair,Bearing Failure
M-009,2024-01-02 05:15:00,94.297,111.803,11.511,1127.947,225.55,102.704,70.568,85.695,85.0,1,29.25,0.82,1,3.0,0,Immediate Repair,Bearing Failure
M-009,2024-01-02 05:30:00,103.442,108.258,12.606,975.539,231.039,86.66,58.532,84.737,84.0,1,29.5,0.82,1,3.0,0,Immediate Repair,Bearing Failure
M-009,2024-01-02 05:45:00,96.164,121.076,10.963,1331.129,226.917,103.921,49.114,90.875,83.0,1,29.75,0.82,1,3.0,0,Immediate Repair,Bearing Failure
M-009,2024-01-02 06:00:00,94.413,120.371,11.388,827.13,224.106,86.48,64.397,100.0,82.0,1,30.0,0.82,1,3.0,0,Immediate Repair,Bearing Failure
M-009,2024-01-02 06:15:00,94.904,114.273,12.147,942.35,229.37,96.267,57.071,99.622,81.0,1,30.25,0.82,1,3.0,0,Immediate Repair,Bearing Failure
M-009,2024-01-02 06:30:00,96.072,117.56,9.291,1152.211,231.035,95.996,62.251,95.546,80.0,1,30.5,0.82,1,3.0,0,Immediate Repair,Bearing Failure
M-009,2024-01-02 06:45:00,98.799,116.402,9.567,1177.859,223.009,95.818,56.265,93.191,79.0,1,30.75,0.82,1,3.0,0,Immediate Repair,Bearing Failure
M-009,2024-01-02 07:00:00,95.504,114.205,11.906,1087.593,226.015,103.296,59.726,100.0,78.0,1,31.0,0.82,1,3.0,0,Immediate Repair,Bearing Failure
M-009,2024-01-02 07:15:00,100.076,120.647,12.016,1046.184,223.53,95.466,64.992,100.0,77.0,1,31.25,0.82,1,3.0,0,Immediate Repair,Bearing Failure
M-009,2024-01-02 07:30:00,80.238,119.159,12.523,1048.461,230.735,98.505,54.239,100.0,76.0,1,31.5,0.82,1,3.0,0,Immediate Repair,Bearing Failure
M-009,2024-01-02 07:45:00,88.566,116.466,11.014,988.033,228.631,103.371,65.767,100.0,75.0,1,31.75,0.82,1,3.0,0,Immediate Repair,Bearing Failure
M-009,2024-01-02 08:00:00,86.485,112.707,11.482,1085.827,226.173,107.626,58.844,100.0,74.0,1,32.0,0.82,1,3.0,0,Immediate Repair,Bearing Failure
M-009,2024-01-02 08:15:00,96.866,116.944,14.892,980.307,225.794,87.779,67.514,100.0,73.0,1,32.25,0.82,1,3.0,0,Immediate Repair,Bearing Failure
M-009,2024-01-02 08:30:00,90.399,114.238,13.218,1140.132,231.788,94.048,61.137,100.0,72.0,1,32.5,0.82,1,3.0,0,Immediate Repair,Bearing Failure
M-009,2024-01-02 08:45:00,89.754,116.435,9.636,1159.957,229.782,101.49,61.997,100.0,71.0,1,32.75,0.82,1,3.0,0,Immediate Repair,Bearing Failure
M-009,2024-01-02 09:00:00,98.147,119.569,13.253,1279.103,227.062,97.364,62.576,96.31,70.0,1,33.0,0.82,1,3.0,0,Immediate Repair,Bearing Failure
M-009,2024-01-02 09:15:00,87.136,113.005,11.173,1069.578,223.07,95.784,57.287,100.0,69.0,1,33.25,0.82,1,3.0,0,Immediate Repair,Bearing Failure
M-009,2024-01-02 09:30:00,99.416,118.27,10.364,1192.147,227.342,93.148,52.623,100.0,68.0,1,33.5,0.82,1,3.0,0,Immediate Repair,Bearing Failure
M-009,2024-01-02 09:45:00,90.388,119.297,12.07,1338.901,229.272,97.889,55.888,100.0,67.0,1,33.75,0.82,1,3.0,0,Immediate Repair,Bearing Failure
M-009,2024-01-02 10:00:00,88.571,114.757,7.784,1004.41,231.99,97.589,55.4,100.0,66.0,1,34.0,0.82,1,3.0,0,Immediate Repair,Motor Failure
M-009,2024-01-02 10:15:00,82.804,117.66,13.173,1116.837,221.799,92.201,65.268,100.0,65.0,1,34.25,0.82,1,3.0,0,Immediate Repair,Bearing Failure
M-009,2024-01-02 10:30:00,84.728,123.862,9.644,1108.447,223.933,87.937,54.815,100.0,64.0,1,34.5,0.82,1,3.0,0,Immediate Repair,Bearing Failure
M-009,2024-01-02 10:45:00,95.364,115.532,10.0,1201.556,228.497,96.962,59.117,100.0,63.0,1,34.75,0.82,1,3.0,0,Immediate Repair,Bearing Failure
M-009,2024-01-02 11:00:00,90.411,116.065,12.927,1418.338,227.439,95.323,58.934,100.0,62.0,1,35.0,0.82,1,3.0,0,Immediate Repair,Bearing Failure
M-009,2024-01-02 11:15:00,110.912,117.84,14.855,1266.248,226.883,108.669,59.445,115.0,61.0,1,35.25,1.0,1,0.0,0,Immediate Repair,Bearing Failure
M-009,2024-01-02 11:30:00,111.545,118.905,15.306,1108.687,226.755,118.092,60.176,115.0,60.0,1,35.5,1.0,1,0.0,0,Immediate Repair,Bearing Failure
M-009,2024-01-02 11:45:00,107.208,119.282,14.53,1470.455,228.961,107.747,58.323,115.0,59.0,1,35.75,1.0,1,0.0,0,Immediate Repair,Bearing Failure
M-009,2024-01-02 12:00:00,106.059,111.676,14.034,1245.805,221.329,105.583,60.372,115.0,58.0,1,36.0,1.0,1,0.0,0,Immediate Repair,Bearing Failure
M-009,2024-01-02 12:15:00,104.576,114.535,13.445,1246.942,224.092,112.069,59.171,115.0,57.0,1,36.25,1.0,1,0.0,0,Immediate Repair,Bearing Failure
M-009,2024-01-02 12:30:00,104.461,109.898,16.033,1206.554,224.877,108.647,57.108,115.0,56.0,1,36.5,1.0,1,0.0,0,Immediate Repair,Bearing Failure
M-009,2024-01-02 12:45:00,107.608,120.616,16.521,1192.67,228.56,116.34,57.244,115.0,55.0,1,36.75,1.0,1,0.0,0,Immediate Repair,Bearing Failure
M-009,2024-01-02 13:00:00,103.581,115.596,17.215,1251.281,225.153,104.146,43.293,115.0,54.0,1,37.0,1.0,1,0.0,0,Immediate Repair,Bearing Failure
M-009,2024-01-02 13:15:00,108.38,113.589,16.053,1109.314,225.18,109.592,48.379,115.0,53.0,1,37.25,1.0,1,0.0,0,Immediate Repair,Bearing Failure
M-009,2024-01-02 13:30:00,100.747,118.21,14.197,1296.216,228.955,116.385,55.011,115.0,52.0,1,37.5,1.0,1,0.0,0,Immediate Repair,Bearing Failure
M-009,2024-01-02 13:45:00,105.48,118.553,18.221,1415.148,219.541,113.3,56.772,115.0,51.0,1,37.75,1.0,1,0.0,0,Immediate Repair,Bearing Failure
M-009,2024-01-02 14:00:00,100.264,109.498,17.439,1183.351,221.443,108.723,59.036,115.0,50.0,1,38.0,1.0,1,0.0,0,Immediate Repair,Bearing Failure
M-009,2024-01-02 14:15:00,108.184,111.57,13.182,1430.765,227.007,114.203,53.512,115.0,49.0,1,38.25,1.0,1,0.0,0,Immediate Repair,Bearing Failure
M-009,2024-01-02 14:30:00,109.646,117.716,14.822,1275.418,226.925,112.778,56.014,115.0,48.0,1,38.5,1.0,1,0.0,0,Immediate Repair,Bearing Failure
M-009,2024-01-02 14:45:00,108.955,110.074,16.455,1316.213,225.014,119.866,54.346,115.0,47.0,1,38.75,1.0,1,0.0,0,Immediate Repair,Bearing Failure
M-009,2024-01-02 15:00:00,109.631,115.555,14.959,1217.425,224.979,112.945,65.636,115.0,46.0,1,39.0,1.0,1,0.0,0,Immediate Repair,Bearing Failure
M-009,2024-01-02 15:15:00,107.629,110.745,16.719,1224.923,223.472,122.307,58.76,115.0,45.0,1,39.25,1.0,1,0.0,0,Immediate Repair,Bearing Failure
M-009,2024-01-02 15:30:00,107.072,113.663,15.224,1327.329,219.903,97.172,50.534,115.0,44.0,1,39.5,1.0,1,0.0,0,Immediate Repair,Bearing Failure
M-009,2024-01-02 15:45:00,94.952,110.494,13.022,1288.77,231.105,115.559,55.694,115.0,43.0,1,39.75,0.9276,1,0.0,0,Immediate Repair,Bearing Failure
M-009,2024-01-02 16:00:00,108.104,112.113,17.026,1384.326,225.997,116.197,54.216,115.0,42.0,1,40.0,1.0,1,0.0,0,Immediate Repair,Bearing Failure
M-009,2024-01-02 16:15:00,106.856,116.18,14.278,1509.569,226.445,110.479,59.301,115.0,41.0,1,40.25,1.0,1,0.0,0,Immediate Repair,Bearing Failure
M-009,2024-01-02 16:30:00,108.535,110.752,15.573,1460.286,226.481,109.471,49.794,115.0,40.0,1,40.5,1.0,1,0.0,0,Immediate Repair,Bearing Failure
M-009,2024-01-02 16:45:00,109.991,109.912,18.002,1454.703,222.944,112.383,54.792,115.0,39.0,1,40.75,1.0,1,0.0,0,Immediate Repair,Bearing Failure
M-009,2024-01-02 17:00:00,113.875,114.609,15.838,1448.157,227.184,117.937,58.532,115.0,38.0,1,41.0,1.0,1,0.0,0,Immediate Repair,Bearing Failure
M-009,2024-01-02 17:15:00,111.05,109.038,14.855,1341.841,222.488,107.307,60.13,115.0,37.0,1,41.25,1.0,1,0.0,0,Immediate Repair,Bearing Failure
M-009,2024-01-02 17:30:00,104.006,110.369,15.561,1407.894,221.255,108.231,59.152,115.0,36.0,1,41.5,1.0,1,0.0,0,Immediate Repair,Bearing Failure
M-009,2024-01-02 17:45:00,108.713,109.831,15.661,1425.886,229.188,106.602,61.254,115.0,35.0,1,41.75,1.0,1,0.0,0,Immediate Repair,Bearing Failure
M-009,2024-01-02 18:00:00,115.514,104.398,19.26,1358.182,228.154,125.478,53.337,115.0,34.0,1,42.0,1.0,1,0.0,0,Immediate Repair,Bearing Failure
M-009,2024-01-02 18:15:00,106.901,112.607,15.271,1315.951,225.784,111.699,53.945,115.0,33.0,1,42.25,1.0,1,0.0,0,Immediate Repair,Bearing Failure
M-009,2024-01-02 18:30:00,108.005,108.49,18.028,1398.862,222.981,116.843,58.61,115.0,32.0,1,42.5,1.0,1,0.0,0,Immediate Repair,Bearing Failure
M-009,2024-01-02 18:45:00,112.624,110.454,13.39,1647.675,228.33,112.555,49.113,115.0,31.0,1,42.75,1.0,1,0.0,0,Immediate Repair,Bearing Failure
M-009,2024-01-02 19:00:00,105.565,113.504,15.253,1635.814,221.361,117.463,63.417,115.0,30.0,1,43.0,1.0,1,0.0,0,Immediate Repair,Bearing Failure
M-009,2024-01-02 19:15:00,112.724,112.417,15.146,1298.446,219.344,122.423,58.114,115.0,29.0,1,43.25,1.0,1,0.0,0,Immediate Repair,Bearing Failure
M-009,2024-01-02 19:30:00,110.92,104.579,12.645,1802.48,225.186,119.386,57.421,115.0,28.0,1,43.5,1.0,1,0.0,0,Immediate Repair,Bearing Failure
M-009,2024-01-02 19:45:00,109.23,113.837,16.876,1374.961,219.809,114.909,53.826,115.0,27.0,1,43.75,1.0,1,0.0,0,Immediate Repair,Bearing Failure
M-009,2024-01-02 20:00:00,112.063,104.78,15.887,1506.367,219.532,121.424,62.942,115.0,26.0,1,44.0,1.0,1,0.0,0,Immediate Repair,Bearing Failure
M-009,2024-01-02 20:15:00,110.046,106.509,13.662,1466.413,224.188,112.422,67.299,115.0,25.0,1,44.25,1.0,1,0.0,0,Immediate Repair,Bearing Failure
M-009,2024-01-02 20:30:00,106.493,102.532,14.621,1678.844,225.811,130.155,55.695,115.0,24.0,1,44.5,1.0,1,0.0,0,Immediate Repair,Bearing Failure
M-009,2024-01-02 20:45:00,109.115,108.658,15.739,1469.239,227.874,117.994,63.593,115.0,23.0,1,44.75,1.0,1,0.0,0,Immediate Repair,Bearing Failure
M-009,2024-01-02 21:00:00,125.31,106.257,17.019,1608.429,221.408,124.702,60.809,115.0,22.0,1,45.0,1.0,1,0.0,0,Immediate Repair,Bearing Failure
M-009,2024-01-02 21:15:00,112.215,107.288,15.882,1678.456,224.889,118.566,59.195,115.0,21.0,1,45.25,1.0,1,0.0,0,Immediate Repair,Bearing Failure
M-009,2024-01-02 21:30:00,113.031,107.799,17.621,1541.774,227.035,125.224,52.606,115.0,20.0,1,45.5,1.0,1,0.0,0,Immediate Repair,Bearing Failure
M-009,2024-01-02 21:45:00,117.608,105.382,18.218,1390.982,223.488,124.387,53.634,115.0,19.0,1,45.75,1.0,1,0.0,0,Immediate Repair,Bearing Failure
M-009,2024-01-02 22:00:00,116.162,108.966,15.389,1401.683,225.87,122.124,61.542,115.0,18.0,1,46.0,1.0,1,0.0,0,Immediate Repair,Bearing Failure
M-009,2024-01-02 22:15:00,125.685,109.686,15.09,1591.999,220.623,116.24,47.001,115.0,17.0,1,46.25,1.0,1,0.0,0,Immediate Repair,Bearing Failure
M-009,2024-01-02 22:30:00,119.654,105.964,14.58,1358.097,228.509,121.785,50.514,115.0,16.0,1,46.5,1.0,1,0.0,0,Immediate Repair,Bearing Failure
M-009,2024-01-02 22:45:00,126.746,107.856,12.232,1864.099,216.503,118.157,48.641,115.0,15.0,1,46.75,1.0,1,0.0,0,Immediate Repair,Bearing Failure
M-009,2024-01-02 23:00:00,119.649,99.624,16.023,1688.132,219.398,109.957,54.591,115.0,14.0,1,47.0,1.0,1,0.0,0,Immediate Repair,Bearing Failure
M-009,2024-01-02 23:15:00,116.659,102.127,16.891,1626.167,218.607,113.288,56.231,115.0,13.0,1,47.25,1.0,1,0.0,0,Immediate Repair,Bearing Failure
M-009,2024-01-02 23:30:00,120.29,109.962,16.095,1413.036,222.856,118.625,54.498,115.0,12.0,1,47.5,1.0,1,0.0,0,Immediate Repair,Bearing Failure
M-009,2024-01-02 23:45:00,122.88,105.542,16.109,1809.873,225.157,125.794,56.175,115.0,11.0,1,47.75,1.0,1,0.0,0,Immediate Repair,Bearing Failure
M-009,2024-01-03 00:00:00,125.171,105.758,15.401,1536.287,218.532,127.45,59.476,115.0,10.0,1,48.0,1.0,1,0.0,0,Immediate Repair,Bearing Failure
M-009,2024-01-03 00:15:00,121.04,103.185,13.242,1398.762,219.078,113.888,57.104,115.0,9.0,1,48.25,1.0,1,0.0,0,Immediate Repair,Bearing Failure
M-009,2024-01-03 00:30:00,121.251,109.368,15.143,1554.528,221.028,127.874,55.995,115.0,8.0,1,48.5,1.0,1,0.0,0,Immediate Repair,Bearing Failure
M-009,2024-01-03 00:45:00,115.702,102.37,17.788,1323.855,225.085,123.817,50.868,115.0,7.0,1,48.75,1.0,1,0.0,0,Immediate Repair,Bearing Failure
M-009,2024-01-03 01:00:00,130.465,109.244,16.102,1590.773,218.992,121.352,51.304,115.0,6.0,1,49.0,1.0,1,0.0,0,Immediate Repair,Bearing Failure
M-009,2024-01-03 01:15:00,130.685,104.676,14.817,1412.002,221.187,115.173,56.823,111.698,5.0,1,49.25,1.0,1,0.0,0,Immediate Repair,Bearing Failure
M-009,2024-01-03 01:30:00,126.768,101.75,16.364,1536.333,225.835,121.789,67.013,115.0,4.0,1,49.5,1.0,1,0.0,0,Immediate Repair,Bearing Failure
M-009,2024-01-03 01:45:00,130.274,104.284,16.798,1723.744,223.269,124.396,53.371,115.0,3.0,1,49.75,1.0,1,0.0,0,Immediate Repair,Bearing Failure
M-010,2024-01-01 00:00:00,76.921,120.113,1.241,1587.58,221.915,60.442,48.398,84.439,87.0,0,0.0,0.0329,0,96.712,87,Continue Monitoring,Normal
M-010,2024-01-01 00:15:00,77.954,112.521,1.107,1688.105,218.314,66.201,40.453,59.516,86.0,0,0.25,0.0,0,100.0,90,Continue Monitoring,Normal
M-010,2024-01-01 00:30:00,76.305,118.38,3.968,1361.687,221.265,72.039,38.472,69.451,85.0,0,0.5,0.0,0,100.0,90,Continue Monitoring,Normal
M-010,2024-01-01 00:45:00,78.474,113.529,2.317,1543.09,223.646,68.7,31.674,76.667,84.0,0,0.75,0.0,0,100.0,90,Continue Monitoring,Normal
M-010,2024-01-01 01:00:00,89.978,112.232,3.123,1438.191,221.135,72.109,45.767,83.946,83.0,0,1.0,0.1179,0,88.207,80,Continue Monitoring,Normal
M-010,2024-01-01 01:15:00,85.3,117.024,4.615,1627.337,225.579,91.68,46.135,73.859,82.0,0,1.25,0.112,0,88.8,81,Continue Monitoring,Normal
M-010,2024-01-01 01:30:00,85.863,117.314,6.067,1330.738,223.385,70.729,41.899,79.544,81.0,0,1.5,0.0546,0,94.54,85,Continue Monitoring,Normal
M-010,2024-01-01 01:45:00,84.946,110.867,4.504,1481.023,222.293,89.238,36.521,86.237,80.0,0,1.75,0.1415,0,85.851,78,Continue Monitoring,Normal
M-010,2024-01-01 02:00:00,83.979,115.594,6.519,1473.347,220.259,88.773,36.961,67.868,79.0,0,2.0,0.1033,0,89.667,81,Continue Monitoring,Normal
M-010,2024-01-01 02:15:00,81.16,111.15,0.904,1431.404,221.875,84.03,42.573,90.843,78.0,0,2.25,0.113,0,88.698,80,Continue Monitoring,Normal
M-010,2024-01-01 02:30:00,81.091,117.422,5.386,1531.456,223.478,67.004,45.111,100.0,77.0,0,2.5,0.1578,0,84.216,77,Continue Monitoring,Normal
M-010,2024-01-01 02:45:00,86.49,112.85,3.227,1442.651,221.253,80.482,40.449,97.143,76.0,0,2.75,0.1874,0,81.265,75,Continue Monitoring,Normal
M-010,2024-01-01 03:00:00,87.211,111.895,2.768,1434.393,221.898,88.599,50.487,96.479,75.0,0,3.0,0.2339,0,76.606,71,Continue Monitoring,Normal
M-010,2024-01-01 03:15:00,86.725,110.245,3.792,1415.791,227.473,64.884,41.049,80.35,74.0,0,3.25,0.0624,0,93.763,85,Continue Monitoring,Normal
M-010,2024-01-01 03:30:00,86.727,116.161,4.929,1511.778,224.987,71.579,40.199,100.0,73.0,0,3.5,0.2079,0,79.205,73,Continue Monitoring,Normal
M-010,2024-01-01 03:45:00,88.602,112.396,3.123,1649.207,219.551,69.696,42.318,86.562,72.0,0,3.75,0.1251,0,87.494,79,Continue Monitoring,Normal
M-010,2024-01-01 04:00:00,81.961,117.848,1.989,1511.451,221.09,74.313,33.381,98.973,71.0,0,4.0,0.158,0,84.203,77,Continue Monitoring,Normal
M-010,2024-01-01 04:15:00,88.707,116.548,2.691,1799.172,217.356,65.39,49.188,97.41,70.0,0,4.25,0.2064,0,79.364,73,Continue Monitoring,Normal
M-010,2024-01-01 04:30:00,90.112,114.683,4.358,1586.77,220.293,82.304,42.612,100.0,69.0,0,4.5,0.2508,0,74.917,69,Continue Monitoring,Normal
M-010,2024-01-01 04:45:00,96.276,114.164,1.855,1770.839,220.257,79.032,37.085,89.921,68.0,0,4.75,0.2182,0,78.183,72,Continue Monitoring,Normal
M-010,2024-01-01 05:00:00,92.739,113.681,4.307,1467.33,222.909,71.37,37.407,93.755,67.0,0,5.0,0.2151,0,78.488,72,Continue Monitoring,Normal
M-010,2024-01-01 05:15:00,97.511,111.937,0.628,1739.428,224.898,75.929,35.953,86.143,66.0,0,5.25,0.2012,0,79.885,73,Continue Monitoring,Normal
M-010,2024-01-01 05:30:00,98.327,112.631,1.186,1617.866,227.287,78.031,33.141,86.325,65.0,0,5.5,0.2098,0,79.024,73,Continue Monitoring,Normal
M-010,2024-01-01 05:45:00,87.336,116.794,3.533,1383.318,224.939,78.014,35.83,86.607,64.0,0,5.75,0.1141,0,88.585,80,Continue Monitoring,Normal
M-010,2024-01-01 06:00:00,87.168,115.236,3.995,1648.128,224.638,79.41,35.685,95.279,63.0,0,6.0,0.1769,0,82.311,75,Continue Monitoring,Normal
M-010,2024-01-01 06:15:00,96.489,115.961,1.953,1571.312,226.538,90.381,49.157,89.856,62.0,0,6.25,0.2772,0,72.275,67,Continue Monitoring,Normal
M-010,2024-01-01 06:30:00,97.323,111.63,5.141,1696.19,220.344,81.146,44.469,98.037,61.0,0,6.5,0.294,0,70.604,66,Continue Monitoring,Normal
M-010,2024-01-01 06:45:00,91.618,106.471,4.651,1631.61,221.484,75.106,39.33,93.025,60.0,0,6.75,0.1998,0,80.024,74,Continue Monitoring,Normal
M-010,2024-01-01 07:00:00,92.981,105.664,5.598,1613.097,221.067,60.258,44.545,100.0,59.0,0,7.0,0.2635,0,73.646,68,Continue Monitoring,Normal
M-010,2024-01-01 07:15:00,94.167,113.229,4.929,1638.805,223.716,74.646,40.862,100.0,58.0,0,7.25,0.2741,0,72.592,68,Continue Monitoring,Normal
M-010,2024-01-01 07:30:00,93.252,114.789,4.261,1665.089,231.806,89.225,48.373,91.433,57.0,0,7.5,0.2537,0,74.627,69,Continue Monitoring,Normal
M-010,2024-01-01 07:45:00,102.757,109.833,3.435,1363.874,225.681,70.163,40.715,87.95,56.0,0,7.75,0.2612,0,73.882,69,Continue Monitoring,Normal
M-010,2024-01-01 08:00:00,101.49,111.453,6.96,1503.437,229.46,65.217,39.476,93.351,55.0,0,8.0,0.3255,0,67.451,63,Continue Monitoring,Normal
M-010,2024-01-01 08:15:00,92.803,107.966,2.503,1477.887,223.595,78.739,45.172,100.0,54.0,0,8.25,0.262,0,73.805,69,Continue Monitoring,Normal
M-010,2024-01-01 08:30:00,99.541,104.798,3.192,1716.849,226.061,71.988,43.754,94.392,53.0,0,8.5,0.2803,0,71.97,67,Continue Monitoring,Normal
M-010,2024-01-01 08:45:00,92.03,110.411,3.822,1570.883,223.468,70.618,35.735,100.0,52.0,0,8.75,0.2551,0,74.492,69,Continue Monitoring,Normal
M-010,2024-01-01 09:00:00,96.366,111.545,4.551,1561.889,220.298,71.708,34.041,92.034,51.0,0,9.0,0.2346,0,76.538,71,Continue Monitoring,Normal
M-010,2024-01-01 09:15:00,99.545,111.302,6.94,1545.057,230.143,89.425,36.632,100.0,50.0,0,9.25,0.4091,0,59.093,57,Scheduled Maintenance,Normal
M-010,2024-01-01 09:30:00,100.8,107.936,3.668,1562.385,218.375,78.87,33.722,88.361,49.0,0,9.5,0.2468,0,75.317,70,Continue Monitoring,Normal
M-010,2024-01-01 09:45:00,97.726,103.484,5.002,1696.275,224.358,78.023,30.796,100.0,48.0,0,9.75,0.3057,0,69.429,65,Continue Monitoring,Normal
M-010,2024-01-01 10:00:00,96.97,108.353,4.591,1561.346,221.104,85.258,42.024,93.14,47.0,0,10.0,0.2774,0,72.262,67,Continue Monitoring,Normal
M-010,2024-01-01 10:15:00,98.023,111.074,5.498,1570.496,221.296,69.426,35.974,100.0,46.0,0,10.25,0.3084,0,69.165,65,Continue Monitoring,Normal
M-010,2024-01-01 10:30:00,93.622,105.25,3.055,1573.858,225.828,69.776,44.303,96.213,45.0,0,10.5,0.2412,0,75.882,70,Continue Monitoring,Normal
M-010,2024-01-01 10:45:00,106.584,103.261,6.159,1803.665,224.726,76.061,32.221,88.069,44.0,0,10.75,0.302,0,69.802,65,Continue Monitoring,Normal
M-010,2024-01-01 11:00:00,96.78,106.593,1.705,1910.579,225.28,79.376,33.941,93.954,43.0,0,11.0,0.2525,0,74.748,69,Continue Monitoring,Normal
M-010,2024-01-01 11:15:00,95.448,106.278,3.943,1730.216,226.836,83.936,37.589,98.345,42.0,0,11.25,0.2951,0,70.492,66,Continue Monitoring,Normal
M-010,2024-01-01 11:30:00,95.994,109.058,4.43,1612.56,225.685,78.332,37.78,94.83,41.0,0,11.5,0.252,0,74.798,69,Continue Monitoring,Normal
M-010,2024-01-01 11:45:00,94.786,108.114,5.153,1843.113,224.532,83.851,26.09,100.0,40.0,0,11.75,0.301,0,69.902,65,Continue Monitoring,Normal
M-010,2024-01-01 12:00:00,91.239,102.644,4.474,1551.62,224.16,75.883,41.869,84.651,39.0,0,12.0,0.1344,0,86.564,79,Continue Monitoring,Normal
M-010,2024-01-01 12:15:00,96.876,104.247,5.171,1724.735,221.02,86.682,33.772,95.571,38.0,0,12.25,0.3025,0,69.753,65,Continue Monitoring,Normal
M-010,2024-01-01 12:30:00,93.346,106.292,7.61,1634.666,225.236,77.831,28.568,100.0,37.0,0,12.5,0.3264,0,67.358,63,Continue Monitoring,Normal
M-010,2024-01-01 12:45:00,98.344,101.837,2.631,1617.306,229.5,71.489,44.006,90.626,36.0,0,12.75,0.2418,0,75.823,70,Continue Monitoring,Normal
M-010,2024-01-01 13:00:00,93.345,103.395,6.517,1444.602,224.595,86.304,38.568,82.74,35.0,0,13.0,0.1931,0,80.693,74,Continue Monitoring,Normal
M-010,2024-01-01 13:15:00,100.881,107.66,4.548,1533.073,225.501,81.719,29.34,100.0,34.0,0,13.25,0.3433,0,65.67,62,Continue Monitoring,Normal
M-010,2024-01-01 13:30:00,103.76,103.751,4.597,1743.892,232.826,90.715,26.74,85.613,33.0,0,13.5,0.3123,0,68.769,65,Continue Monitoring,Normal
M-010,2024-01-01 13:45:00,98.882,102.823,6.609,1791.829,224.594,78.77,32.596,85.828,32.0,0,13.75,0.2336,0,76.641,71,Continue Monitoring,Normal
M-010,2024-01-01 14:00:00,95.881,107.026,2.885,1276.68,222.309,72.798,33.099,88.632,31.0,0,14.0,0.2051,0,79.489,73,Continue Monitoring,Normal
M-010,2024-01-01 14:15:00,92.349,100.4,2.842,1450.887,225.539,75.905,41.107,75.82,30.0,0,14.25,0.1098,0,89.023,81,Continue Monitoring,Normal
M-010,2024-01-01 14:30:00,95.105,102.28,5.291,1560.024,230.432,72.11,36.615,78.887,29.0,0,14.5,0.1343,0,86.573,79,Continue Monitoring,Normal
M-010,2024-01-01 14:45:00,91.482,103.606,6.6,1469.668,226.974,71.081,28.093,75.681,28.0,0,14.75,0.1243,0,87.572,80,Continue Monitoring,Normal
M-010,2024-01-01 15:00:00,94.42,102.498,3.872,1367.413,225.553,83.869,28.636,78.891,27.0,0,15.0,0.1497,0,85.033,78,Continue Monitoring,Normal
M-010,2024-01-01 15:15:00,97.209,101.287,4.682,1375.601,230.169,83.007,37.055,92.562,26.0,0,15.25,0.2627,0,73.728,68,Continue Monitoring,Normal
M-010,2024-01-01 15:30:00,94.52,101.712,6.14,1771.69,225.495,79.74,42.927,79.389,25.0,0,15.5,0.1343,0,86.574,79,Continue Monitoring,Normal
M-010,2024-01-01 15:45:00,97.999,105.852,3.446,1593.523,227.627,72.108,30.653,72.491,24.0,0,15.75,0.16,0,84.001,77,Continue Monitoring,Normal
M-010,2024-01-01 16:00:00,99.102,106.353,5.298,1588.196,228.952,82.659,38.971,82.604,23.0,0,16.0,0.2039,0,79.614,73,Continue Monitoring,Normal
M-010,2024-01-01 16:15:00,89.522,101.069,2.823,1660.186,232.742,65.623,45.848,77.546,22.0,0,16.25,0.0846,0,91.536,83,Continue Monitoring,Normal
M-010,2024-01-01 16:30:00,98.926,104.944,6.295,1544.23,223.754,80.157,39.485,73.343,21.0,0,16.5,0.18,0,81.997,75,Continue Monitoring,Normal
M-010,2024-01-01 16:45:00,97.226,103.225,3.46,1380.274,226.732,82.418,24.567,66.523,20.0,0,16.75,0.1666,0,83.345,76,Continue Monitoring,Normal
M-010,2024-01-01 17:00:00,86.312,101.582,5.985,1359.6,230.079,101.018,44.976,74.482,19.0,0,17.0,0.1729,0,82.712,76,Continue Monitoring,Normal
M-010,2024-01-01 17:15:00,97.422,99.349,2.121,1496.545,229.225,88.827,32.773,73.907,18.0,0,17.25,0.2039,0,79.609,73,Continue Monitoring,Normal
M-010,2024-01-01 17:30:00,94.3,103.101,4.237,1381.542,228.926,82.622,33.476,77.464,17.0,0,17.5,0.1417,0,85.832,78,Continue Monitoring,Normal
M-010,2024-01-01 17:45:00,97.435,105.578,2.894,1486.923,225.409,82.022,30.601,82.419,16.0,0,17.75,0.1841,0,81.587,75,Continue Monitoring,Normal
M-010,2024-01-01 18:00:00,96.104,107.069,5.841,1433.218,226.92,93.628,34.984,54.954,15.0,0,18.0,0.2189,0,78.114,72,Continue Monitoring,Normal
M-010,2024-01-01 18:15:00,96.633,104.118,6.492,1485.453,228.19,92.209,26.673,61.512,14.0,0,18.25,0.2339,0,76.61,71,Continue Monitoring,Normal
M-010,2024-01-01 18:30:00,88.673,97.191,5.621,1379.907,231.017,84.34,39.475,61.694,13.0,0,18.5,0.1012,0,89.879,81,Continue Monitoring,Normal
M-010,2024-01-01 18:45:00,88.772,104.147,5.7,1431.163,226.244,73.313,36.985,59.609,12.0,0,18.75,0.078,0,92.202,83,Continue Monitoring,Normal
M-010,2024-01-01 19:00:00,91.136,103.276,3.806,1462.801,230.06,95.553,40.235,80.009,11.0,0,19.0,0.1855,0,81.454,75,Continue Monitoring,Normal
M-010,2024-01-01 19:15:00,87.731,99.316,4.423,1520.784,230.546,90.366,20.394,75.548,10.0,0,19.25,0.1263,0,87.37,79,Continue Monitoring,Normal
M-010,2024-01-01 19:30:00,91.917,99.625,5.472,1428.389,229.629,88.97,38.122,47.263,9.0,0,19.5,0.1558,0,84.424,77,Continue Monitoring,Normal
M-010,2024-01-01 19:45:00,89.562,99.554,5.382,1566.008,224.803,77.366,30.172,56.452,8.0,0,19.75,0.085,0,91.501,83,Continue Monitoring,Normal
M-010,2024-01-01 20:00:00,91.331,103.238,5.402,1516.282,231.872,74.329,43.707,74.683,7.0,0,20.0,0.1007,0,89.928,81,Continue Monitoring,Normal
M-010,2024-01-01 20:15:00,95.43,104.265,3.451,1260.512,225.3,82.328,40.404,72.151,6.0,0,20.25,0.1501,0,84.991,77,Continue Monitoring,Normal
M-010,2024-01-01 20:30:00,86.804,104.805,4.373,1292.588,230.848,84.876,36.092,61.767,5.0,0,20.5,0.0876,0,91.243,82,Continue Monitoring,Normal
M-010,2024-01-01 20:45:00,90.726,106.929,3.36,1466.611,229.441,79.384,36.571,60.764,4.0,0,20.75,0.0953,0,90.466,82,Continue Monitoring,Normal
M-010,2024-01-01 21:00:00,92.1,102.176,6.404,1352.108,227.189,78.759,29.082,39.083,3.0,0,21.0,0.1225,0,87.75,80,Continue Monitoring,Normal
M-010,2024-01-01 21:15:00,89.983,111.467,2.299,1225.612,230.992,82.287,40.02,54.69,2.0,0,21.25,0.1014,0,89.856,81,Continue Monitoring,Normal
M-010,2024-01-01 21:30:00,84.443,105.066,1.244,1192.857,231.611,91.04,43.374,59.372,1.0,0,21.5,0.1008,0,89.918,81,Continue Monitoring,Normal
M-010,2024-01-01 21:45:00,77.226,104.066,6.448,1515.343,232.88,81.133,27.021,53.857,87.0,0,21.75,0.0229,0,97.711,88,Continue Monitoring,Normal
M-010,2024-01-01 22:00:00,85.787,110.903,4.927,1313.184,229.037,85.675,38.542,46.363,86.0,0,22.0,0.083,0,91.703,83,Continue Monitoring,Normal
M-010,2024-01-01 22:15:00,80.968,110.56,2.326,1498.437,223.108,78.875,40.537,53.004,85.0,0,22.25,0.0086,0,99.139,89,Continue Monitoring,Normal
M-010,2024-01-01 22:30:00,79.398,107.977,4.732,1266.84,226.988,82.814,31.137,76.787,84.0,0,22.5,0.0156,0,98.437,88,Continue Monitoring,Normal
M-010,2024-01-01 22:45:00,83.163,105.831,3.895,1497.005,223.962,85.662,33.115,37.698,83.0,0,22.75,0.0596,0,94.043,85,Continue Monitoring,Normal
M-010,2024-01-01 23:00:00,80.301,108.163,3.458,1306.086,234.083,84.431,25.752,43.004,82.0,0,23.0,0.0273,0,97.271,87,Continue Monitoring,Normal
M-010,2024-01-01 23:15:00,81.886,106.421,4.896,1303.774,234.102,83.3,27.482,62.603,81.0,0,23.25,0.0351,0,96.49,87,Continue Monitoring,Normal
M-010,2024-01-01 23:30:00,87.526,108.445,4.354,1332.517,228.29,69.026,37.698,59.632,80.0,0,23.5,0.0669,0,93.31,84,Continue Monitoring,Normal
M-010,2024-01-01 23:45:00,87.681,105.828,5.03,1279.28,229.19,84.31,34.461,52.525,79.0,0,23.75,0.0922,0,90.777,82,Continue Monitoring,Normal
M-010,2024-01-02 00:00:00,84.32,111.958,3.67,1220.814,227.675,79.637,24.464,50.402,78.0,0,24.0,0.0384,0,96.16,86,Continue Monitoring,Normal
M-010,2024-01-02 00:15:00,82.713,108.111,4.731,1283.875,233.183,80.748,27.052,49.062,77.0,0,24.25,0.0283,0,97.173,87,Continue Monitoring,Normal
M-010,2024-01-02 00:30:00,87.766,105.374,5.669,1365.024,221.858,86.648,37.624,47.154,76.0,0,24.5,0.106,0,89.404,81,Continue Monitoring,Normal
M-010,2024-01-02 00:45:00,77.081,107.367,4.314,1182.484,227.485,81.455,41.07,37.6,75.0,0,24.75,0.0081,0,99.192,89,Continue Monitoring,Normal
M-010,2024-01-02 01:00:00,72.105,113.042,4.52,1165.072,228.625,85.421,30.702,54.776,74.0,0,25.0,0.0301,0,96.988,87,Continue Monitoring,Normal
M-010,2024-01-02 01:15:00,74.687,108.799,1.703,1345.524,228.429,88.737,36.627,55.243,73.0,0,25.25,0.0485,0,95.146,86,Continue Monitoring,Normal
M-010,2024-01-02 01:30:00,77.94,111.151,3.473,1057.793,228.651,79.378,42.242,53.579,72.0,0,25.5,0.0,0,100.0,90,Continue Monitoring,Normal
M-010,2024-01-02 01:45:00,74.541,109.452,5.02,1183.947,229.765,84.707,25.267,28.457,71.0,0,25.75,0.0261,0,97.385,87,Continue Monitoring,Normal
M-010,2024-01-02 02:00:00,75.351,112.227,4.341,1334.57,228.802,93.817,40.444,60.673,70.0,0,26.0,0.0768,0,92.324,83,Continue Monitoring,Normal
M-010,2024-01-02 02:15:00,71.471,110.873,6.575,1213.25,230.597,74.691,44.967,42.494,69.0,0,26.25,0.0213,0,97.869,88,Continue Monitoring,Normal
M-010,2024-01-02 02:30:00,67.751,110.042,1.452,1045.061,236.599,81.836,24.809,50.962,68.0,0,26.5,0.0102,0,98.98,89,Continue Monitoring,Normal
M-010,2024-01-02 02:45:00,71.584,113.958,3.648,1202.8,225.469,102.78,36.319,49.61,67.0,0,26.75,0.1266,0,87.345,79,Continue Monitoring,Normal
M-010,2024-01-02 03:00:00,73.453,109.969,3.843,1071.077,233.931,80.808,20.443,39.813,66.0,0,27.0,0.0045,0,99.551,89,Continue Monitoring,Normal
M-010,2024-01-02 03:15:00,77.79,111.133,4.736,1301.778,226.547,89.193,29.134,57.691,65.0,0,27.25,0.0511,0,94.893,85,Continue Monitoring,Normal
M-010,2024-01-02 03:30:00,71.974,111.421,6.087,1247.229,228.364,81.555,42.659,58.335,64.0,0,27.5,0.0119,0,98.815,89,Continue Monitoring,Normal
M-010,2024-01-02 03:45:00,71.439,110.435,6.388,1167.736,228.349,85.751,35.013,52.434,63.0,0,27.75,0.0463,0,95.366,86,Continue Monitoring,Normal
M-010,2024-01-02 04:00:00,77.29,116.414,5.713,1315.638,228.842,89.869,38.936,63.799,62.0,0,28.0,0.0548,0,94.517,85,Continue Monitoring,Normal
M-010,2024-01-02 04:15:00,75.617,114.765,7.724,1083.059,228.327,83.625,30.624,34.375,61.0,0,28.25,0.084,0,91.603,83,Continue Monitoring,Normal
M-010,2024-01-02 04:30:00,76.937,110.021,5.236,974.72,230.628,79.719,25.94,56.906,60.0,0,28.5,0.0,0,100.0,90,Continue Monitoring,Normal
M-010,2024-01-02 04:45:00,68.127,111.596,5.254,1239.239,226.282,78.368,32.82,61.099,59.0,0,28.75,0.0,0,100.0,90,Continue Monitoring,Normal
M-010,2024-01-02 05:00:00,76.281,110.315,4.583,1282.608,234.627,78.445,28.17,60.304,58.0,0,29.0,0.0,0,100.0,90,Continue Monitoring,Normal
M-010,2024-01-02 05:15:00,67.628,111.452,5.386,1326.099,224.747,95.975,29.078,60.777,57.0,0,29.25,0.0887,0,91.125,82,Continue Monitoring,Normal
M-010,2024-01-02 05:30:00,75.82,114.898,4.642,1225.388,228.122,89.226,31.223,66.796,56.0,0,29.5,0.0513,0,94.875,85,Continue Monitoring,Normal
M-010,2024-01-02 05:45:00,63.407,111.063,3.101,1131.857,224.016,80.824,25.731,73.883,55.0,0,29.75,0.0046,0,99.542,89,Continue Monitoring,Normal
M-010,2024-01-02 06:00:00,64.558,110.416,5.436,1340.855,228.219,85.485,40.046,68.805,54.0,0,30.0,0.0305,0,96.953,87,Continue Monitoring,Normal
M-010,2024-01-02 06:15:00,69.771,112.689,5.742,975.335,226.656,95.867,40.039,65.366,53.0,0,30.25,0.0881,0,91.185,82,Continue Monitoring,Normal
M-010,2024-01-02 06:30:00,59.91,110.961,4.167,1118.603,224.734,84.212,42.756,65.999,52.0,0,30.5,0.0234,0,97.66,88,Continue Monitoring,Normal
M-010,2024-01-02 06:45:00,68.073,111.671,2.839,992.785,223.404,86.552,34.382,53.366,51.0,0,30.75,0.0364,0,96.36,87,Continue Monitoring,Normal
M-010,2024-01-02 07:00:00,67.371,119.257,7.889,1233.963,227.872,91.283,40.117,44.0,50.0,0,31.0,0.1327,0,86.734,79,Continue Monitoring,Normal
M-010,2024-01-02 07:15:00,72.302,113.331,4.415,1100.648,229.31,78.428,30.224,70.403,49.0,0,31.25,0.0,0,100.0,90,Continue Monitoring,Normal
M-010,2024-01-02 07:30:00,66.854,116.209,4.725,1228.589,231.47,93.271,34.426,75.637,48.0,0,31.5,0.0737,0,92.627,84,Continue Monitoring,Normal
M-010,2024-01-02 07:45:00,69.084,123.186,6.899,1137.173,225.515,84.558,29.798,72.48,47.0,0,31.75,0.0586,0,94.138,85,Continue Monitoring,Normal
M-010,2024-01-02 08:00:00,62.431,118.809,3.263,954.769,227.792,80.578,24.168,62.129,46.0,0,32.0,0.0032,0,99.679,89,Continue Monitoring,Normal
M-010,2024-01-02 08:15:00,61.833,115.327,4.355,1089.192,228.128,93.666,40.471,71.125,45.0,0,32.25,0.0759,0,92.408,83,Continue Monitoring,Normal
M-010,2024-01-02 08:30:00,65.441,114.798,5.912,1204.293,232.064,73.435,30.169,74.198,44.0,0,32.5,0.0,0,100.0,90,Continue Monitoring,Normal
M-010,2024-01-02 08:45:00,64.109,112.568,3.434,1258.159,225.758,74.462,36.646,76.563,43.0,0,32.75,0.0,0,100.0,90,Continue Monitoring,Normal
M-010,2024-01-02 09:00:00,63.44,112.666,5.11,1311.555,223.125,75.889,27.671,72.881,42.0,0,33.0,0.0,0,100.0,90,Continue Monitoring,Normal
M-010,2024-01-02 09:15:00,61.623,117.349,6.808,1203.764,229.589,88.831,31.426,61.389,41.0,0,33.25,0.079,0,92.101,83,Continue Monitoring,Normal
M-010,2024-01-02 09:30:00,59.216,111.366,5.091,1203.149,223.497,87.525,26.05,64.81,40.0,0,33.5,0.0418,0,95.82,86,Continue Monitoring,Normal
M-010,2024-01-02 09:45:00,60.562,112.041,6.163,1160.408,230.225,84.002,28.8,95.412,39.0,0,33.75,0.1424,0,85.757,78,Continue Monitoring,Normal
M-010,2024-01-02 10:00:00,56.322,119.228,7.645,1278.08,226.722,97.185,29.237,70.792,38.0,0,34.0,0.1564,0,84.361,77,Continue Monitoring,Normal
M-010,2024-01-02 10:15:00,61.029,113.621,4.018,1325.308,225.325,87.079,22.439,79.323,37.0,0,34.25,0.0393,0,96.067,86,Continue Monitoring,Normal
M-010,2024-01-02 10:30:00,57.742,111.735,5.206,1325.171,228.897,90.94,30.256,76.814,36.0,0,34.5,0.0608,0,93.922,85,Continue Monitoring,Normal
M-010,2024-01-02 10:45:00,65.33,113.519,6.542,1353.169,224.98,82.605,27.697,66.644,35.0,0,34.75,0.0345,0,96.546,87,Continue Monitoring,Normal
M-010,2024-01-02 11:00:00,60.105,119.032,3.925,1370.683,226.13,102.355,26.816,81.002,34.0,0,35.0,0.1316,0,86.838,79,Continue Monitoring,Normal
M-010,2024-01-02 11:15:00,58.175,112.971,7.277,1275.68,230.443,78.437,34.773,73.839,33.0,0,35.25,0.0473,0,95.27,86,Continue Monitoring,Normal
M-010,2024-01-02 11:30:00,56.318,115.644,5.739,1232.476,229.433,93.851,39.6,72.742,32.0,0,35.5,0.077,0,92.305,83,Continue Monitoring,Normal
M-010,2024-01-02 11:45:00,67.543,120.456,4.921,1033.444,223.052,84.593,42.805,85.886,31.0,0,35.75,0.0691,0,93.088,84,Continue Monitoring,Normal
M-010,2024-01-02 12:00:00,58.951,112.623,3.597,1346.439,226.847,102.615,34.428,95.06,30.0,0,36.0,0.2372,0,76.28,71,Continue Monitoring,Normal
M-010,2024-01-02 12:15:00,60.354,111.264,4.241,1085.234,229.773,85.312,36.314,89.138,29.0,0,36.25,0.0972,0,90.28,82,Continue Monitoring,Normal
M-010,2024-01-02 12:30:00,60.072,110.875,5.901,1231.576,229.666,83.089,34.236,100.0,28.0,0,36.5,0.1653,0,83.469,76,Continue Monitoring,Normal
M-010,2024-01-02 12:45:00,62.271,116.575,6.294,1494.052,227.99,93.086,30.264,81.983,27.0,0,36.75,0.0983,0,90.171,82,Continue Monitoring,Normal
M-010,2024-01-02 13:00:00,56.304,117.845,4.097,1364.442,228.038,94.701,27.335,82.745,26.0,0,37.0,0.102,0,89.799,81,Continue Monitoring,Normal
M-010,2024-01-02 13:15:00,62.624,112.982,3.8,1516.394,224.329,81.411,28.914,100.0,25.0,0,37.25,0.156,0,84.401,77,Continue Monitoring,Normal
M-010,2024-01-02 13:30:00,52.434,117.174,4.263,1324.508,224.587,102.4,31.058,85.314,24.0,0,37.5,0.1638,0,83.62,76,Continue Monitoring,Normal
M-010,2024-01-02 13:45:00,59.906,113.728,5.802,1354.558,226.522,78.906,28.214,99.274,23.0,0,37.75,0.1428,0,85.723,78,Continue Monitoring,Normal
M-010,2024-01-02 14:00:00,58.457,115.264,5.613,1285.053,230.017,76.469,26.15,100.0,22.0,0,38.0,0.1481,0,85.185,78,Continue Monitoring,Normal
M-010,2024-01-02 14:15:00,68.501,119.882,5.654,1375.524,228.795,97.652,32.027,100.0,21.0,0,38.25,0.2462,0,75.379,70,Continue Monitoring,Normal
M-010,2024-01-02 14:30:00,63.082,114.361,4.313,1290.569,224.681,80.494,20.186,91.158,20.0,0,38.5,0.0854,0,91.461,83,Continue Monitoring,Normal
M-010,2024-01-02 14:45:00,60.267,112.871,6.392,1362.238,225.384,82.501,35.307,95.015,19.0,0,38.75,0.1396,0,86.039,78,Continue Monitoring,Normal
M-010,2024-01-02 15:00:00,59.685,111.753,4.603,1285.647,224.371,86.985,33.928,100.0,18.0,0,39.0,0.187,0,81.305,75,Continue Monitoring,Normal
M-010,2024-01-02 15:15:00,67.722,115.696,8.383,1426.151,227.59,85.674,34.9,90.606,17.0,0,39.25,0.1983,0,80.167,74,Continue Monitoring,Normal
M-010,2024-01-02 15:30:00,55.785,116.383,3.91,1421.484,223.221,97.063,37.473,100.0,16.0,0,39.5,0.2429,0,75.706,70,Continue Monitoring,Normal
M-010,2024-01-02 15:45:00,66.801,111.564,8.801,1468.161,223.06,89.754,28.933,95.599,15.0,0,39.75,0.2735,0,72.651,68,Continue Monitoring,Normal
M-010,2024-01-02 16:00:00,55.354,112.436,3.749,1085.387,224.629,84.065,24.632,67.462,14.0,0,40.0,0.0226,0,97.742,88,Continue Monitoring,Normal
M-010,2024-01-02 16:15:00,58.762,110.484,4.816,1444.732,229.737,93.061,35.914,100.0,13.0,0,40.25,0.2207,0,77.929,72,Continue Monitoring,Normal
M-010,2024-01-02 16:30:00,58.29,112.048,7.112,1355.736,223.083,93.249,20.821,88.235,12.0,0,40.5,0.1758,0,82.422,75,Continue Monitoring,Normal
M-010,2024-01-02 16:45:00,59.915,111.804,6.04,1541.705,222.585,82.798,32.811,91.358,11.0,0,40.75,0.1012,0,89.884,81,Continue Monitoring,Normal
M-010,2024-01-02 17:00:00,60.4,104.603,6.156,1612.5,222.157,96.868,29.268,81.866,10.0,0,41.0,0.1133,0,88.67,80,Continue Monitoring,Normal
M-010,2024-01-02 17:15:00,59.484,107.023,5.32,1487.55,230.685,79.788,26.674,90.68,9.0,0,41.25,0.0791,0,92.089,83,Continue Monitoring,Normal
M-010,2024-01-02 17:30:00,58.256,109.896,5.781,1229.141,225.085,81.459,29.614,100.0,8.0,0,41.5,0.1563,0,84.375,77,Continue Monitoring,Normal
M-010,2024-01-02 17:45:00,65.46,109.86,5.053,1464.32,226.612,93.236,28.908,100.0,7.0,0,41.75,0.2217,0,77.832,72,Continue Monitoring,Normal
M-010,2024-01-02 18:00:00,58.637,106.842,6.799,1566.734,225.093,100.429,32.513,97.336,6.0,0,42.0,0.2715,0,72.849,68,Continue Monitoring,Normal
M-010,2024-01-02 18:15:00,59.335,113.079,6.902,1690.763,231.203,81.158,21.721,70.934,5.0,0,42.25,0.0398,0,96.016,86,Continue Monitoring,Normal
M-010,2024-01-02 18:30:00,68.212,110.452,5.975,1336.971,224.323,91.549,34.088,100.0,4.0,0,42.5,0.2123,0,78.769,73,Continue Monitoring,Normal
M-010,2024-01-02 18:45:00,67.534,107.832,7.508,1568.909,220.917,100.071,36.71,100.0,3.0,0,42.75,0.3155,0,68.451,64,Continue Monitoring,Normal
M-010,2024-01-02 19:00:00,66.355,112.905,3.582,1650.881,222.936,98.103,30.044,86.502,2.0,0,43.0,0.1487,0,85.127,78,Continue Monitoring,Normal
M-010,2024-01-02 19:15:00,63.613,110.722,5.589,1436.013,222.366,95.022,39.793,77.203,1.0,0,43.25,0.0835,0,91.654,83,Continue Monitoring,Normal
M-010,2024-01-02 19:30:00,77.183,108.0,6.711,1466.709,224.125,91.964,22.963,90.182,87.0,0,43.5,0.1682,0,83.178,76,Continue Monitoring,Normal
M-010,2024-01-02 19:45:00,71.112,102.468,6.531,1482.867,221.138,104.51,23.5,86.513,86.0,0,43.75,0.2041,0,79.592,73,Continue Monitoring,Normal
M-010,2024-01-02 20:00:00,66.032,104.561,5.937,1554.03,224.608,89.929,24.984,100.0,85.0,0,44.0,0.2033,0,79.669,73,Continue Monitoring,Normal
M-010,2024-01-02 20:15:00,66.751,105.127,8.016,1528.652,227.062,99.474,36.895,100.0,84.0,1,44.25,0.4088,0,44.123,27,Immediate Repair,Normal
M-010,2024-01-02 20:30:00,67.625,106.175,5.617,1290.771,225.825,92.688,34.095,95.065,83.0,1,44.5,0.2599,0,59.014,39,Scheduled Maintenance,Normal
M-010,2024-01-02 20:45:00,70.728,101.995,4.337,1260.991,223.147,85.659,23.696,98.959,82.0,1,44.75,0.2496,0,60.035,40,Scheduled Maintenance,Normal
M-010,2024-01-02 21:00:00,66.819,101.595,9.551,1560.772,220.181,86.468,28.052,93.19,81.0,1,45.0,0.3429,0,50.706,32,Scheduled Maintenance,Normal
M-010,2024-01-02 21:15:00,74.192,105.432,8.601,1520.126,224.59,98.4,36.238,100.0,80.0,1,45.25,0.4245,0,42.552,26,Immediate Repair,Normal
M-010,2024-01-02 21:30:00,68.368,105.437,2.547,1555.016,226.464,97.614,28.526,100.0,79.0,1,45.5,0.3238,0,52.622,34,Scheduled Maintenance,Normal
M-010,2024-01-02 21:45:00,68.403,103.097,5.378,1450.07,224.937,93.446,32.683,88.526,78.0,1,45.75,0.2156,0,63.437,42,Scheduled Maintenance,Normal
M-010,2024-01-02 22:00:00,70.197,98.512,6.575,1602.551,219.647,90.784,27.456,100.0,77.0,1,46.0,0.3071,0,54.286,35,Scheduled Maintenance,Normal
M-010,2024-01-02 22:15:00,66.685,105.853,4.536,1529.359,223.657,90.127,28.949,94.28,76.0,1,46.25,0.2398,0,61.018,40,Scheduled Maintenance,Normal
M-010,2024-01-02 22:30:00,69.463,107.333,5.651,1589.89,223.788,93.285,32.832,93.209,75.0,1,46.5,0.2494,0,60.057,40,Scheduled Maintenance,Normal
M-010,2024-01-02 22:45:00,73.829,103.536,4.597,1435.243,217.569,104.125,15.674,100.0,74.0,1,46.75,0.36,0,49.004,31,Scheduled Maintenance,Normal
M-010,2024-01-02 23:00:00,69.192,107.915,3.025,1582.977,226.82,96.869,26.911,68.683,73.0,1,47.0,0.1715,0,67.851,46,Continue Monitoring,Normal
M-010,2024-01-02 23:15:00,67.714,108.377,5.636,1606.853,223.185,82.847,31.364,82.907,72.0,1,47.25,0.1151,0,73.487,50,Continue Monitoring,Normal
M-010,2024-01-02 23:30:00,74.714,102.341,3.936,1568.121,224.132,94.815,29.093,95.048,71.0,1,47.5,0.2715,0,57.845,38,Scheduled Maintenance,Normal
M-010,2024-01-02 23:45:00,73.265,104.122,5.482,1737.778,222.96,88.248,19.962,96.054,70.0,1,47.75,0.2425,0,60.748,40,Scheduled Maintenance,Normal
M-010,2024-01-03 00:00:00,71.649,104.059,9.462,1722.381,226.795,88.47,35.312,84.187,69.0,1,48.0,0.2841,0,56.593,37,Scheduled Maintenance,Normal
M-010,2024-01-03 00:15:00,76.639,109.807,5.793,1631.36,219.127,98.546,25.513,93.042,68.0,1,48.25,0.2774,0,57.258,37,Scheduled Maintenance,Normal
M-010,2024-01-03 00:30:00,69.129,105.306,5.297,1719.191,221.671,88.669,26.549,73.188,67.0,1,48.5,0.1259,0,72.406,49,Continue Monitoring,Normal
M-010,2024-01-03 00:45:00,79.637,100.441,5.84,1675.061,226.427,92.441,27.407,83.289,66.0,1,48.75,0.1713,0,67.874,46,Continue Monitoring,Normal
M-010,2024-01-03 01:00:00,68.551,99.932,5.703,1549.802,216.658,98.601,30.415,80.804,65.0,1,49.0,0.1871,0,66.293,45,Continue Monitoring,Normal
M-010,2024-01-03 01:15:00,74.631,103.719,6.964,1604.916,222.669,87.114,29.437,89.664,64.0,1,49.25,0.2246,0,62.542,42,Scheduled Maintenance,Normal
M-010,2024-01-03 01:30:00,82.899,107.431,6.658,1641.459,219.864,80.124,20.779,75.389,63.0,1,49.5,0.1286,0,72.138,49,Continue Monitoring,Normal
M-010,2024-01-03 01:45:00,78.103,107.665,8.114,1555.865,223.539,89.527,32.943,83.955,62.0,1,49.75,0.2383,0,61.169,40,Scheduled Maintenance,Normal
M-011,2024-01-01 00:00:00,78.382,106.618,4.62,1304.693,243.066,72.138,51.104,14.008,33.0,0,0.0,0.0,0,100.0,90,Continue Monitoring,Normal
M-011,2024-01-01 00:15:00,80.728,107.348,5.929,1214.919,249.855,72.904,54.855,27.677,32.0,0,0.25,0.0065,0,99.353,89,Continue Monitoring,Normal
M-011,2024-01-01 00:30:00,83.988,104.813,2.191,1286.085,242.731,61.381,48.78,10.12,31.0,0,0.5,0.0354,0,96.455,87,Continue Monitoring,Normal
M-011,2024-01-01 00:45:00,74.412,106.231,5.909,958.901,241.61,71.134,48.27,39.299,30.0,0,0.75,0.0,0,100.0,90,Continue Monitoring,Normal
M-011,2024-01-01 01:00:00,86.392,98.375,5.077,1204.416,239.297,54.88,45.109,21.601,29.0,0,1.0,0.0568,0,94.318,85,Continue Monitoring,Normal
M-011,2024-01-01 01:15:00,83.885,105.518,6.011,1357.895,242.79,69.371,49.05,24.748,28.0,0,1.25,0.035,0,96.505,87,Continue Monitoring,Normal
M-011,2024-01-01 01:30:00,90.898,95.322,2.685,1323.363,242.92,55.181,43.605,21.057,27.0,0,1.5,0.0969,0,90.313,82,Continue Monitoring,Normal
M-011,2024-01-01 01:45:00,87.433,105.865,7.618,1096.257,239.739,55.28,57.658,35.596,26.0,0,1.75,0.126,0,87.402,79,Continue Monitoring,Normal
M-011,2024-01-01 02:00:00,84.734,102.819,5.258,1161.795,245.504,64.117,42.714,38.272,25.0,0,2.0,0.0421,0,95.792,86,Continue Monitoring,Normal
M-011,2024-01-01 02:15:00,83.255,102.702,5.177,1412.573,244.75,59.324,51.837,37.161,24.0,0,2.25,0.0289,0,97.106,87,Continue Monitoring,Normal
M-011,2024-01-01 02:30:00,87.544,105.005,4.505,1394.901,239.039,64.76,48.246,49.154,23.0,0,2.5,0.0671,0,93.294,84,Continue Monitoring,Normal
M-011,2024-01-01 02:45:00,85.409,103.587,2.916,1281.532,241.799,83.018,45.88,36.445,22.0,0,2.75,0.0648,0,93.515,84,Continue Monitoring,Normal
M-011,2024-01-01 03:00:00,87.069,96.849,4.661,1381.148,244.718,49.677,46.465,46.93,21.0,0,3.0,0.0628,0,93.716,84,Continue Monitoring,Normal
M-011,2024-01-01 03:15:00,89.438,105.114,4.032,1494.945,244.451,77.015,49.871,17.227,20.0,0,3.25,0.0839,0,91.61,83,Continue Monitoring,Normal
M-011,2024-01-01 03:30:00,90.998,99.962,4.9,1175.331,249.574,62.312,59.285,34.336,19.0,0,3.5,0.0978,0,90.224,82,Continue Monitoring,Normal
M-011,2024-01-01 03:45:00,84.398,105.073,5.339,1350.342,240.985,62.846,52.389,26.571,18.0,0,3.75,0.0391,0,96.091,86,Continue Monitoring,Normal
M-011,2024-01-01 04:00:00,86.452,99.664,5.55,1543.571,244.052,61.306,66.276,36.108,17.0,0,4.0,0.0574,0,94.265,85,Continue Monitoring,Normal
M-011,2024-01-01 04:15:00,88.337,99.653,5.085,1383.182,247.836,69.058,56.241,51.72,16.0,0,4.25,0.0741,0,92.589,84,Continue Monitoring,Normal
M-011,2024-01-01 04:30:00,90.416,101.648,7.039,1248.095,252.689,62.732,47.651,29.96,15.0,0,4.5,0.1311,0,86.892,79,Continue Monitoring,Normal
M-011,2024-01-01 04:45:00,85.326,103.225,8.68,1320.709,246.356,67.951,55.736,65.024,14.0,0,4.75,0.1466,0,85.339,78,Continue Monitoring,Normal
M-011,2024-01-01 05:00:00,96.601,99.362,6.257,1471.222,245.374,58.828,44.918,55.033,13.0,0,5.0,0.1571,0,84.29,77,Continue Monitoring,Normal
M-011,2024-01-01 05:15:00,95.974,99.223,5.898,1546.33,240.441,63.465,61.793,47.214,12.0,0,5.25,0.142,0,85.801,78,Continue Monitoring,Normal
M-011,2024-01-01 05:30:00,86.894,99.958,6.977,1103.595,246.201,64.073,39.808,45.664,11.0,0,5.5,0.0975,0,90.253,82,Continue Monitoring,Normal
M-011,2024-01-01 05:45:00,91.294,99.287,5.075,1292.847,241.426,61.935,54.788,47.751,10.0,0,5.75,0.1004,0,89.961,81,Continue Monitoring,Normal
M-011,2024-01-01 06:00:00,91.982,95.987,5.054,1509.791,247.422,63.519,33.936,39.198,9.0,0,6.0,0.1065,0,89.349,81,Continue Monitoring,Normal
M-011,2024-01-01 06:15:00,90.734,96.126,5.014,1524.931,245.912,73.878,40.524,43.372,8.0,0,6.25,0.0954,0,90.459,82,Continue Monitoring,Normal
M-011,2024-01-01 06:30:00,85.302,97.304,4.143,1585.988,247.368,74.144,46.968,36.651,7.0,0,6.5,0.0471,0,95.287,86,Continue Monitoring,Normal
M-011,2024-01-01 06:45:00,89.232,99.112,8.156,1486.688,245.13,65.808,49.324,67.487,6.0,0,6.75,0.1619,0,83.807,77,Continue Monitoring,Normal
M-011,2024-01-01 07:00:00,98.74,98.824,5.791,1477.752,247.851,64.327,44.415,57.863,5.0,0,7.0,0.1666,0,83.342,76,Continue Monitoring,Normal
M-011,2024-01-01 07:15:00,94.247,100.614,7.957,1508.587,247.557,89.712,50.688,36.901,4.0,0,7.25,0.2531,0,74.693,69,Continue Monitoring,Normal
M-011,2024-01-01 07:30:00,93.374,102.145,3.855,1359.753,249.913,65.498,48.749,58.752,3.0,0,7.5,0.1189,0,88.112,80,Continue Monitoring,Normal
M-011,2024-01-01 07:45:00,91.957,92.804,3.738,1523.439,247.483,62.642,42.421,45.469,2.0,0,7.75,0.1063,0,89.372,81,Continue Monitoring,Normal
M-011,2024-01-01 08:00:00,99.601,94.421,4.769,1313.979,245.714,69.946,62.028,50.455,1.0,0,8.0,0.1742,0,82.577,76,Continue Monitoring,Normal
M-011,2024-01-01 08:15:00,95.215,99.235,6.687,1390.372,253.832,67.499,50.717,53.837,33.0,0,8.25,0.1607,0,83.931,77,Continue Monitoring,Normal
M-011,2024-01-01 08:30:00,97.094,100.939,4.901,1556.176,247.528,74.639,47.969,44.81,32.0,0,8.5,0.1519,0,84.806,77,Continue Monitoring,Normal
M-011,2024-01-01 08:45:00,98.903,97.155,4.594,1625.748,249.34,67.33,46.409,51.89,31.0,0,8.75,0.168,0,83.197,76,Continue Monitoring,Normal
M-011,2024-01-01 09:00:00,98.866,91.017,6.283,1544.307,240.191,69.313,53.345,53.938,30.0,0,9.0,0.1782,0,82.182,75,Continue Monitoring,Normal
M-011,2024-01-01 09:15:00,99.666,94.537,4.316,1251.376,250.631,72.951,56.145,40.702,29.0,0,9.25,0.1748,0,82.519,76,Continue Monitoring,Normal
M-011,2024-01-01 09:30:00,99.888,90.735,4.57,1483.424,249.448,79.873,47.65,39.067,28.0,0,9.5,0.1768,0,82.322,75,Continue Monitoring,Normal
M-011,2024-01-01 09:45:00,93.204,92.905,8.912,1559.71,250.9,66.537,49.036,54.433,27.0,0,9.75,0.2252,0,77.479,71,Continue Monitoring,Normal
M-011,2024-01-01 10:00:00,95.033,93.823,4.873,1415.379,247.811,62.548,50.716,49.948,26.0,0,10.0,0.1336,0,86.638,79,Continue Monitoring,Normal
M-011,2024-01-01 10:15:00,96.505,91.948,5.979,1408.297,247.905,76.077,41.436,68.447,25.0,0,10.25,0.1467,0,85.329,78,Continue Monitoring,Normal
M-011,2024-01-01 10:30:00,97.081,95.404,4.793,1605.373,247.489,65.721,45.453,43.585,24.0,0,10.5,0.1518,0,84.817,77,Continue Monitoring,Normal
M-011,2024-01-01 10:45:00,99.177,94.43,5.806,1381.974,245.657,65.344,51.619,52.399,23.0,0,10.75,0.1705,0,82.954,76,Continue Monitoring,Normal
M-011,2024-01-01 11:00:00,100.806,93.657,6.414,1445.786,242.835,67.148,46.556,34.843,22.0,0,11.0,0.2003,0,79.972,73,Continue Monitoring,Normal
M-011,2024-01-01 11:15:00,95.446,93.822,4.306,1378.98,252.801,57.531,47.658,32.979,21.0,0,11.25,0.1373,0,86.271,79,Continue Monitoring,Normal
M-011,2024-01-01 11:30:00,94.788,92.586,4.525,1531.042,252.306,74.732,54.853,30.206,20.0,0,11.5,0.1315,0,86.855,79,Continue Monitoring,Normal
M-011,2024-01-01 11:45:00,96.885,94.351,7.142,1670.094,251.553,75.205,64.455,44.281,19.0,0,11.75,0.1924,0,80.762,74,Continue Monitoring,Normal
M-011,2024-01-01 12:00:00,96.745,93.259,4.656,1464.958,243.258,65.313,47.908,52.085,18.0,0,12.0,0.1488,0,85.116,78,Continue Monitoring,Normal
M-011,2024-01-01 12:15:00,102.372,89.623,8.859,1471.431,249.25,57.786,44.826,52.315,17.0,0,12.25,0.3047,0,69.526,65,Continue Monitoring,Normal
M-011,2024-01-01 12:30:00,98.616,92.632,6.285,1276.863,248.329,79.058,55.011,39.752,16.0,0,12.5,0.176,0,82.396,75,Continue Monitoring,Normal
M-011,2024-01-01 12:45:00,104.183,88.336,4.622,1669.748,250.441,67.268,48.103,32.085,15.0,0,12.75,0.215,0,78.504,72,Continue Monitoring,Normal
M-011,2024-01-01 13:00:00,99.008,92.521,6.025,1302.659,249.588,65.673,42.462,51.929,14.0,0,13.0,0.1699,0,83.012,76,Continue Monitoring,Normal
M-011,2024-01-01 13:15:00,106.536,97.581,6.922,1405.332,248.668,72.309,45.799,51.525,13.0,0,13.25,0.27,0,72.997,68,Continue Monitoring,Normal
M-011,2024-01-01 13:30:00,89.652,90.702,7.149,1330.819,248.243,73.715,57.371,24.439,12.0,0,13.5,0.1283,0,87.166,79,Continue Monitoring,Normal
M-011,2024-01-01 13:45:00,92.243,88.598,3.89,1250.98,246.127,78.284,46.33,36.702,11.0,0,13.75,0.1088,0,89.117,81,Continue Monitoring,Normal
M-011,2024-01-01 14:00:00,93.796,93.194,8.683,1314.817,254.301,72.291,48.244,39.371,10.0,0,14.0,0.222,0,77.799,72,Continue Monitoring,Normal
M-011,2024-01-01 14:15:00,99.065,96.735,6.8,1480.34,247.941,75.703,42.34,35.415,9.0,0,14.25,0.1991,0,80.088,74,Continue Monitoring,Normal
M-011,2024-01-01 14:30:00,108.904,83.532,6.414,1441.774,248.599,68.488,48.568,30.735,8.0,0,14.5,0.2722,0,72.775,68,Continue Monitoring,Normal
M-011,2024-01-01 14:45:00,98.11,89.476,8.934,1372.417,251.068,65.327,53.556,39.498,7.0,0,14.75,0.2696,0,73.037,68,Continue Monitoring,Normal
M-011,2024-01-01 15:00:00,98.733,87.763,5.064,1598.195,247.144,74.586,42.226,41.135,6.0,0,15.0,0.1665,0,83.349,76,Continue Monitoring,Normal
M-011,2024-01-01 15:15:00,94.127,87.875,5.135,1322.322,250.721,70.675,41.259,29.643,5.0,0,15.25,0.1256,0,87.443,79,Continue Monitoring,Normal
M-011,2024-01-01 15:30:00,92.099,92.627,7.305,1378.566,250.394,82.545,46.82,19.337,4.0,0,15.5,0.17,0,82.999,76,Continue Monitoring,Normal
M-011,2024-01-01 15:45:00,98.773,87.243,5.867,1301.973,247.543,68.619,53.1,38.681,3.0,0,15.75,0.1669,0,83.313,76,Continue Monitoring,Normal
M-011,2024-01-01 16:00:00,99.928,91.608,5.816,1083.085,250.82,54.504,36.094,24.843,2.0,0,16.0,0.1771,0,82.286,75,Continue Monitoring,Normal
M-011,2024-01-01 16:15:00,97.033,89.217,8.342,1413.423,249.035,80.254,56.958,30.413,1.0,0,16.25,0.2396,0,76.045,70,Continue Monitoring,Normal
M-011,2024-01-01 16:30:00,92.609,88.904,4.182,1344.613,246.698,68.336,49.064,10.0,33.0,0,16.5,0.1121,0,88.792,81,Continue Monitoring,Normal
M-011,2024-01-01 16:45:00,90.375,89.032,6.149,1281.966,249.1,65.786,38.736,17.586,32.0,0,16.75,0.0977,0,90.227,82,Continue Monitoring,Normal
M-011,2024-01-01 17:00:00,94.282,89.632,6.394,1382.843,252.018,66.385,37.909,34.472,31.0,0,17.0,0.1415,0,85.847,78,Continue Monitoring,Normal
M-011,2024-01-01 17:15:00,96.366,87.724,6.641,1451.902,255.22,72.664,53.653,10.0,30.0,0,17.25,0.1692,0,83.079,76,Continue Monitoring,Normal
M-011,2024-01-01 17:30:00,94.355,89.62,6.747,1508.092,250.84,64.436,39.645,35.873,29.0,0,17.5,0.1553,0,84.474,77,Continue Monitoring,Normal
M-011,2024-01-01 17:45:00,96.215,92.02,5.801,1337.751,247.185,73.8,40.106,14.664,28.0,0,17.75,0.1441,0,85.587,78,Continue Monitoring,Normal
M-011,2024-01-01 18:00:00,91.234,80.968,5.812,1188.468,249.57,71.192,57.692,20.156,27.0,0,18.0,0.0999,0,90.014,82,Continue Monitoring,Normal
M-011,2024-01-01 18:15:00,94.775,92.304,7.533,1341.452,251.099,76.249,32.453,36.866,26.0,0,18.25,0.1881,0,81.19,74,Continue Monitoring,Normal
M-011,2024-01-01 18:30:00,99.417,91.558,4.349,1422.681,248.223,75.097,39.244,37.122,25.0,0,18.5,0.1726,0,82.74,76,Continue Monitoring,Normal
M-011,2024-01-01 18:45:00,86.896,91.215,3.371,1262.904,249.077,79.41,44.316,25.145,24.0,0,18.75,0.0613,0,93.87,85,Continue Monitoring,Normal
M-011,2024-01-01 19:00:00,88.162,90.277,5.99,1317.657,251.505,76.595,48.397,19.295,23.0,0,19.0,0.0726,0,92.745,84,Continue Monitoring,Normal
M-011,2024-01-01 19:15:00,88.249,92.415,8.624,1046.863,251.913,76.367,55.49,18.888,22.0,0,19.25,0.1705,0,82.95,76,Continue Monitoring,Normal
M-011,2024-01-01 19:30:00,91.812,92.677,5.358,1192.136,246.482,82.129,49.35,10.0,21.0,0,19.5,0.1168,0,88.318,80,Continue Monitoring,Normal
M-011,2024-01-01 19:45:00,92.054,95.015,7.792,1117.576,241.129,74.578,41.254,15.824,20.0,0,19.75,0.1735,0,82.648,76,Continue Monitoring,Normal
M-011,2024-01-01 20:00:00,94.318,95.038,8.86,1367.441,255.819,81.553,55.298,10.0,19.0,0,20.0,0.2418,0,75.818,70,Continue Monitoring,Normal
M-011,2024-01-01 20:15:00,84.897,99.316,6.52,1356.708,248.958,78.737,31.756,10.0,18.0,0,20.25,0.0628,0,93.72,84,Continue Monitoring,Normal
M-011,2024-01-01 20:30:00,89.188,93.439,7.948,1068.166,252.624,80.666,60.426,13.86,17.0,0,20.5,0.1575,0,84.248,77,Continue Monitoring,Normal
M-011,2024-01-01 20:45:00,87.261,88.427,9.023,1278.175,250.613,60.831,40.688,12.242,16.0,0,20.75,0.1765,0,82.349,75,Continue Monitoring,Normal
M-011,2024-01-01 21:00:00,90.024,86.605,7.363,991.757,254.773,73.72,43.418,15.003,15.0,0,21.0,0.1396,0,86.043,78,Continue Monitoring,Normal
M-011,2024-01-01 21:15:00,89.523,96.63,6.605,1186.964,249.885,74.191,56.31,10.0,14.0,0,21.25,0.107,0,89.295,81,Continue Monitoring,Normal
M-011,2024-01-01 21:30:00,90.193,90.233,3.614,1185.612,251.881,71.669,37.07,10.0,13.0,0,21.5,0.0906,0,90.94,82,Continue Monitoring,Normal
M-011,2024-01-01 21:45:00,88.151,90.435,4.627,1120.931,252.755,75.446,40.684,10.0,12.0,0,21.75,0.0725,0,92.755,84,Continue Monitoring,Normal
M-011,2024-01-01 22:00:00,90.111,89.819,6.626,1302.581,246.996,80.708,55.607,10.0,11.0,0,22.0,0.117,0,88.301,80,Continue Monitoring,Normal
M-011,2024-01-01 22:15:00,84.662,96.678,6.292,850.173,250.547,76.003,50.255,10.0,10.0,0,22.25,0.0522,0,94.776,85,Continue Monitoring,Normal
M-011,2024-01-01 22:30:00,84.42,96.758,6.483,939.958,254.577,71.301,52.285,10.0,9.0,0,22.5,0.0572,0,94.282,85,Continue Monitoring,Normal
M-011,2024-01-01 22:45:00,84.475,95.612,6.46,972.452,243.722,83.553,47.148,12.209,8.0,0,22.75,0.0766,0,92.345,83,Continue Monitoring,Normal
M-011,2024-01-01 23:00:00,88.128,96.133,6.147,1164.352,255.197,73.561,56.992,10.0,7.0,0,23.0,0.0777,0,92.23,83,Continue Monitoring,Normal
M-011,2024-01-01 23:15:00,77.436,97.572,5.466,1342.123,254.926,84.183,50.811,10.0,6.0,0,23.25,0.0232,0,97.676,88,Continue Monitoring,Normal
M-011,2024-01-01 23:30:00,76.672,99.363,4.528,1278.64,252.935,72.626,48.078,10.0,5.0,0,23.5,0.0,0,100.0,90,Continue Monitoring,Normal
M-011,2024-01-01 23:45:00,81.943,99.428,8.59,1098.864,249.138,82.391,33.212,10.0,4.0,0,23.75,0.1265,0,87.351,79,Continue Monitoring,Normal
M-011,2024-01-02 00:00:00,85.151,92.942,8.02,1068.965,249.309,80.082,38.755,10.0,3.0,0,24.0,0.1211,0,87.892,80,Continue Monitoring,Normal
M-011,2024-01-02 00:15:00,73.701,96.563,6.734,999.541,252.122,72.873,51.519,10.0,2.0,0,24.25,0.0272,0,97.283,87,Continue Monitoring,Normal
M-011,2024-01-02 00:30:00,82.878,96.862,6.026,1020.499,251.703,72.306,51.781,10.0,1.0,0,24.5,0.0265,0,97.345,87,Continue Monitoring,Normal
M-011,2024-01-02 00:45:00,82.006,92.061,8.023,979.637,247.833,85.133,49.22,10.0,33.0,0,24.75,0.1213,0,87.874,80,Continue Monitoring,Normal
M-011,2024-01-02 01:00:00,81.755,96.272,6.326,1135.794,254.36,73.223,57.391,10.0,32.0,0,25.0,0.0277,0,97.234,87,Continue Monitoring,Normal
M-011,2024-01-02 01:15:00,73.795,91.67,4.369,985.84,250.265,78.568,44.705,10.0,31.0,0,25.25,0.0,0,100.0,90,Continue Monitoring,Normal
M-011,2024-01-02 01:30:00,78.986,97.157,5.939,1199.687,246.364,75.989,43.708,10.0,30.0,0,25.5,0.0,0,100.0,90,Continue Monitoring,Normal
M-011,2024-01-02 01:45:00,78.159,97.423,6.389,1189.939,250.96,87.757,46.353,10.0,29.0,0,25.75,0.0575,0,94.25,85,Continue Monitoring,Normal
M-011,2024-01-02 02:00:00,77.099,99.369,5.953,1034.313,250.971,76.337,46.741,10.0,28.0,0,26.0,0.0,0,100.0,90,Continue Monitoring,Normal
M-011,2024-01-02 02:15:00,77.501,102.659,7.384,1323.929,251.087,80.862,40.207,13.025,27.0,0,26.25,0.056,0,94.396,85,Continue Monitoring,Normal
M-011,2024-01-02 02:30:00,73.747,99.593,6.437,1060.159,250.222,68.715,42.855,14.735,26.0,0,26.5,0.0162,0,98.382,88,Continue Monitoring,Normal
M-011,2024-01-02 02:45:00,77.879,94.628,8.356,893.972,253.144,78.202,48.104,18.206,25.0,0,26.75,0.0872,0,91.275,83,Continue Monitoring,Normal
M-011,2024-01-02 03:00:00,72.146,100.593,8.601,919.125,248.662,72.409,46.277,10.0,24.0,0,27.0,0.0963,0,90.368,82,Continue Monitoring,Normal
M-011,2024-01-02 03:15:00,77.121,94.795,8.663,1053.694,256.622,79.191,42.422,10.0,23.0,0,27.25,0.0986,0,90.138,82,Continue Monitoring,Normal
M-011,2024-01-02 03:30:00,75.33,99.185,8.528,876.674,256.926,83.523,42.952,19.029,22.0,0,27.5,0.1132,0,88.681,80,Continue Monitoring,Normal
M-011,2024-01-02 03:45:00,70.707,100.141,5.095,1206.118,245.901,64.607,40.287,14.834,21.0,0,27.75,0.0,0,100.0,90,Continue Monitoring,Normal
M-011,2024-01-02 04:00:00,77.13,100.133,8.324,967.464,252.088,86.342,42.539,10.0,20.0,0,28.0,0.1213,0,87.871,80,Continue Monitoring,Normal
M-011,2024-01-02 04:15:00,74.67,102.222,7.067,1098.87,250.192,75.763,46.189,10.0,19.0,0,28.25,0.0395,0,96.049,86,Continue Monitoring,Normal
M-011,2024-01-02 04:30:00,78.726,101.338,6.502,1039.343,253.796,80.379,48.177,10.0,18.0,0,28.5,0.0207,0,97.931,88,Continue Monitoring,Normal
M-011,2024-01-02 04:45:00,61.795,104.274,7.557,971.292,252.824,88.541,52.269,13.938,17.0,0,28.75,0.1051,0,89.49,81,Continue Monitoring,Normal
M-011,2024-01-02 05:00:00,67.718,98.388,3.616,1048.177,254.037,83.471,47.764,10.0,16.0,0,29.0,0.0193,0,98.072,88,Continue Monitoring,Normal
M-011,2024-01-02 05:15:00,68.517,98.384,6.743,853.472,255.946,66.113,42.454,10.0,15.0,0,29.25,0.0275,0,97.247,87,Continue Monitoring,Normal
M-011,2024-01-02 05:30:00,71.478,101.045,6.488,857.915,250.652,71.509,42.739,26.368,14.0,0,29.5,0.0181,0,98.194,88,Continue Monitoring,Normal
M-011,2024-01-02 05:45:00,70.508,102.833,6.352,875.138,250.54,92.937,41.76,11.309,13.0,0,29.75,0.0849,0,91.509,83,Continue Monitoring,Normal
M-011,2024-01-02 06:00:00,66.043,93.14,5.911,1254.763,252.357,86.986,41.324,10.0,12.0,0,30.0,0.0388,0,96.119,86,Continue Monitoring,Normal
M-011,2024-01-02 06:15:00,64.47,102.757,7.365,968.02,248.94,82.168,40.328,12.679,11.0,0,30.25,0.0626,0,93.741,84,Continue Monitoring,Normal
M-011,2024-01-02 06:30:00,69.244,100.61,5.813,918.569,256.11,83.467,49.384,10.0,10.0,0,30.5,0.0193,0,98.074,88,Continue Monitoring,Normal
M-011,2024-01-02 06:45:00,62.282,105.144,8.329,987.281,249.334,65.522,48.392,23.489,9.0,0,30.75,0.0863,0,91.375,83,Continue Monitoring,Normal
M-011,2024-01-02 07:00:00,64.899,99.693,8.815,895.132,255.738,75.096,40.795,13.133,8.0,0,31.0,0.1042,0,89.575,81,Continue Monitoring,Normal
M-011,2024-01-02 07:15:00,65.662,105.473,8.332,1104.454,250.907,72.755,42.987,10.0,7.0,0,31.25,0.0864,0,91.362,83,Continue Monitoring,Normal
M-011,2024-01-02 07:30:00,72.682,105.204,6.979,864.808,254.927,76.997,42.189,30.354,6.0,0,31.5,0.0363,0,96.374,87,Continue Monitoring,Normal
M-011,2024-01-02 07:45:00,64.395,101.329,6.799,820.476,251.201,70.793,39.473,10.0,5.0,0,31.75,0.0296,0,97.04,87,Continue Monitoring,Normal
M-011,2024-01-02 08:00:00,63.719,99.846,7.483,962.643,250.345,92.696,41.893,23.158,4.0,0,32.0,0.1255,0,87.453,79,Continue Monitoring,Normal
M-011,2024-01-02 08:15:00,68.589,102.238,7.535,987.014,250.754,72.204,39.79,18.426,3.0,0,32.25,0.0569,0,94.313,85,Continue Monitoring,Normal
M-011,2024-01-02 08:30:00,57.487,106.966,10.192,1008.55,252.087,83.967,34.737,28.698,2.0,0,32.5,0.1773,0,82.269,75,Continue Monitoring,Normal
M-011,2024-01-02 08:45:00,63.344,109.387,6.919,1101.024,249.497,91.867,39.542,32.234,1.0,0,32.75,0.0999,0,90.005,82,Continue Monitoring,Normal
M-011,2024-01-02 09:00:00,67.246,103.753,7.518,916.285,242.214,84.101,39.613,33.452,33.0,0,33.0,0.079,0,92.101,83,Continue Monitoring,Normal
M-011,2024-01-02 09:15:00,65.85,106.152,8.335,705.19,251.756,74.264,49.468,28.846,32.0,0,33.25,0.0865,0,91.353,83,Continue Monitoring,Normal
M-011,2024-01-02 09:30:00,66.575,101.732,5.95,953.971,244.448,72.627,33.625,10.0,31.0,0,33.5,0.0,0,100.0,90,Continue Monitoring,Normal
M-011,2024-01-02 09:45:00,64.365,104.135,7.198,951.356,246.941,74.629,37.409,24.659,30.0,0,33.75,0.0444,0,95.564,86,Continue Monitoring,Normal
M-011,2024-01-02 10:00:00,57.564,104.608,6.463,1061.974,252.378,79.235,47.071,10.0,29.0,0,34.0,0.0172,0,98.284,88,Continue Monitoring,Normal
M-011,2024-01-02 10:15:00,61.446,105.771,7.985,1244.564,254.762,79.127,40.698,18.04,28.0,0,34.25,0.0735,0,92.648,84,Continue Monitoring,Normal
M-011,2024-01-02 10:30:00,61.298,101.182,6.457,918.776,250.784,88.996,47.744,25.556,27.0,0,34.5,0.0669,0,93.311,84,Continue Monitoring,Normal
M-011,2024-01-02 10:45:00,67.057,103.379,7.245,1023.123,248.908,81.767,42.918,22.639,26.0,0,34.75,0.0559,0,94.406,85,Continue Monitoring,Normal
M-011,2024-01-02 11:00:00,59.71,103.176,7.917,1004.725,246.038,86.057,48.248,11.178,25.0,0,35.0,0.1047,0,89.534,81,Continue Monitoring,Normal
M-011,2024-01-02 11:15:00,68.01,101.537,7.598,1185.964,254.317,84.41,43.399,18.407,24.0,0,35.25,0.0837,0,91.631,83,Continue Monitoring,Normal
M-011,2024-01-02 11:30:00,54.397,104.693,9.226,958.958,248.474,73.579,38.387,44.004,23.0,0,35.5,0.1195,0,88.052,80,Continue Monitoring,Normal
M-011,2024-01-02 11:45:00,63.244,101.252,11.083,892.174,250.849,70.227,40.884,35.811,22.0,0,35.75,0.1882,0,81.175,74,Continue Monitoring,Normal
M-011,2024-01-02 12:00:00,65.634,101.026,6.863,1038.641,245.886,82.086,43.456,39.722,21.0,0,36.0,0.0436,0,95.643,86,Continue Monitoring,Normal
M-011,2024-01-02 12:15:00,61.88,101.089,9.038,1202.8,253.29,80.358,49.824,32.228,20.0,0,36.25,0.1145,0,88.549,80,Continue Monitoring,Normal
M-011,2024-01-02 12:30:00,61.275,105.099,8.588,1053.599,245.824,76.412,37.539,54.623,19.0,0,36.5,0.0959,0,90.415,82,Continue Monitoring,Normal
M-011,2024-01-02 12:45:00,65.057,99.052,5.959,1003.525,247.203,76.763,48.277,28.671,18.0,0,36.75,0.0,0,100.0,90,Continue Monitoring,Normal
M-011,2024-01-02 13:00:00,71.13,98.345,5.464,1308.177,252.758,76.743,43.821,43.327,17.0,0,37.0,0.0,0,100.0,90,Continue Monitoring,Normal
M-011,2024-01-02 13:15:00,62.492,97.1,3.977,1013.046,254.156,91.098,39.905,30.572,16.0,0,37.25,0.0617,0,93.835,85,Continue Monitoring,Normal
M-011,2024-01-02 13:30:00,63.049,102.111,8.308,820.164,258.092,86.127,40.233,33.819,15.0,0,37.5,0.1195,0,88.047,80,Continue Monitoring,Normal
M-011,2024-01-02 13:45:00,65.895,102.076,7.611,1187.549,248.191,81.103,45.723,45.25,14.0,0,37.75,0.0658,0,93.42,84,Continue Monitoring,Normal
M-011,2024-01-02 14:00:00,63.136,104.555,5.261,1046.078,248.518,73.271,38.934,55.466,13.0,0,38.0,0.0,0,100.0,90,Continue Monitoring,Normal
M-011,2024-01-02 14:15:00,61.421,94.666,6.919,1158.191,248.465,82.362,44.103,41.93,12.0,0,38.25,0.0472,0,95.282,86,Continue Monitoring,Normal
M-011,2024-01-02 14:30:00,57.307,98.601,6.655,1126.504,250.326,81.389,46.149,40.162,11.0,0,38.5,0.032,0,96.802,87,Continue Monitoring,Normal
M-011,2024-01-02 14:45:00,68.192,101.705,7.699,1242.707,246.13,63.889,37.513,52.117,10.0,0,38.75,0.0629,0,93.706,84,Continue Monitoring,Normal
M-011,2024-01-02 15:00:00,62.576,99.032,6.37,945.27,252.336,77.285,38.525,38.517,9.0,0,39.0,0.0137,0,98.629,88,Continue Monitoring,Normal
M-011,2024-01-02 15:15:00,67.388,101.835,6.218,1329.439,247.529,74.556,39.291,37.944,8.0,0,39.25,0.0081,0,99.192,89,Continue Monitoring,Normal
M-011,2024-01-02 15:30:00,57.219,101.263,7.278,1273.528,248.727,82.76,28.729,37.602,7.0,0,39.5,0.0627,0,93.733,84,Continue Monitoring,Normal
M-011,2024-01-02 15:45:00,64.929,94.848,8.124,1042.378,247.815,90.28,45.604,28.205,6.0,0,39.75,0.1358,0,86.421,79,Continue Monitoring,Normal
M-011,2024-01-02 16:00:00,66.211,103.872,11.533,1276.087,243.571,82.143,50.486,45.232,5.0,0,40.0,0.2168,0,78.317,72,Continue Monitoring,Normal
M-011,2024-01-02 16:15:00,67.173,95.616,8.153,930.143,244.711,79.147,38.684,34.434,4.0,0,40.25,0.0798,0,92.024,83,Continue Monitoring,Normal
M-011,2024-01-02 16:30:00,61.202,98.849,7.526,1246.005,249.655,76.878,48.975,37.831,3.0,0,40.5,0.0565,0,94.346,85,Continue Monitoring,Normal
M-011,2024-01-02 16:45:00,71.129,100.922,7.164,1213.744,247.975,83.56,47.344,34.548,2.0,0,40.75,0.0629,0,93.712,84,Continue Monitoring,Normal
M-011,2024-01-02 17:00:00,65.4,90.954,7.429,1432.656,242.996,68.265,42.058,62.003,1.0,0,41.0,0.0529,0,94.708,85,Continue Monitoring,Normal
M-011,2024-01-02 17:15:00,65.2,91.308,5.336,1279.58,243.604,80.507,41.868,43.352,33.0,0,41.25,0.0028,0,99.719,89,Continue Monitoring,Normal
M-011,2024-01-02 17:30:00,71.422,98.511,9.403,1387.909,246.584,78.279,38.866,55.125,32.0,0,41.5,0.1261,0,87.395,79,Continue Monitoring,Normal
M-011,2024-01-02 17:45:00,61.842,101.632,6.678,1312.675,246.239,76.574,53.646,43.933,31.0,0,41.75,0.0251,0,97.489,87,Continue Monitoring,Normal
M-011,2024-01-02 18:00:00,63.52,94.182,7.795,1284.175,243.458,76.849,44.232,58.547,30.0,0,42.0,0.0665,0,93.353,84,Continue Monitoring,Normal
M-011,2024-01-02 18:15:00,65.145,96.07,7.247,1245.314,243.947,69.013,36.322,57.216,29.0,0,42.25,0.0462,0,95.382,86,Continue Monitoring,Normal
M-011,2024-01-02 18:30:00,63.677,94.575,7.255,1464.114,243.809,81.939,40.089,48.698,28.0,0,42.5,0.0573,0,94.273,85,Continue Monitoring,Normal
M-011,2024-01-02 18:45:00,66.691,95.506,8.892,1320.232,251.715,80.401,30.244,54.19,27.0,0,42.75,0.1094,0,89.065,81,Continue Monitoring,Normal
M-011,2024-01-02 19:00:00,67.636,95.157,7.434,1078.821,240.528,91.712,36.918,57.197,26.0,0,43.0,0.1182,0,88.183,80,Continue Monitoring,Normal
M-011,2024-01-02 19:15:00,60.023,91.647,8.762,1328.933,247.867,80.174,39.152,40.421,25.0,0,43.25,0.1033,0,89.673,81,Continue Monitoring,Normal
M-011,2024-01-02 19:30:00,62.039,98.727,10.021,1225.058,242.827,77.925,42.409,45.03,24.0,0,43.5,0.1489,0,85.106,78,Continue Monitoring,Normal
M-011,2024-01-02 19:45:00,69.207,94.108,7.682,1647.54,244.448,91.929,49.017,51.464,23.0,0,43.75,0.1286,0,87.144,79,Continue Monitoring,Normal
M-011,2024-01-02 20:00:00,59.91,94.09,7.137,1368.435,242.718,85.834,46.216,57.647,22.0,0,44.0,0.0745,0,92.55,84,Continue Monitoring,Normal
M-011,2024-01-02 20:15:00,66.504,90.566,8.365,1584.58,245.998,83.796,38.869,40.386,21.0,0,44.25,0.1087,0,89.134,81,Continue Monitoring,Normal
M-011,2024-01-02 20:30:00,71.096,93.179,8.452,1442.341,246.715,84.625,35.133,35.704,20.0,0,44.5,0.1165,0,88.349,80,Continue Monitoring,Normal
M-011,2024-01-02 20:45:00,68.734,93.202,7.171,1417.698,248.278,89.122,48.698,31.073,19.0,0,44.75,0.094,0,90.595,82,Continue Monitoring,Normal
M-011,2024-01-02 21:00:00,64.705,92.156,8.03,1367.244,243.776,78.769,43.1,30.255,18.0,0,45.0,0.0752,0,92.483,83,Continue Monitoring,Normal
M-011,2024-01-02 21:15:00,79.193,92.863,9.403,1333.058,247.038,81.69,45.317,40.85,17.0,0,45.25,0.1354,0,86.456,79,Continue Monitoring,Normal
M-011,2024-01-02 21:30:00,76.498,88.107,9.276,1423.426,242.139,94.744,51.246,21.34,16.0,0,45.5,0.2033,0,79.674,73,Continue Monitoring,Normal
M-011,2024-01-02 21:45:00,71.481,94.493,8.581,1597.271,248.996,83.026,53.795,50.648,15.0,0,45.75,0.1124,0,88.761,81,Continue Monitoring,Normal
M-011,2024-01-02 22:00:00,69.86,90.521,9.718,1326.178,243.722,79.583,42.246,38.505,14.0,0,46.0,0.1377,0,86.23,78,Continue Monitoring,Normal
M-011,2024-01-02 22:15:00,66.497,95.475,7.426,1669.338,245.742,90.22,43.879,52.713,13.0,0,46.25,0.1096,0,89.041,81,Continue Monitoring,Normal
M-011,2024-01-02 22:30:00,74.554,92.516,9.538,1730.555,243.898,87.004,40.044,43.709,12.0,0,46.5,0.1699,0,83.006,76,Continue Monitoring,Normal
M-011,2024-01-02 22:45:00,72.957,85.169,7.742,1557.149,242.289,87.976,41.161,35.786,11.0,0,46.75,0.1088,0,89.117,81,Continue Monitoring,Normal
M-011,2024-01-02 23:00:00,76.934,93.529,8.626,1563.738,245.071,70.107,37.775,18.678,10.0,0,47.0,0.0973,0,90.274,82,Continue Monitoring,Normal
M-011,2024-01-02 23:15:00,76.469,94.028,9.371,1504.805,247.241,70.674,39.384,21.563,9.0,0,47.25,0.1248,0,87.516,80,Continue Monitoring,Normal
M-011,2024-01-02 23:30:00,72.941,96.054,9.598,1529.522,243.669,74.845,41.139,45.783,8.0,0,47.5,0.1332,0,86.675,79,Continue Monitoring,Normal
M-011,2024-01-02 23:45:00,76.554,86.326,8.229,1224.026,246.502,77.039,32.666,41.793,7.0,0,47.75,0.0825,0,91.746,83,Continue Monitoring,Normal
M-011,2024-01-03 00:00:00,77.698,91.67,11.166,1533.042,242.03,85.614,38.278,45.197,6.0,0,48.0,0.2225,0,77.749,72,Continue Monitoring,Normal
M-011,2024-01-03 00:15:00,77.134,92.015,6.093,1467.054,243.671,74.9,38.656,35.782,5.0,0,48.25,0.0034,0,99.656,89,Continue Monitoring,Normal
M-011,2024-01-03 00:30:00,76.546,86.553,7.745,1406.007,244.296,82.759,37.508,25.794,4.0,0,48.5,0.0799,0,92.006,83,Continue Monitoring,Normal
M-011,2024-01-03 00:45:00,77.39,93.606,8.532,1635.043,246.989,92.727,48.182,44.792,3.0,0,48.75,0.1645,0,83.551,76,Continue Monitoring,Normal
M-011,2024-01-03 01:00:00,73.068,92.6,9.863,1633.883,241.152,86.941,40.416,46.481,2.0,0,49.0,0.1816,0,81.837,75,Continue Monitoring,Normal
M-011,2024-01-03 01:15:00,72.694,88.303,5.637,1484.699,250.131,82.119,40.567,32.351,1.0,0,49.25,0.0118,0,98.823,89,Continue Monitoring,Normal
M-011,2024-01-03 01:30:00,78.341,91.676,8.736,1366.84,242.931,87.713,45.529,38.664,33.0,0,49.5,0.1442,0,85.581,78,Continue Monitoring,Normal
M-011,2024-01-03 01:45:00,80.713,91.626,9.252,1397.513,241.18,81.736,32.306,28.573,32.0,0,49.75,0.1364,0,86.356,79,Continue Monitoring,Normal
M-012,2024-01-01 00:00:00,79.467,103.031,7.324,1312.375,218.099,100.928,43.608,44.973,115.0,0,0.0,0.1653,0,83.47,76,Continue Monitoring,Normal
M-012,2024-01-01 00:15:00,76.599,104.401,5.662,1438.19,218.205,90.504,47.864,27.21,114.0,0,0.25,0.0584,0,94.165,85,Continue Monitoring,Normal
M-012,2024-01-01 00:30:00,76.324,99.12,3.977,1423.357,222.961,93.077,38.336,42.095,113.0,0,0.5,0.0726,0,92.735,84,Continue Monitoring,Normal
M-012,2024-01-01 00:45:00,82.583,95.925,6.067,1335.845,218.881,92.32,37.515,45.364,112.0,0,0.75,0.0939,0,90.61,82,Continue Monitoring,Normal
M-012,2024-01-01 01:00:00,81.216,100.055,6.722,1529.707,221.243,94.874,33.731,63.405,111.0,0,1.0,0.1202,0,87.98,80,Continue Monitoring,Normal
M-012,2024-01-01 01:15:00,76.858,101.203,4.196,1415.473,219.099,84.715,45.088,30.761,110.0,0,1.25,0.0262,0,97.381,87,Continue Monitoring,Normal
M-012,2024-01-01 01:30:00,85.7,102.737,4.079,1527.905,220.113,82.5,31.408,50.501,109.0,0,1.5,0.0646,0,93.545,84,Continue Monitoring,Normal
M-012,2024-01-01 01:45:00,84.734,101.432,4.079,1450.639,219.735,78.068,38.311,50.295,108.0,0,1.75,0.0421,0,95.792,86,Continue Monitoring,Normal
M-012,2024-01-01 02:00:00,83.14,105.916,3.236,1403.552,221.236,92.093,26.527,52.202,107.0,0,2.0,0.0951,0,90.491,82,Continue Monitoring,Normal
M-012,2024-01-01 02:15:00,84.408,94.14,4.494,1395.135,219.601,81.11,40.42,64.878,106.0,0,2.25,0.0453,0,95.465,86,Continue Monitoring,Normal
M-012,2024-01-01 02:30:00,85.015,93.898,5.072,1477.945,217.783,93.042,43.19,41.637,105.0,0,2.5,0.117,0,88.297,80,Continue Monitoring,Normal
M-012,2024-01-01 02:45:00,77.915,94.206,3.755,1491.635,219.662,85.874,41.306,53.987,104.0,0,2.75,0.0326,0,96.737,87,Continue Monitoring,Normal
M-012,2024-01-01 03:00:00,85.817,102.545,3.783,1387.781,219.766,86.608,25.577,44.912,103.0,0,3.0,0.0884,0,91.158,82,Continue Monitoring,Normal
M-012,2024-01-01 03:15:00,89.961,102.341,5.452,1543.58,225.803,83.416,32.08,62.59,102.0,0,3.25,0.1075,0,89.248,81,Continue Monitoring,Normal
M-012,2024-01-01 03:30:00,86.167,97.757,5.505,1483.639,219.067,84.869,39.782,54.353,101.0,0,3.5,0.0819,0,91.813,83,Continue Monitoring,Normal
M-012,2024-01-01 03:45:00,92.631,98.722,4.317,1717.279,224.659,92.031,28.469,45.09,100.0,0,3.75,0.1791,0,82.088,75,Continue Monitoring,Normal
M-012,2024-01-01 04:00:00,82.848,99.513,4.051,1744.925,217.109,82.977,39.284,59.3,99.0,0,4.0,0.0419,0,95.814,86,Continue Monitoring,Normal
M-012,2024-01-01 04:15:00,77.207,93.999,4.408,1723.129,227.609,88.295,36.772,46.557,98.0,0,4.25,0.0461,0,95.392,86,Continue Monitoring,Normal
M-012,2024-01-01 04:30:00,90.57,103.583,6.551,1564.512,219.551,91.344,46.059,51.72,97.0,0,4.5,0.1774,0,82.263,75,Continue Monitoring,Normal
M-012,2024-01-01 04:45:00,81.248,97.701,4.417,1356.775,222.883,94.919,48.912,43.159,96.0,0,4.75,0.094,0,90.602,82,Continue Monitoring,Normal
M-012,2024-01-01 05:00:00,91.895,101.457,5.55,1461.591,219.112,92.147,38.27,51.603,95.0,0,5.0,0.1732,0,82.678,76,Continue Monitoring,Normal
M-012,2024-01-01 05:15:00,94.592,97.122,2.186,1562.324,223.866,93.95,39.709,72.807,94.0,0,5.25,0.2072,0,79.279,73,Continue Monitoring,Normal
M-012,2024-01-01 05:30:00,85.407,96.813,7.015,1359.65,222.383,100.249,44.962,65.092,93.0,0,5.5,0.1982,0,80.184,74,Continue Monitoring,Normal
M-012,2024-01-01 05:45:00,93.038,94.714,6.79,1457.952,219.241,94.452,34.692,61.133,92.0,0,5.75,0.2254,0,77.457,71,Continue Monitoring,Normal
M-012,2024-01-01 06:00:00,92.438,102.919,5.489,1533.66,224.809,86.004,43.101,60.239,91.0,0,6.0,0.1439,0,85.609,78,Continue Monitoring,Normal
M-012,2024-01-01 06:15:00,92.723,91.984,1.746,1433.327,228.133,83.88,41.986,53.65,90.0,0,6.25,0.1346,0,86.536,79,Continue Monitoring,Normal
M-012,2024-01-01 06:30:00,90.554,96.928,7.213,1688.931,224.167,101.084,33.763,71.178,89.0,0,6.5,0.2559,0,74.411,69,Continue Monitoring,Normal
M-012,2024-01-01 06:45:00,95.5,99.464,4.71,1571.277,220.517,86.446,32.028,64.536,88.0,0,6.75,0.1736,0,82.641,76,Continue Monitoring,Normal
M-012,2024-01-01 07:00:00,91.349,97.816,5.625,1501.211,219.971,90.586,32.847,52.383,87.0,0,7.0,0.1597,0,84.031,77,Continue Monitoring,Normal
M-012,2024-01-01 07:15:00,99.398,91.646,7.789,1667.331,226.312,98.355,41.165,78.071,86.0,0,7.25,0.3407,0,65.932,62,Continue Monitoring,Normal
M-012,2024-01-01 07:30:00,88.625,95.499,3.778,1433.071,221.482,105.475,36.387,81.5,85.0,0,7.5,0.2293,0,77.07,71,Continue Monitoring,Normal
M-012,2024-01-01 07:45:00,101.623,104.673,7.655,1923.154,224.553,94.055,39.161,61.822,84.0,0,7.75,0.3316,0,66.842,63,Continue Monitoring,Normal
M-012,2024-01-01 08:00:00,94.189,97.663,4.35,1478.08,224.779,87.697,33.819,60.495,83.0,0,8.0,0.1689,0,83.111,76,Continue Monitoring,Normal
M-012,2024-01-01 08:15:00,92.397,98.454,4.784,1785.498,224.416,92.017,38.266,49.053,82.0,0,8.25,0.177,0,82.304,75,Continue Monitoring,Normal
M-012,2024-01-01 08:30:00,95.518,97.389,6.419,1486.462,219.35,88.969,45.585,64.17,81.0,0,8.5,0.2033,0,79.67,73,Continue Monitoring,Normal
M-012,2024-01-01 08:45:00,91.332,90.2,4.09,1560.641,226.821,99.905,30.937,69.427,80.0,0,8.75,0.2113,0,78.869,73,Continue Monitoring,Normal
M-012,2024-01-01 09:00:00,97.283,90.739,4.945,1693.451,224.611,80.933,37.982,68.138,79.0,0,9.0,0.1588,0,84.119,77,Continue Monitoring,Normal
M-012,2024-01-01 09:15:00,101.231,91.992,4.314,1628.833,225.1,93.676,40.778,50.348,78.0,0,9.25,0.2647,0,73.531,68,Continue Monitoring,Normal
M-012,2024-01-01 09:30:00,96.716,91.494,4.892,1859.821,220.136,91.13,29.461,62.901,77.0,0,9.5,0.2104,0,78.958,73,Continue Monitoring,Normal
M-012,2024-01-01 09:45:00,99.521,93.955,4.944,1814.846,225.426,98.914,41.355,32.324,76.0,0,9.75,0.2786,0,72.14,67,Continue Monitoring,Normal
M-012,2024-01-01 10:00:00,95.205,89.941,3.961,1832.581,223.412,106.515,28.572,49.912,75.0,0,10.0,0.2825,0,71.754,67,Continue Monitoring,Normal
M-012,2024-01-01 10:15:00,98.727,91.885,5.567,1641.961,224.21,91.227,38.049,66.775,74.0,0,10.25,0.2288,0,77.116,71,Continue Monitoring,Normal
M-012,2024-01-01 10:30:00,102.285,92.039,4.601,1592.164,229.147,98.279,25.53,40.485,73.0,0,10.5,0.2996,0,70.036,66,Continue Monitoring,Normal
M-012,2024-01-01 10:45:00,92.639,93.08,5.12,1715.671,224.31,103.319,41.508,60.199,72.0,0,10.75,0.2419,0,75.811,70,Continue Monitoring,Normal
M-012,2024-01-01 11:00:00,100.655,87.192,5.063,1669.054,226.74,81.621,35.263,62.885,71.0,0,11.0,0.1926,0,80.74,74,Continue Monitoring,Normal
M-012,2024-01-01 11:15:00,98.08,95.453,6.263,1643.525,227.055,92.307,37.656,66.236,70.0,0,11.25,0.2388,0,76.117,70,Continue Monitoring,Normal
M-012,2024-01-01 11:30:00,96.07,92.743,6.558,1734.183,228.825,110.106,40.941,53.036,69.0,0,11.5,0.3308,0,66.924,63,Continue Monitoring,Normal
M-012,2024-01-01 11:45:00,98.36,92.834,6.086,1825.646,220.166,104.494,47.774,62.645,68.0,0,11.75,0.3025,0,69.754,65,Continue Monitoring,Normal
M-012,2024-01-01 12:00:00,98.726,90.48,5.251,1727.149,227.211,99.032,40.378,65.219,67.0,0,12.0,0.2722,0,72.782,68,Continue Monitoring,Normal
M-012,2024-01-01 12:15:00,99.53,87.919,6.422,1863.209,225.322,104.573,31.06,55.165,66.0,0,12.25,0.3258,0,67.424,63,Continue Monitoring,Normal
M-012,2024-01-01 12:30:00,93.828,94.925,7.569,1624.697,229.004,105.721,36.311,55.947,65.0,0,12.5,0.3239,0,67.608,64,Continue Monitoring,Normal
M-012,2024-01-01 12:45:00,99.318,88.064,5.441,1889.801,224.079,100.234,39.596,52.16,64.0,0,12.75,0.2841,0,71.587,67,Continue Monitoring,Normal
M-012,2024-01-01 13:00:00,97.244,95.664,6.077,1713.56,230.469,92.321,30.114,70.591,63.0,0,13.0,0.2246,0,77.541,72,Continue Monitoring,Normal
M-012,2024-01-01 13:15:00,96.859,92.912,4.25,1670.378,222.46,94.883,32.451,43.206,62.0,0,13.25,0.2325,0,76.746,71,Continue Monitoring,Normal
M-012,2024-01-01 13:30:00,95.038,83.187,3.708,1712.68,226.878,87.007,39.567,42.242,61.0,0,13.5,0.1726,0,82.74,76,Continue Monitoring,Normal
M-012,2024-01-01 13:45:00,99.059,89.567,4.892,1602.57,233.596,89.305,37.58,57.848,60.0,0,13.75,0.2211,0,77.889,72,Continue Monitoring,Normal
M-012,2024-01-01 14:00:00,92.224,84.989,4.521,1699.02,224.972,93.089,41.625,40.953,59.0,0,14.0,0.1814,0,81.862,75,Continue Monitoring,Normal
M-012,2024-01-01 14:15:00,95.604,85.1,5.826,1629.5,228.464,86.78,34.948,35.186,58.0,0,14.25,0.1764,0,82.363,75,Continue Monitoring,Normal
M-012,2024-01-01 14:30:00,94.843,93.969,4.943,1431.821,224.116,83.61,28.263,53.611,57.0,0,14.5,0.152,0,84.801,77,Continue Monitoring,Normal
M-012,2024-01-01 14:45:00,89.893,90.354,5.443,1525.428,226.914,88.413,41.02,38.826,56.0,0,14.75,0.1347,0,86.532,79,Continue Monitoring,Normal
M-012,2024-01-01 15:00:00,93.966,87.807,6.387,1647.74,218.441,96.846,25.445,41.284,55.0,0,15.0,0.2321,0,76.791,71,Continue Monitoring,Normal
M-012,2024-01-01 15:15:00,94.896,88.186,6.138,1661.74,224.059,89.488,35.632,28.132,54.0,0,15.25,0.1902,0,80.976,74,Continue Monitoring,Normal
M-012,2024-01-01 15:30:00,93.221,93.218,3.343,1527.178,224.674,109.284,32.556,37.628,53.0,0,15.5,0.2802,0,71.98,67,Continue Monitoring,Normal
M-012,2024-01-01 15:45:00,90.789,89.147,5.845,1454.105,229.487,97.234,40.83,37.989,52.0,0,15.75,0.1916,0,80.835,74,Continue Monitoring,Normal
M-012,2024-01-01 16:00:00,95.652,88.438,7.523,1566.528,226.615,92.219,32.557,42.483,51.0,0,16.0,0.2634,0,73.658,68,Continue Monitoring,Normal
M-012,2024-01-01 16:15:00,97.709,86.995,5.674,1566.623,227.73,83.564,30.037,25.275,50.0,0,16.25,0.1772,0,82.278,75,Continue Monitoring,Normal
M-012,2024-01-01 16:30:00,94.298,86.33,4.817,1392.941,225.51,87.738,40.066,42.55,49.0,0,16.5,0.1701,0,82.992,76,Continue Monitoring,Normal
M-012,2024-01-01 16:45:00,94.487,88.125,2.674,1472.801,224.499,97.428,39.169,39.826,48.0,0,16.75,0.2256,0,77.441,71,Continue Monitoring,Normal
M-012,2024-01-01 17:00:00,98.643,87.337,4.688,1643.673,227.343,94.058,46.461,41.18,47.0,0,17.0,0.2438,0,75.619,70,Continue Monitoring,Normal
M-012,2024-01-01 17:15:00,92.518,87.008,7.414,1535.135,226.978,100.611,40.593,39.728,46.0,0,17.25,0.2782,0,72.184,67,Continue Monitoring,Normal
M-012,2024-01-01 17:30:00,96.491,90.458,6.349,1413.505,232.393,87.331,37.099,19.694,45.0,0,17.5,0.2002,0,79.976,73,Continue Monitoring,Normal
M-012,2024-01-01 17:45:00,92.223,87.44,5.777,1533.171,224.149,95.851,43.535,18.78,44.0,0,17.75,0.1967,0,80.329,74,Continue Monitoring,Normal
M-012,2024-01-01 18:00:00,88.846,91.8,5.711,1501.023,230.14,90.588,31.986,24.329,43.0,0,18.0,0.1375,0,86.255,79,Continue Monitoring,Normal
M-012,2024-01-01 18:15:00,90.502,93.314,3.236,1330.184,223.028,106.049,31.344,26.355,42.0,0,18.25,0.2381,0,76.194,70,Continue Monitoring,Normal
M-012,2024-01-01 18:30:00,85.056,88.597,6.845,1494.347,226.853,85.373,32.991,29.973,41.0,0,18.5,0.1061,0,89.391,81,Continue Monitoring,Normal
M-012,2024-01-01 18:45:00,87.153,91.451,6.886,1390.965,229.403,95.649,41.769,47.747,40.0,0,18.75,0.1833,0,81.665,75,Continue Monitoring,Normal
M-012,2024-01-01 19:00:00,86.34,91.909,7.489,1328.257,225.547,92.402,34.017,22.764,39.0,0,19.0,0.1804,0,81.959,75,Continue Monitoring,Normal
M-012,2024-01-01 19:15:00,89.503,92.241,3.023,1318.147,229.328,100.466,28.389,30.871,38.0,0,19.25,0.1982,0,80.183,74,Continue Monitoring,Normal
M-012,2024-01-01 19:30:00,95.174,89.718,4.281,1530.24,232.53,90.484,34.902,35.148,37.0,0,19.5,0.1931,0,80.688,74,Continue Monitoring,Normal
M-012,2024-01-01 19:45:00,89.886,84.773,6.328,1297.988,223.591,84.682,41.735,14.9,36.0,0,19.75,0.126,0,87.396,79,Continue Monitoring,Normal
M-012,2024-01-01 20:00:00,90.306,91.912,5.949,1441.219,228.586,97.833,29.957,13.784,35.0,0,20.0,0.1907,0,80.932,74,Continue Monitoring,Normal
M-012,2024-01-01 20:15:00,88.09,89.969,6.338,1528.013,228.512,91.281,21.356,13.652,34.0,0,20.25,0.1471,0,85.289,78,Continue Monitoring,Normal
M-012,2024-01-01 20:30:00,82.66,88.338,6.091,1396.142,233.091,100.428,45.823,27.591,33.0,0,20.5,0.1405,0,85.948,78,Continue Monitoring,Normal
M-012,2024-01-01 20:45:00,91.898,89.644,4.263,1322.371,227.515,92.74,28.286,23.743,32.0,0,20.75,0.1765,0,82.346,75,Continue Monitoring,Normal
M-012,2024-01-01 21:00:00,83.043,86.322,4.211,1338.399,224.61,95.63,37.819,24.492,31.0,0,21.0,0.1139,0,88.612,80,Continue Monitoring,Normal
M-012,2024-01-01 21:15:00,83.921,87.221,4.991,1435.535,230.281,99.787,41.349,35.254,30.0,0,21.25,0.1448,0,85.522,78,Continue Monitoring,Normal
M-012,2024-01-01 21:30:00,84.124,95.812,5.447,1469.651,229.767,83.567,28.267,10.0,29.0,0,21.5,0.0565,0,94.353,85,Continue Monitoring,Normal
M-012,2024-01-01 21:45:00,78.413,94.218,8.723,1306.85,230.23,107.889,35.237,16.265,28.0,0,21.75,0.2558,0,74.419,69,Continue Monitoring,Normal
M-012,2024-01-01 22:00:00,84.036,93.427,7.067,1383.793,228.975,97.228,24.352,24.841,27.0,0,22.0,0.1711,0,82.89,76,Continue Monitoring,Normal
M-012,2024-01-01 22:15:00,79.351,93.915,6.915,1182.249,225.892,112.527,33.356,10.0,26.0,0,22.25,0.2146,0,78.54,72,Continue Monitoring,Normal
M-012,2024-01-01 22:30:00,87.158,89.988,3.183,1372.332,224.986,100.015,28.879,21.769,25.0,0,22.5,0.1748,0,82.517,76,Continue Monitoring,Normal
M-012,2024-01-01 22:45:00,84.148,84.793,6.422,1266.198,232.005,100.623,38.215,10.0,24.0,0,22.75,0.1671,0,83.292,76,Continue Monitoring,Normal
M-012,2024-01-01 23:00:00,79.709,92.744,5.397,1452.694,227.311,89.373,28.634,23.378,23.0,0,23.0,0.0521,0,94.793,85,Continue Monitoring,Normal
M-012,2024-01-01 23:15:00,81.65,92.424,7.401,1173.703,221.08,92.067,34.974,10.825,22.0,0,23.25,0.1336,0,86.639,79,Continue Monitoring,Normal
M-012,2024-01-01 23:30:00,75.524,96.404,6.161,1321.687,229.058,89.037,35.261,22.039,21.0,0,23.5,0.0562,0,94.383,85,Continue Monitoring,Normal
M-012,2024-01-01 23:45:00,85.77,95.793,6.666,1058.247,227.765,91.521,41.059,23.967,20.0,0,23.75,0.1399,0,86.006,78,Continue Monitoring,Normal
M-012,2024-01-02 00:00:00,76.847,93.767,6.31,1366.779,222.792,82.839,33.516,10.0,19.0,0,24.0,0.0273,0,97.274,87,Continue Monitoring,Normal
M-012,2024-01-02 00:15:00,80.721,95.961,7.708,1176.149,228.309,102.957,26.154,21.375,18.0,0,24.25,0.1972,0,80.28,74,Continue Monitoring,Normal
M-012,2024-01-02 00:30:00,80.62,92.649,6.19,1226.548,230.171,95.964,34.493,10.0,17.0,0,24.5,0.1012,0,89.876,81,Continue Monitoring,Normal
M-012,2024-01-02 00:45:00,75.207,95.262,4.752,1332.0,229.61,93.221,34.334,10.0,16.0,0,24.75,0.0734,0,92.655,84,Continue Monitoring,Normal
M-012,2024-01-02 01:00:00,71.975,93.238,5.952,1291.423,228.283,105.02,27.086,10.0,15.0,0,25.0,0.139,0,86.1,78,Continue Monitoring,Normal
M-012,2024-01-02 01:15:00,84.405,89.519,5.404,1093.47,227.247,95.716,36.508,14.555,14.0,0,25.25,0.1265,0,87.354,79,Continue Monitoring,Normal
M-012,2024-01-02 01:30:00,72.04,93.83,6.052,1304.255,235.129,103.766,26.741,11.145,13.0,0,25.5,0.134,0,86.604,79,Continue Monitoring,Normal
M-012,2024-01-02 01:45:00,77.423,94.317,6.726,936.736,229.485,95.602,32.079,26.879,12.0,0,25.75,0.1135,0,88.645,80,Continue Monitoring,Normal
M-012,2024-01-02 02:00:00,71.091,96.972,7.194,1223.816,222.976,108.48,31.391,10.0,11.0,0,26.0,0.2024,0,79.757,73,Continue Monitoring,Normal
M-012,2024-01-02 02:15:00,74.335,95.284,4.431,1217.557,226.018,103.813,35.686,28.92,10.0,0,26.25,0.1323,0,86.771,79,Continue Monitoring,Normal
M-012,2024-01-02 02:30:00,74.173,94.294,4.055,1455.672,229.785,94.36,42.662,26.527,9.0,0,26.5,0.0798,0,92.022,83,Continue Monitoring,Normal
M-012,2024-01-02 02:45:00,69.061,94.713,5.942,1059.096,227.496,104.28,24.185,16.25,8.0,0,26.75,0.1349,0,86.511,79,Continue Monitoring,Normal
M-012,2024-01-02 03:00:00,78.59,98.439,6.036,1102.707,230.264,91.148,33.803,13.983,7.0,0,27.0,0.0633,0,93.672,84,Continue Monitoring,Normal
M-012,2024-01-02 03:15:00,77.873,95.751,5.46,1029.571,229.066,96.51,27.096,10.0,6.0,0,27.25,0.0917,0,90.828,82,Continue Monitoring,Normal
M-012,2024-01-02 03:30:00,74.979,94.445,4.752,1282.224,227.237,106.255,30.035,14.686,5.0,0,27.5,0.1459,0,85.414,78,Continue Monitoring,Normal
M-012,2024-01-02 03:45:00,72.921,102.164,8.015,1309.471,225.829,92.749,36.678,29.024,4.0,0,27.75,0.1455,0,85.453,78,Continue Monitoring,Normal
M-012,2024-01-02 04:00:00,76.418,98.284,7.221,1257.313,228.139,101.093,32.625,10.0,3.0,0,28.0,0.1624,0,83.759,77,Continue Monitoring,Normal
M-012,2024-01-02 04:15:00,68.5,96.375,3.978,1182.16,227.546,105.17,39.524,29.761,2.0,0,28.25,0.1398,0,86.016,78,Continue Monitoring,Normal
M-012,2024-01-02 04:30:00,76.402,96.436,4.227,1274.227,231.788,110.819,34.792,10.0,1.0,0,28.5,0.1712,0,82.879,76,Continue Monitoring,Normal
M-012,2024-01-02 04:45:00,71.683,100.593,8.0,1331.989,230.342,95.906,25.631,23.302,115.0,0,28.75,0.1624,0,83.756,77,Continue Monitoring,Normal
M-012,2024-01-02 05:00:00,66.551,103.562,3.876,1226.735,228.542,98.659,26.179,10.0,114.0,0,29.0,0.1037,0,89.634,81,Continue Monitoring,Normal
M-012,2024-01-02 05:15:00,67.104,97.797,7.834,1063.421,228.909,91.151,34.535,10.0,113.0,0,29.25,0.1299,0,87.014,79,Continue Monitoring,Normal
M-012,2024-01-02 05:30:00,77.129,99.107,2.38,1070.271,224.89,95.696,29.39,13.813,112.0,0,29.5,0.0872,0,91.28,83,Continue Monitoring,Normal
M-012,2024-01-02 05:45:00,65.01,96.236,7.458,1299.959,226.717,100.253,24.745,22.051,111.0,0,29.75,0.1665,0,83.349,76,Continue Monitoring,Normal
M-012,2024-01-02 06:00:00,68.732,99.226,6.877,1192.675,224.28,108.818,30.182,39.033,110.0,0,30.0,0.1926,0,80.743,74,Continue Monitoring,Normal
M-012,2024-01-02 06:15:00,69.042,105.957,7.983,1183.086,225.234,95.646,34.552,24.678,109.0,0,30.25,0.1603,0,83.965,77,Continue Monitoring,Normal
M-012,2024-01-02 06:30:00,64.563,102.693,6.406,1257.082,224.435,107.643,34.285,36.222,108.0,0,30.5,0.1686,0,83.137,76,Continue Monitoring,Normal
M-012,2024-01-02 06:45:00,70.399,100.077,6.136,1371.327,226.446,105.976,28.918,10.0,107.0,0,30.75,0.1493,0,85.067,78,Continue Monitoring,Normal
M-012,2024-01-02 07:00:00,61.161,101.676,7.364,1207.814,230.71,103.566,26.481,32.271,106.0,0,31.0,0.1814,0,81.857,75,Continue Monitoring,Normal
M-012,2024-01-02 07:15:00,66.343,98.846,7.059,1169.958,225.41,99.672,39.541,41.214,105.0,0,31.25,0.1485,0,85.15,78,Continue Monitoring,Normal
M-012,2024-01-02 07:30:00,66.024,100.847,4.406,1368.862,230.285,106.27,17.339,28.913,104.0,0,31.5,0.1459,0,85.405,78,Continue Monitoring,Normal
M-012,2024-01-02 07:45:00,64.382,102.813,5.796,1137.211,228.984,95.682,27.471,31.555,103.0,0,31.75,0.0871,0,91.288,83,Continue Monitoring,Normal
M-012,2024-01-02 08:00:00,69.877,103.267,7.948,1175.464,231.558,88.998,42.978,52.273,102.0,0,32.0,0.1221,0,87.787,80,Continue Monitoring,Normal
M-012,2024-01-02 08:15:00,65.996,103.402,6.404,1145.934,225.186,100.934,34.109,36.101,101.0,0,32.25,0.1313,0,86.874,79,Continue Monitoring,Normal
M-012,2024-01-02 08:30:00,71.777,101.257,4.388,1371.978,223.299,97.451,32.334,37.233,100.0,0,32.5,0.0969,0,90.305,82,Continue Monitoring,Normal
M-012,2024-01-02 08:45:00,57.723,98.754,4.414,1253.2,230.455,92.904,36.608,43.537,99.0,0,32.75,0.0717,0,92.831,84,Continue Monitoring,Normal
M-012,2024-01-02 09:00:00,60.558,95.07,5.002,1111.448,231.47,100.719,24.523,36.881,98.0,0,33.0,0.1151,0,88.49,80,Continue Monitoring,Normal
M-012,2024-01-02 09:15:00,57.718,102.572,5.148,1087.603,227.91,113.888,43.683,26.181,97.0,0,33.25,0.1883,0,81.173,74,Continue Monitoring,Normal
M-012,2024-01-02 09:30:00,60.233,102.573,8.168,932.78,226.982,98.317,18.884,24.386,96.0,0,33.5,0.1821,0,81.793,75,Continue Monitoring,Normal
M-012,2024-01-02 09:45:00,60.083,101.188,7.959,1240.285,229.498,102.004,26.131,37.096,95.0,0,33.75,0.1948,0,80.522,74,Continue Monitoring,Normal
M-012,2024-01-02 10:00:00,64.888,104.08,6.355,1091.882,227.596,105.253,37.69,33.318,94.0,0,34.0,0.1534,0,84.655,77,Continue Monitoring,Normal
M-012,2024-01-02 10:15:00,59.202,103.209,6.007,1155.339,230.283,92.4,42.565,35.144,93.0,0,34.25,0.0691,0,93.086,84,Continue Monitoring,Normal
M-012,2024-01-02 10:30:00,65.124,100.559,6.972,1183.994,229.021,99.655,26.725,60.559,92.0,0,34.5,0.1452,0,85.48,78,Continue Monitoring,Normal
M-012,2024-01-02 10:45:00,61.574,98.79,4.521,1445.919,224.724,116.61,32.491,44.998,91.0,0,34.75,0.2034,0,79.661,73,Continue Monitoring,Normal
M-012,2024-01-02 11:00:00,61.953,107.384,3.553,1254.575,225.511,100.775,30.93,42.035,90.0,0,35.0,0.1154,0,88.458,80,Continue Monitoring,Normal
M-012,2024-01-02 11:15:00,61.86,100.572,4.798,1281.694,228.38,98.562,41.178,59.165,89.0,0,35.25,0.1031,0,89.688,81,Continue Monitoring,Normal
M-012,2024-01-02 11:30:00,64.334,103.032,6.694,1380.233,230.868,108.103,26.487,46.504,88.0,0,35.5,0.1818,0,81.816,75,Continue Monitoring,Normal
M-012,2024-01-02 11:45:00,63.121,102.931,6.559,1182.84,230.83,95.03,24.199,34.699,87.0,0,35.75,0.1042,0,89.58,81,Continue Monitoring,Normal
M-012,2024-01-02 12:00:00,56.937,104.03,8.475,1249.799,227.487,102.553,22.634,71.197,86.0,0,36.0,0.217,0,78.303,72,Continue Monitoring,Normal
M-012,2024-01-02 12:15:00,66.113,101.209,5.499,1239.746,223.84,103.4,31.586,46.623,85.0,0,36.25,0.13,0,87.0,79,Continue Monitoring,Normal
M-012,2024-01-02 12:30:00,54.717,106.388,7.045,1329.797,224.568,91.873,29.167,47.792,84.0,0,36.5,0.1047,0,89.535,81,Continue Monitoring,Normal
M-012,2024-01-02 12:45:00,63.311,102.546,7.798,1402.068,231.162,105.626,36.203,56.921,83.0,0,36.75,0.209,0,79.103,73,Continue Monitoring,Normal
M-012,2024-01-02 13:00:00,52.828,99.189,5.527,1319.905,223.293,107.226,35.437,64.944,82.0,0,37.0,0.1513,0,84.874,77,Continue Monitoring,Normal
M-012,2024-01-02 13:15:00,66.879,94.439,5.079,1652.303,228.608,104.648,29.686,53.229,81.0,0,37.25,0.1369,0,86.307,79,Continue Monitoring,Normal
M-012,2024-01-02 13:30:00,52.658,96.955,6.616,1224.056,223.736,121.078,27.928,57.431,80.0,0,37.5,0.251,0,74.899,69,Continue Monitoring,Normal
M-012,2024-01-02 13:45:00,61.372,100.836,6.119,1468.739,226.732,94.247,28.738,53.742,79.0,0,37.75,0.0836,0,91.645,83,Continue Monitoring,Normal
M-012,2024-01-02 14:00:00,59.556,100.382,7.691,1390.374,226.327,103.946,16.421,64.014,78.0,0,38.0,0.1957,0,80.434,74,Continue Monitoring,Normal
M-012,2024-01-02 14:15:00,62.426,95.678,7.21,1415.523,228.732,107.009,31.205,66.432,77.0,0,38.25,0.1949,0,80.514,74,Continue Monitoring,Normal
M-012,2024-01-02 14:30:00,59.308,99.638,5.963,1480.505,220.296,109.244,29.329,67.303,76.0,0,38.5,0.1625,0,83.753,77,Continue Monitoring,Normal
M-012,2024-01-02 14:45:00,57.492,98.435,6.932,1408.924,221.887,108.07,18.096,51.61,75.0,0,38.75,0.1905,0,80.953,74,Continue Monitoring,Normal
M-012,2024-01-02 15:00:00,54.461,100.405,7.422,1421.246,229.353,101.495,32.778,59.54,74.0,0,39.0,0.1721,0,82.79,76,Continue Monitoring,Normal
M-012,2024-01-02 15:15:00,60.481,101.589,9.792,1324.47,227.337,106.031,31.058,61.895,73.0,0,39.25,0.2851,0,71.495,67,Continue Monitoring,Normal
M-012,2024-01-02 15:30:00,59.626,86.658,9.041,1302.648,224.013,102.345,24.32,62.319,72.0,0,39.5,0.2368,0,76.324,71,Continue Monitoring,Normal
M-012,2024-01-02 15:45:00,60.93,95.001,7.116,1391.85,227.421,94.594,24.142,67.611,71.0,0,39.75,0.1224,0,87.758,80,Continue Monitoring,Normal
M-012,2024-01-02 16:00:00,58.715,94.174,6.096,1393.513,224.245,102.597,22.757,68.48,70.0,0,40.0,0.1291,0,87.091,79,Continue Monitoring,Normal
M-012,2024-01-02 16:15:00,66.762,90.882,4.762,1535.788,229.144,89.252,33.775,77.465,69.0,0,40.25,0.0514,0,94.86,85,Continue Monitoring,Normal
M-012,2024-01-02 16:30:00,58.207,101.078,6.703,1463.002,222.173,111.254,33.845,78.617,68.0,0,40.5,0.1997,0,80.033,74,Continue Monitoring,Normal
M-012,2024-01-02 16:45:00,67.636,96.034,11.319,1597.11,225.848,97.357,19.614,47.15,67.0,0,40.75,0.2934,0,70.658,66,Continue Monitoring,Normal
M-012,2024-01-02 17:00:00,58.371,99.914,7.664,1371.134,223.713,102.623,33.552,52.987,66.0,0,41.0,0.1873,0,81.269,75,Continue Monitoring,Normal
M-012,2024-01-02 17:15:00,63.753,96.401,5.809,1644.964,223.128,97.567,33.827,62.44,65.0,0,41.25,0.0976,0,90.24,82,Continue Monitoring,Normal
M-012,2024-01-02 17:30:00,64.253,91.664,8.15,1724.683,220.118,107.086,23.958,88.856,64.0,0,41.5,0.2957,0,70.431,66,Continue Monitoring,Normal
M-012,2024-01-02 17:45:00,67.858,95.782,5.308,1355.164,226.037,95.159,20.643,62.057,63.0,0,41.75,0.0842,0,91.578,83,Continue Monitoring,Normal
M-012,2024-01-02 18:00:00,63.728,95.793,6.427,1593.302,221.103,109.173,29.876,67.929,62.0,0,42.0,0.1779,0,82.212,75,Continue Monitoring,Normal
M-012,2024-01-02 18:15:00,68.233,93.005,6.132,1289.552,217.521,103.645,27.909,50.96,61.0,0,42.25,0.1362,0,86.376,79,Continue Monitoring,Normal
M-012,2024-01-02 18:30:00,60.346,98.661,8.298,1349.908,222.139,107.809,24.759,53.578,60.0,0,42.5,0.2396,0,76.038,70,Continue Monitoring,Normal
M-012,2024-01-02 18:45:00,62.817,97.085,8.741,1422.042,224.735,105.012,22.434,58.482,59.0,0,42.75,0.2405,0,75.952,70,Continue Monitoring,Normal
M-012,2024-01-02 19:00:00,59.466,97.027,9.276,1469.859,221.293,112.529,35.746,50.043,58.0,0,43.0,0.302,0,69.796,65,Continue Monitoring,Normal
M-012,2024-01-02 19:15:00,64.298,93.089,6.038,1574.103,221.027,101.455,27.808,45.976,57.0,0,43.25,0.1206,0,87.94,80,Continue Monitoring,Normal
M-012,2024-01-02 19:30:00,57.045,95.752,6.096,1792.439,228.927,101.781,42.419,69.87,56.0,0,43.5,0.1246,0,87.545,80,Continue Monitoring,Normal
M-012,2024-01-02 19:45:00,63.083,84.988,8.111,1548.278,224.19,103.815,21.491,55.799,55.0,0,43.75,0.2105,0,78.952,73,Continue Monitoring,Normal
M-012,2024-01-02 20:00:00,68.897,91.412,6.658,1370.25,223.053,97.723,33.835,52.252,54.0,0,44.0,0.1228,0,87.718,80,Continue Monitoring,Normal
M-012,2024-01-02 20:15:00,65.306,98.714,6.748,1507.535,224.419,93.1,35.801,69.006,53.0,0,44.25,0.1005,0,89.952,81,Continue Monitoring,Normal
M-012,2024-01-02 20:30:00,69.017,81.844,6.829,1415.248,225.916,113.055,30.597,46.46,52.0,0,44.5,0.2143,0,78.566,72,Continue Monitoring,Normal
M-012,2024-01-02 20:45:00,73.338,90.949,9.735,1607.177,223.946,102.555,36.685,63.952,51.0,0,44.75,0.2636,0,73.637,68,Continue Monitoring,Normal
M-012,2024-01-02 21:00:00,73.584,92.036,7.156,1653.823,226.634,112.984,29.047,38.625,50.0,0,45.0,0.2261,0,77.393,71,Continue Monitoring,Normal
M-012,2024-01-02 21:15:00,71.517,86.962,7.286,1575.319,217.933,108.564,41.12,53.357,49.0,0,45.25,0.2063,0,79.367,73,Continue Monitoring,Normal
M-012,2024-01-02 21:30:00,71.811,98.129,8.46,1518.351,222.777,109.412,36.775,67.866,48.0,0,45.5,0.2545,0,74.549,69,Continue Monitoring,Normal
M-012,2024-01-02 21:45:00,58.15,88.286,7.169,1480.125,210.845,101.057,28.129,49.673,47.0,0,45.75,0.1603,0,83.971,77,Continue Monitoring,Normal
M-012,2024-01-02 22:00:00,65.733,90.78,7.763,1551.653,225.939,106.631,22.901,42.841,46.0,0,46.0,0.2132,0,78.677,72,Continue Monitoring,Normal
M-012,2024-01-02 22:15:00,69.369,93.808,6.144,1685.003,221.985,120.269,30.453,46.226,45.0,0,46.25,0.2291,0,77.095,71,Continue Monitoring,Normal
M-012,2024-01-02 22:30:00,73.674,92.599,6.756,1479.111,223.187,106.851,18.994,54.84,44.0,0,46.5,0.1772,0,82.281,75,Continue Monitoring,Normal
M-012,2024-01-02 22:45:00,68.696,85.574,6.834,1777.705,225.081,113.124,29.692,57.305,43.0,0,46.75,0.2149,0,78.508,72,Continue Monitoring,Normal
M-012,2024-01-02 23:00:00,72.161,86.649,6.074,1555.52,225.537,114.124,21.583,50.902,42.0,0,47.0,0.1923,0,80.767,74,Continue Monitoring,Normal
M-012,2024-01-02 23:15:00,70.685,89.353,6.607,1801.349,221.153,108.19,29.393,39.081,41.0,0,47.25,0.1791,0,82.092,75,Continue Monitoring,Normal
M-012,2024-01-02 23:30:00,73.265,92.871,9.434,1498.862,216.53,107.202,34.69,51.918,40.0,0,47.5,0.2783,0,72.17,67,Continue Monitoring,Normal
M-012,2024-01-02 23:45:00,76.092,85.481,6.586,1376.645,220.534,91.707,36.019,62.808,39.0,0,47.75,0.0868,0,91.324,83,Continue Monitoring,Normal
M-012,2024-01-03 00:00:00,74.479,84.913,7.928,1866.49,222.264,115.242,25.102,37.463,38.0,0,48.0,0.2672,0,73.28,68,Continue Monitoring,Normal
M-012,2024-01-03 00:15:00,74.183,83.573,10.587,1663.002,223.312,103.806,18.745,59.328,37.0,0,48.25,0.3021,0,69.786,65,Continue Monitoring,Normal
M-012,2024-01-03 00:30:00,70.523,90.314,8.052,1657.597,218.233,106.079,22.295,52.039,36.0,0,48.5,0.2209,0,77.91,72,Continue Monitoring,Normal
M-012,2024-01-03 00:45:00,77.863,89.131,6.651,1903.705,216.556,96.404,27.497,40.228,35.0,0,48.75,0.1153,0,88.474,80,Continue Monitoring,Normal
M-012,2024-01-03 01:00:00,80.527,91.074,7.504,1712.593,221.783,122.032,29.503,34.846,34.0,0,49.0,0.2939,0,70.612,66,Continue Monitoring,Normal
M-012,2024-01-03 01:15:00,77.493,81.234,7.431,1785.055,222.018,109.487,31.874,51.527,33.0,0,49.25,0.2168,0,78.317,72,Continue Monitoring,Normal
M-012,2024-01-03 01:30:00,82.963,90.399,7.05,1377.237,223.02,111.093,28.892,32.444,32.0,0,49.5,0.238,0,76.204,70,Continue Monitoring,Normal
M-012,2024-01-03 01:45:00,81.688,88.265,7.459,1648.719,221.309,99.536,31.349,30.941,31.0,0,49.75,0.1776,0,82.243,75,Continue Monitoring,Normal
